Address,Status,Indexability,Title 1
https://www.edc.ca/en.html,Moved Permanently,Non-Indexable,
https://www.edc.ca/en/about-us.html,OK,Indexable,About us | EDC
https://www.edc.ca/en/about-us/careers.html,OK,Indexable,Careers | EDC
https://www.edc.ca/en/about-us/careers/faqs.html,OK,Indexable,Careers FAQ | EDC
https://www.edc.ca/en/about-us/careers/inclusive-culture.html,OK,Indexable,An Inclusive Culture | EDC
https://www.edc.ca/en/about-us/careers/life-at-edc.html,OK,Indexable,Life at EDC  | EDC
https://www.edc.ca/en/about-us/careers/students.html,OK,Indexable,Student Programs | EDC
https://www.edc.ca/en/about-us/careers/students/scholarships.html,OK,Indexable,Scholarships | EDC
https://www.edc.ca/en/about-us/careers/welcome-edc-contract.html,OK,Non-Indexable,welcome-edc-contract
https://www.edc.ca/en/about-us/careers/welcome-edc.html,OK,Non-Indexable,welcome-edc
https://www.edc.ca/en/about-us/careers/welcome-findev-contract.html,OK,Non-Indexable,Welcome to FinDev Canada | EDC
https://www.edc.ca/en/about-us/careers/welcome-findev.html,OK,Indexable,Welcome to FinDev Canada
https://www.edc.ca/en/about-us/careers/welcome-singapore.html,OK,Non-Indexable,Welcome to EDC – Singapore office
https://www.edc.ca/en/about-us/corporate-governance.html,Moved Permanently,Non-Indexable,
https://www.edc.ca/en/about-us/corporate-governance/transparency-disclosure.html,OK,Indexable,Corporate Reports | EDC
https://www.edc.ca/en/about-us/corporate-governance/transparency-disclosure/2030-strategy.html,OK,Indexable,Strategy positions Canada as international trade leader | EDC
https://www.edc.ca/en/about-us/corporate-governance/transparency-disclosure/2030-strategy/ceo-introduces-new-corporate-strategy.html,OK,Indexable,EDC’s CEO: Canada international trade leader by 2030 | EDC
https://www.edc.ca/en/about-us/corporate-governance/transparency-disclosure/annual-public-meeting.html,OK,Indexable,EDC’s 2026 Annual Public Meeting | EDC
https://www.edc.ca/en/about-us/corporate-governance/transparency-disclosure/annual-report.html,Moved Permanently,Non-Indexable,
https://www.edc.ca/en/about-us/corporate-governance/transparency-disclosure/annual-report/2018.html,OK,Indexable,2018 Annual Report | EDC
https://www.edc.ca/en/about-us/corporate-governance/transparency-disclosure/annual-report/2018/go-global.html,OK,Indexable,Go | EDC
https://www.edc.ca/en/about-us/corporate-governance/transparency-disclosure/annual-report/2018/grow.html,OK,Indexable,Grow | EDC
https://www.edc.ca/en/about-us/corporate-governance/transparency-disclosure/annual-report/2018/leaders.html,OK,Indexable,Lead | EDC
https://www.edc.ca/en/about-us/corporate-governance/transparency-disclosure/annual-report/2018/message-chair.html,OK,Indexable,A Message from the Chair | EDC
https://www.edc.ca/en/about-us/corporate-governance/transparency-disclosure/annual-report/2018/message-president-ceo.html,OK,Indexable,A Message from the President and CEO | EDC
https://www.edc.ca/en/about-us/corporate-governance/transparency-disclosure/annual-report/2018/succeed.html,OK,Indexable,Succeed | EDC
https://www.edc.ca/en/about-us/corporate-governance/transparency-disclosure/annual-report/2019.html,OK,Indexable,EDC’s 2019 Annual Report | EDC
https://www.edc.ca/en/about-us/corporate-governance/transparency-disclosure/annual-report/2019/champion-trade-enablement-2019.html,OK,Indexable,EDC championed trade enablement in 2019 | EDC
https://www.edc.ca/en/about-us/corporate-governance/transparency-disclosure/annual-report/2019/champion-trade-enablement-2019/advancing-trade-diversification-2019.html,OK,Indexable,How EDC advanced trade diversification in 2019 | EDC
https://www.edc.ca/en/about-us/corporate-governance/transparency-disclosure/annual-report/2019/champion-trade-enablement-2019/long-term-focus-2019.html,OK,Indexable,How EDC’s long-term focus evolved in 2019 | EDC
https://www.edc.ca/en/about-us/corporate-governance/transparency-disclosure/annual-report/2019/champion-trade-enablement-2019/meeting-export-needs-2019.html,OK,Indexable,EDC’s new initiatives in 2019 | EDC
https://www.edc.ca/en/about-us/corporate-governance/transparency-disclosure/annual-report/2019/champion-trade-enablement-2019/trade-environment-2019.html,OK,Indexable,EDC looks at the global trade environment | EDC
https://www.edc.ca/en/about-us/corporate-governance/transparency-disclosure/annual-report/2019/champion-trade-enablement-2019/trade-opportunities-2019.html,OK,Indexable,Trade opportunities created by EDC in 2019 | EDC
https://www.edc.ca/en/about-us/corporate-governance/transparency-disclosure/annual-report/2019/champion-trade-enablement-2019/vision-strategy-2019.html,OK,Indexable,EDC’s vision and strategy for 2019 | EDC
https://www.edc.ca/en/about-us/corporate-governance/transparency-disclosure/annual-report/2019/corporate-governance-2019.html,OK,Indexable,EDC’s corporate governance in 2019 | EDC
https://www.edc.ca/en/about-us/corporate-governance/transparency-disclosure/annual-report/2019/partner-canadian-exporters-2019.html,OK,Indexable,EDC partnered with Canadians in 2019 | EDC
https://www.edc.ca/en/about-us/corporate-governance/transparency-disclosure/annual-report/2019/partner-canadian-exporters-2019/2019-csr-highlights.html,OK,Indexable,EDC’s corporate sustainability and responsibility highlights from 2019 | EDC
https://www.edc.ca/en/about-us/corporate-governance/transparency-disclosure/annual-report/2019/partner-canadian-exporters-2019/about-this-report-2019.html,OK,Indexable,About the 2019 EDC annual report | EDC
https://www.edc.ca/en/about-us/corporate-governance/transparency-disclosure/annual-report/2019/partner-canadian-exporters-2019/chair-message-2019.html,OK,Indexable,2019 message from EDC Board Chair | EDC
https://www.edc.ca/en/about-us/corporate-governance/transparency-disclosure/annual-report/2019/partner-canadian-exporters-2019/message-from-ceo.html,OK,Indexable,Message from the President and CEO | EDC
https://www.edc.ca/en/about-us/corporate-governance/transparency-disclosure/annual-report/2019/partner-canadian-exporters-2019/performance-against-objectives-2019.html,OK,Indexable,EDC’s performance in 2019 | EDC
https://www.edc.ca/en/about-us/corporate-governance/transparency-disclosure/annual-report/2019/partner-canadian-exporters-2019/regional-highlights-2019.html,OK,Indexable,Foreign markets that saw heavy EDC-enabled activity 2019 | EDC
https://www.edc.ca/en/about-us/corporate-governance/transparency-disclosure/annual-report/2019/responsible-sustainable-business-2019.html,OK,Indexable,EDC promoted responsible and sustainable business in 2019 | EDC
https://www.edc.ca/en/about-us/corporate-governance/transparency-disclosure/annual-report/2019/responsible-sustainable-business-2019/climate-change-disclosure-2019.html,OK,Indexable,EDC’s climate change initiatives in 2019 | EDC
https://www.edc.ca/en/about-us/corporate-governance/transparency-disclosure/annual-report/2019/responsible-sustainable-business-2019/creating-great-workplace-2019.html,OK,Indexable,How we made the EDC workplace even better in 2019 | EDC
https://www.edc.ca/en/about-us/corporate-governance/transparency-disclosure/annual-report/2019/responsible-sustainable-business-2019/csr-vision-framework-2019.html,OK,Indexable,EDC’s 2019 corporate social responsibility vision and framework | EDC
https://www.edc.ca/en/about-us/corporate-governance/transparency-disclosure/annual-report/2019/responsible-sustainable-business-2019/disclosure-and-transparency-2019.html,OK,Indexable,EDC’s disclosure and transparency efforts in 2019 | EDC
https://www.edc.ca/en/about-us/corporate-governance/transparency-disclosure/annual-report/2019/responsible-sustainable-business-2019/engaging-with-stakeholders-2019.html,OK,Indexable,How EDC worked with its stakeholders in 2019 | EDC
https://www.edc.ca/en/about-us/corporate-governance/transparency-disclosure/annual-report/2019/responsible-sustainable-business-2019/human-rights-disclosure-2019.html,OK,Indexable,EDC’s human rights efforts in 2019 | EDC
https://www.edc.ca/en/about-us/corporate-governance/transparency-disclosure/annual-report/2019/responsible-sustainable-business-2019/prioritizing-risk-management-2019.html,OK,Indexable,EDC’s risk management work in 2019 | EDC
https://www.edc.ca/en/about-us/corporate-governance/transparency-disclosure/annual-report/2019/responsible-sustainable-business-2019/promoting-business-integrity-2019.html,OK,Indexable,How EDC promoted business integrity in 2019 | EDC
https://www.edc.ca/en/about-us/corporate-governance/transparency-disclosure/annual-report/2019/responsible-sustainable-business-2019/protecting-environment-people-2019.html,OK,Indexable,How EDC protected people and the environment in 2019 | EDC
https://www.edc.ca/en/about-us/corporate-governance/transparency-disclosure/annual-report/2019/responsible-sustainable-business-2019/strengthen-communities-2019.html,OK,Indexable,How EDC gave back in 2019 | EDC
https://www.edc.ca/en/about-us/corporate-governance/transparency-disclosure/annual-report/2020.html,OK,Indexable,Export Development Canada Annual Report 2020 | EDC
https://www.edc.ca/en/about-us/corporate-governance/transparency-disclosure/annual-report/2020/chair-message.html,OK,Indexable,Board Chair message Annual Report 2020 | EDC
https://www.edc.ca/en/about-us/corporate-governance/transparency-disclosure/annual-report/2020/highlights.html,OK,Indexable,Highlights Annual Report 2020 | EDC
https://www.edc.ca/en/about-us/corporate-governance/transparency-disclosure/annual-report/2020/president-ceo-message.html,OK,Indexable,President and CEO message Annual Report 2020 | EDC
https://www.edc.ca/en/about-us/corporate-governance/transparency-disclosure/annual-report/2020/senior-vp-sustainable-business-message.html,OK,Indexable,Senior VP Sustainable Business Message Annual Report 2020 | EDC
https://www.edc.ca/en/about-us/corporate-governance/transparency-disclosure/annual-report/2020/standing-up-champion-people-planet.html,OK,Indexable,EDC champions people and the planet  | EDC
https://www.edc.ca/en/about-us/corporate-governance/transparency-disclosure/annual-report/2020/stepping-up-supporting-canadian-business.html,OK,Indexable,Supporting Canadian business domestically and abroad | EDC
https://www.edc.ca/en/about-us/corporate-governance/transparency-disclosure/annual-report/2021.html,OK,Indexable,Export Development Canada Annual Report 2021 | EDC
https://www.edc.ca/en/about-us/corporate-governance/transparency-disclosure/annual-report/2021/chair-message.html,OK,Indexable,Board Chair message Annual Report 2021 | EDC
https://www.edc.ca/en/about-us/corporate-governance/transparency-disclosure/annual-report/2021/chief-corporate-sustainability-officer-message.html,OK,Indexable,Chief Corporate Sustainability Officer message Annual Report 2021 | EDC
https://www.edc.ca/en/about-us/corporate-governance/transparency-disclosure/annual-report/2021/customers-first.html,OK,Indexable,Customers first Annual Report 2021 | EDC
https://www.edc.ca/en/about-us/corporate-governance/transparency-disclosure/annual-report/2021/future-focused.html,OK,Indexable,Future focused Annual Report 2021 | EDC
https://www.edc.ca/en/about-us/corporate-governance/transparency-disclosure/annual-report/2021/performance.html,OK,Indexable,Performance Annual Report 2021 | EDC
https://www.edc.ca/en/about-us/corporate-governance/transparency-disclosure/annual-report/2021/president-ceo-message.html,OK,Indexable,President and CEO message Annual Report 2021 | EDC
https://www.edc.ca/en/about-us/corporate-governance/transparency-disclosure/annual-report/2021/values-led.html,OK,Indexable,Values led Annual Report 2021 | EDC
https://www.edc.ca/en/about-us/corporate-governance/transparency-disclosure/annual-report/2022.html,OK,Indexable,Export Development Canada Annual Report 2022 | EDC
https://www.edc.ca/en/about-us/corporate-governance/transparency-disclosure/annual-report/2022/accelerating-success.html,OK,Indexable,Accelerating success Annual Report 2022 | EDC
https://www.edc.ca/en/about-us/corporate-governance/transparency-disclosure/annual-report/2022/chair-message.html,OK,Indexable,Message from the chair Annual Report 2022 | EDC
https://www.edc.ca/en/about-us/corporate-governance/transparency-disclosure/annual-report/2022/chief-sustainability-officer-message.html,OK,Indexable,Q&A with the chief sustainability officer | EDC
https://www.edc.ca/en/about-us/corporate-governance/transparency-disclosure/annual-report/2022/economy-of-the-future.html,OK,Indexable,Economy of the future Annual Report 2022 | EDC
https://www.edc.ca/en/about-us/corporate-governance/transparency-disclosure/annual-report/2022/embedding-esg.html,OK,Indexable,Embedding ESG Report 2022 | EDC
https://www.edc.ca/en/about-us/corporate-governance/transparency-disclosure/annual-report/2022/performance.html,OK,Indexable,Performance Annual Report 2022 | EDC
https://www.edc.ca/en/about-us/corporate-governance/transparency-disclosure/annual-report/2022/president-ceo-message.html,OK,Indexable,President and CEO message Annual Report 2022 | EDC
https://www.edc.ca/en/about-us/corporate-governance/transparency-disclosure/annual-report/2023.html,OK,Non-Indexable,2023 Integrated Annual Report | EDC
https://www.edc.ca/en/about-us/corporate-governance/transparency-disclosure/annual-report/2023/board-chair-message.html,OK,Non-Indexable,Board Chair message − Annual Report 2023 | EDC
https://www.edc.ca/en/about-us/corporate-governance/transparency-disclosure/annual-report/2023/chief-risk-sustainability-officer-message.html,OK,Non-Indexable,Chief Risk and Sustainability Officer message − Annual Report 2023 | EDC
https://www.edc.ca/en/about-us/corporate-governance/transparency-disclosure/annual-report/2023/inclusion.html,OK,Non-Indexable,Inclusion − Annual Report 2023 | EDC
https://www.edc.ca/en/about-us/corporate-governance/transparency-disclosure/annual-report/2023/passion-for-customers.html,OK,Non-Indexable,Passion for customers − Annual Report 2023 | EDC
https://www.edc.ca/en/about-us/corporate-governance/transparency-disclosure/annual-report/2023/performance.html,OK,Non-Indexable,Performance − Annual Report 2023 | EDC
https://www.edc.ca/en/about-us/corporate-governance/transparency-disclosure/annual-report/2023/president-ceo-message.html,OK,Non-Indexable,President and CEO message − Annual Report 2023 | EDC
https://www.edc.ca/en/about-us/corporate-governance/transparency-disclosure/annual-report/2023/sustainability.html,OK,Non-Indexable,Sustainability  − Annual Report 2023 | EDC
https://www.edc.ca/en/about-us/corporate-governance/transparency-disclosure/annual-report/2024.html,OK,Non-Indexable,2024 Annual Report | EDC
https://www.edc.ca/en/about-us/corporate-governance/transparency-disclosure/annual-report/2025.html,OK,Indexable,2025 Annual Report | EDC
https://www.edc.ca/en/about-us/corporate.html,Found,Non-Indexable,
https://www.edc.ca/en/about-us/corporate/disclosure.html,OK,Indexable,Transparency and disclosure | EDC
https://www.edc.ca/en/about-us/corporate/disclosure/access-information-privacy.html,OK,Indexable,Access to Information and Privacy | EDC
https://www.edc.ca/en/about-us/corporate/disclosure/info-source.html,OK,Indexable,Welcome to Info Source | EDC
https://www.edc.ca/en/about-us/corporate/disclosure/public-queries.html,OK,Indexable,EDC responds to public queries | EDC
https://www.edc.ca/en/about-us/corporate/disclosure/public-servants-disclosure-protection-act.html,OK,Indexable,Public Servants Disclosure Protection Act | EDC
https://www.edc.ca/en/about-us/corporate/disclosure/reporting-transactions.html,OK,Indexable,Reporting on transactions | EDC
https://www.edc.ca/en/about-us/corporate/disclosure/reporting-transactions/canada-account.html,OK,Indexable,Canada Account | EDC
https://www.edc.ca/en/about-us/corporate/disclosure/reporting-transactions/canadian-industry-sub-sector-2013.html,OK,Indexable,Aggregate Business Volume by Sector 2013 | EDC
https://www.edc.ca/en/about-us/corporate/disclosure/reporting-transactions/canadian-industry-sub-sector-2014.html,OK,Indexable,Aggregate Business Volume by Sector 2014 | EDC
https://www.edc.ca/en/about-us/corporate/disclosure/reporting-transactions/canadian-industry-sub-sector-2015.html,OK,Indexable,Aggregate Business Volume by Sector 2015 | EDC
https://www.edc.ca/en/about-us/corporate/disclosure/reporting-transactions/canadian-industry-sub-sector-2016.html,OK,Indexable,Aggregate Business Volume by Sector 2016 | EDC
https://www.edc.ca/en/about-us/corporate/disclosure/reporting-transactions/canadian-industry-sub-sector-2017.html,OK,Indexable,Aggregate Business Volume by Sector 2017 | EDC
https://www.edc.ca/en/about-us/corporate/disclosure/reporting-transactions/canadian-industry-sub-sector-2018.html,OK,Indexable,Aggregate Business Volume by Sector 2018 | EDC
https://www.edc.ca/en/about-us/corporate/disclosure/reporting-transactions/canadian-industry-sub-sector-2019.html,OK,Indexable,Aggregate Business Volume by Sector 2019 | EDC
https://www.edc.ca/en/about-us/corporate/disclosure/reporting-transactions/canadian-industry-sub-sector-2020.html,OK,Indexable,Aggregate Business Volume by Sector 2020 | EDC
https://www.edc.ca/en/about-us/corporate/disclosure/reporting-transactions/canadian-industry-sub-sector-2021.html,OK,Indexable,Aggregate Business Volume by Sector 2021 | EDC
https://www.edc.ca/en/about-us/corporate/disclosure/reporting-transactions/canadian-industry-sub-sector-2022.html,OK,Indexable,Aggregate Business Volume by Sector 2022 | EDC
https://www.edc.ca/en/about-us/corporate/disclosure/reporting-transactions/canadian-industry-sub-sector-2023.html,OK,Indexable,Canadian industry sectors 2023 | EDC
https://www.edc.ca/en/about-us/corporate/disclosure/reporting-transactions/canadian-industry-sub-sector-2024.html,OK,Indexable,Canadian industry sectors 2024 | EDC
https://www.edc.ca/en/about-us/corporate/disclosure/reporting-transactions/canadian-industry-sub-sector-2025.html,OK,Indexable,Canadian industry sectors 2025 | EDC
https://www.edc.ca/en/about-us/corporate/disclosure/reporting-transactions/canadian-volume.html,OK,Indexable,Business Facilitated by Region (Canada) | EDC
https://www.edc.ca/en/about-us/corporate/disclosure/reporting-transactions/category-a-prior.html,OK,Indexable,Category A projects where prior disclosure was less than 30 days | EDC
https://www.edc.ca/en/about-us/corporate/disclosure/reporting-transactions/category-a.html,OK,Indexable,Category A Projects under consideration | EDC
https://www.edc.ca/en/about-us/corporate/disclosure/reporting-transactions/heavily-indebted-countries.html,OK,Indexable,Heavily Indebted Poor Countries | EDC
https://www.edc.ca/en/about-us/corporate/disclosure/reporting-transactions/historic-individual-transactions.html,OK,Indexable,Historical Individual Transaction Information | EDC
https://www.edc.ca/en/about-us/corporate/disclosure/reporting-transactions/individual-transaction-information.html,OK,Indexable,Individual transaction information | EDC
https://www.edc.ca/en/about-us/corporate/disclosure/reporting-transactions/regional-volume.html,OK,Indexable,Business Facilitated by Region (International) | EDC
https://www.edc.ca/en/about-us/corporate/disclosure/reporting-transactions/signed-category-a-after-november-2010.html,OK,Indexable,"Signed Category A projects after November 1, 2010"
https://www.edc.ca/en/about-us/corporate/disclosure/reporting-transactions/signed-category-a-prior-november-2010.html,OK,Indexable,"Signed Category A Projects prior to November 1, 2010 | EDC"
https://www.edc.ca/en/about-us/corporate/disclosure/reporting-transactions/signed-category-b.html,OK,Indexable,Signed Category B Projects | EDC
https://www.edc.ca/en/about-us/corporate/disclosure/travel-hospitality-expenses.html,OK,Indexable,Travel and Hospitality | EDC
https://www.edc.ca/en/about-us/corporate/disclosure/travel-hospitality-expenses/historic-travel-hospitality-expenses.html,OK,Indexable,Historical Travel and Hospitality Expenses | EDC
https://www.edc.ca/en/about-us/corporate/findev-development-finance-institution.html,OK,Indexable,Development Finance Institution - FinDev Canada | EDC
https://www.edc.ca/en/about-us/corporate/management-governance.html,OK,Indexable,Management and governance | EDC
https://www.edc.ca/en/about-us/corporate/management-governance/audits.html,OK,Indexable,Audits | EDC
https://www.edc.ca/en/about-us/corporate/management-governance/disclosure-of-wrongdoing.html,OK,Indexable,Disclosure of wrongdoing | EDC
https://www.edc.ca/en/about-us/corporate/procurement.html,OK,Indexable,For suppliers | EDC
https://www.edc.ca/en/about-us/esg.html,OK,Indexable,ESG at EDC | EDC
https://www.edc.ca/en/about-us/esg/agreements-memberships.html,OK,Indexable,Agreements and memberships | EDC
https://www.edc.ca/en/about-us/esg/environment.html,OK,Indexable,Environment | EDC
https://www.edc.ca/en/about-us/esg/environment/net-zero.html,OK,Indexable,Net zero | EDC
https://www.edc.ca/en/about-us/esg/environment/operational-footprint.html,OK,Indexable,Operational footprint | EDC
https://www.edc.ca/en/about-us/esg/environment/priority-sectors.html,OK,Indexable,Priority sectors | EDC
https://www.edc.ca/en/about-us/esg/equator-principles.html,OK,Indexable,Equator Principles | EDC
https://www.edc.ca/en/about-us/esg/esg-governance.html,OK,Indexable,ESG Governance | EDC
https://www.edc.ca/en/about-us/esg/esg-governance/business-integrity.html,OK,Indexable,Business integrity | EDC
https://www.edc.ca/en/about-us/esg/esg-governance/esg-advisory-council.html,OK,Indexable,ESG Advisory Council | EDC
https://www.edc.ca/en/about-us/esg/esg-governance/policies-and-reports.html,OK,Indexable,Policies and reports | EDC
https://www.edc.ca/en/about-us/esg/esg-governance/stakeholder-engagement.html,OK,Indexable,Stakeholder engagement | EDC
https://www.edc.ca/en/about-us/esg/esg-governance/stakeholder-engagement/policy-review-feedback.html,OK,Indexable,Policy review feedback | EDC
https://www.edc.ca/en/about-us/esg/esg-governance/stakeholder-engagement/policy-review.html,OK,Indexable,Policy review | EDC
https://www.edc.ca/en/about-us/esg/esg-metrics.html,OK,Indexable,ESG metrics | EDC
https://www.edc.ca/en/about-us/esg/risk-management.html,OK,Indexable,Risk management | EDC
https://www.edc.ca/en/about-us/esg/social.html,OK,Indexable,Social impact | EDC
https://www.edc.ca/en/about-us/esg/social/human-rights.html,OK,Indexable,Human rights | EDC
https://www.edc.ca/en/about-us/esg/social/inclusion-diversity-and-equity.html,OK,Indexable,"Inclusion, diversity and equity | EDC"
https://www.edc.ca/en/about-us/esg/social/inclusive-trade.html,OK,Indexable,Inclusive trade | EDC
https://www.edc.ca/en/about-us/esg/social/our-communities.html,OK,Indexable,Our communities | EDC
https://www.edc.ca/en/about-us/esg/sustainable-finance.html,OK,Indexable,Sustainable finance | EDC
https://www.edc.ca/en/about-us/investors.html,OK,Indexable,Investor relations | EDC
https://www.edc.ca/en/about-us/investors/access-denied.html,OK,Indexable,Restrictions on Access | Export Development Canada
https://www.edc.ca/en/about-us/investors/debt-issuance-programmes.html,OK,Non-Indexable,Debt Issuance Programmes | EDC
https://www.edc.ca/en/about-us/investors/restrictions-on-access.html,OK,Indexable,Investor relations | EDC
https://www.edc.ca/en/about-us/investors/risk-weighting.html,OK,Indexable,Risk and Risk Weighting | EDC
https://www.edc.ca/en/about-us/investors/sustainable-bonds.html,OK,Indexable,Sustainable Bonds | EDC
https://www.edc.ca/en/about-us/news.html,OK,Indexable,Newsroom | EDC
https://www.edc.ca/en/about-us/news/2015-year-end-results.html,OK,Indexable,Canadian exporters and investors working hard to maintain international business amid slowing global economy: EDC 2015 corporate results | EDC
https://www.edc.ca/en/about-us/news/2016-year-end-results.html,OK,Indexable,EDC reports record levels of support for Canadian companies in 2016 | EDC
https://www.edc.ca/en/about-us/news/2018-highlights.html,OK,Indexable,EDC helps move the needle on Canadian trade in 2018 | EDC
https://www.edc.ca/en/about-us/news/2019-cleantech-export-stars.html,OK,Indexable,Spotlight on Canadian cleantech: EDC announces 2019 Export Stars and Ones to Watch | EDC
https://www.edc.ca/en/about-us/news/2020-cleantech-export-stars.html,OK,Indexable,Recognizing achievements in Canadian clean technology: EDC announces 2020 Export Stars and Ones to Watch | EDC
https://www.edc.ca/en/about-us/news/2021-cleantech-export-stars.html,OK,Indexable,EDC announces 2021 Export Stars and Ones to Watch | EDC
https://www.edc.ca/en/about-us/news/2024-community-investment-day.html,OK,Indexable,2024 Community Investment Day | EDC
https://www.edc.ca/en/about-us/news/2025-integrated-annual-report.html,OK,Indexable,2025 results and sustainability performance | EDC
https://www.edc.ca/en/about-us/news/adam-chowaniec-memorial-fund.html,OK,Indexable,Startup Canada and EDC open call for submissions to the Adam Chowaniec Memorial Fund for Global Entrepreneurship | EDC
https://www.edc.ca/en/about-us/news/alberta-lte-2017.html,OK,Indexable,"Alberta energy rebound fuels national export recovery, says EDC | EDC"
https://www.edc.ca/en/about-us/news/alstom-edc-partnership.html,OK,Indexable,Alstom and Export Development Canada renew strategic sustainable partnership | EDC
https://www.edc.ca/en/about-us/news/atlanta-representation-2019.html,OK,Indexable,EDC launches its first representation in the U.S | EDC
https://www.edc.ca/en/about-us/news/bcs-exports-build-on-last-years-success.html,OK,Indexable,"BC’s exports to build on last year’s success, says EDC | EDC"
https://www.edc.ca/en/about-us/news/best-50-corp-citizen-2018.html,OK,Indexable,EDC named to Best 50 Corporate Citizens in Canada | EDC
https://www.edc.ca/en/about-us/news/best-export-credit-agency-2016.html,OK,Indexable,E​DC recognized as Best Global Export Credit Agency by Trade Finance | EDC
https://www.edc.ca/en/about-us/news/board-chair.html,OK,Indexable,Minister Champagne announces appointment of chair of Export Development Canada board | EDC
https://www.edc.ca/en/about-us/news/bombardier-investigation-edc-response.html,OK,Indexable,EDC Responds to Bombardier Update on World Bank Probe - EDC
https://www.edc.ca/en/about-us/news/brossard-quebec-office.html,OK,Indexable,EDC opens Brossard office to help more South Shore companies go global | EDC
https://www.edc.ca/en/about-us/news/buddys-kitchen.html,OK,Indexable,Buddy’s Kitchen uses CAD 850 K in EDC loan guarantees to boost capacity for international sales | EDC
https://www.edc.ca/en/about-us/news/cad-green-bond.html,OK,Indexable,Export Development Canada prices its first Green Bond in Canadian Dollars responding to rising global interest in climate financing | EDC
https://www.edc.ca/en/about-us/news/canadian-exporters-facing-risk.html,OK,Indexable,"Canadian exporters facing downpour of risk, flood of opportunity | EDC"
https://www.edc.ca/en/about-us/news/cit-launch.html,OK,Indexable,"Canadian companies now have a faster, easier way to insure their export sales | EDC"
https://www.edc.ca/en/about-us/news/cleantech-coinvestment-pyrowave-2018.html,OK,Indexable,EDC launches program to help early stage Canadian cleantech companies | EDC
https://www.edc.ca/en/about-us/news/cleantech-export-stars-2017.html,OK,Indexable,Export Development Canada recognizes three of the nation’s top cleantech companies bringing Canadian innovation to the world | EDC
https://www.edc.ca/en/about-us/news/cleantech-export-stars.html,OK,Indexable,Cleantech Exporters are exporting Canadian innovation | EDC
https://www.edc.ca/en/about-us/news/cleantech-export-week-2019.html,OK,Indexable,Cleantech Export Week: An event for Canada’s cleantech innovators and their vast ecosystem of supports | EDC
https://www.edc.ca/en/about-us/news/cleantech-export-week.html,OK,Indexable,Cleantech Export Week | EDC
https://www.edc.ca/en/about-us/news/cleantech-week-news-release.html,OK,Indexable,Canada’s call to action for Canadian clean technology: a $1 trillion opportunity | EDC
https://www.edc.ca/en/about-us/news/clear-blue-technologies.html,OK,Indexable,Clear Blue provided with financing | EDC
https://www.edc.ca/en/about-us/news/climate-change-policy-2019.html,OK,Indexable,EDC releases new Climate Change Policy | EDC
https://www.edc.ca/en/about-us/news/climate-financial-disclosure.html,OK,Indexable,EDC among the first to commit to increased climate-related financial disclosure | EDC
https://www.edc.ca/en/about-us/news/colton-international.html,OK,Indexable,Vancouver’s Colton International uses EDC CAD 1.9 M loan guarantee to grow sales in the U.S. and Asia | EDC
https://www.edc.ca/en/about-us/news/covid-19-oil-gas-support.html,OK,Indexable,EDC increasing financial capacity to support Canadian oil and gas companies | EDC
https://www.edc.ca/en/about-us/news/csr-advisory-council.html,OK,Indexable,New Members Appointed to Advisory Council on CSR | EDC
https://www.edc.ca/en/about-us/news/deloitte-mentoring.html,OK,Indexable,EDC to provide export mentoring services to winners of Deloitte Canada’s Best Managed Companies award | EDC
https://www.edc.ca/en/about-us/news/eca-alliances-2018.html,OK,Indexable,EDC forges alliances with ECAs in India and Hungary to increase opportunities for Canadian companies - Export Development Canada | EDC
https://www.edc.ca/en/about-us/news/ecas-supporting-global-trade-form-net-zero-alliance---edc1.html,OK,Indexable,ECAs supporting global trade form net-zero alliance | EDC
https://www.edc.ca/en/about-us/news/ecolomondo-2019.html,OK,Indexable,EDC helps Canadian company reduce landfill waste | EDC
https://www.edc.ca/en/about-us/news/ecotagious-2019.html,OK,Indexable,Cleantech company Ecotagious secures working capital | EDC
https://www.edc.ca/en/about-us/news/edc-12-billion-cleantech.html,OK,Indexable,EDC provides $12 billion in cleantech support in 2023 | EDC
https://www.edc.ca/en/about-us/news/edc-20-years-india.html,OK,Indexable,EDC marks 20 years in India | EDC
https://www.edc.ca/en/about-us/news/edc-2020-year-end-release.html,OK,Indexable,"In a year dominated by the pandemic, EDC steps up to support record number of Canadian businesses | EDC"
https://www.edc.ca/en/about-us/news/edc-2022-year-end-announcement.html,OK,Indexable,EDC supports record number of Canadian companies | EDC
https://www.edc.ca/en/about-us/news/edc-achieves-record-results-for-canadian-companies-on-the-global-stage.html,OK,Indexable,EDC achieves record results for Canadian companies on the global stage - Export Development Canada | EDC
https://www.edc.ca/en/about-us/news/edc-and-bmo-announcement-on-sustainable-finance-solutions.html,OK,Indexable,BMO and EDC Collaboration on Sustainable Finance | EDC
https://www.edc.ca/en/about-us/news/edc-and-nexi-sign-partnership-to-strengthen-canada-japan-trade.html,OK,Indexable,EDC and NEXI sign partnership to strengthen Canada-Japan trade relations | EDC
https://www.edc.ca/en/about-us/news/edc-apg-neuros-investment.html,OK,Indexable,EDC invests $10M into manufacturer of ground-breaking wastewater treatment technology | EDC
https://www.edc.ca/en/about-us/news/edc-bdc-techfinancing-2018.html,OK,Indexable,Canadian tech businesses now have access to $50 million in new financing | EDC
https://www.edc.ca/en/about-us/news/edc-best-eca-2018.html,OK,Indexable,EDC Named Best Export Credit Agency of 2018 | EDC
https://www.edc.ca/en/about-us/news/edc-bombardier-review.html,OK,Indexable,EDC concludes independent review of Bombardier’s compliance and ethics program | EDC
https://www.edc.ca/en/about-us/news/edc-care-partnership.html,OK,Indexable,EDC and CARE Canada celebrate a decade of innovative partnership | EDC
https://www.edc.ca/en/about-us/news/edc-cboc-sme-net-zero-report.html,OK,Indexable,SMEs are essential to achieving net-zero ambitions | EDC
https://www.edc.ca/en/about-us/news/edc-ceo-reappointment.html,OK,Indexable,EDC welcomes President and CEO’s reappointment | EDC
https://www.edc.ca/en/about-us/news/edc-chicago-2019.html,OK,Indexable,EDC opens in Chicago to serve the Midwest U.S. | EDC
https://www.edc.ca/en/about-us/news/edc-ci-day.html,OK,Indexable,​EDC employees give back through Community Investment Day | EDC
https://www.edc.ca/en/about-us/news/edc-cib-nmg.html,OK,Indexable,EDC and CIB extend financing package to Nouveau Monde Graphite | EDC
https://www.edc.ca/en/about-us/news/edc-cleantech-export-week-2021.html,OK,Indexable,Cleantech Export Week 2021 | EDC
https://www.edc.ca/en/about-us/news/edc-cleantech-export-week-2022.html,OK,Indexable,Cleantech Export Week: Accelerating decarbonization | EDC
https://www.edc.ca/en/about-us/news/edc-cleantech-export-week-2023.html,OK,Non-Indexable,Cleantech Export Week 2023 | EDC
https://www.edc.ca/en/about-us/news/edc-cleantech-export-week.html,OK,Indexable,Cleantech Export Week: Helping Canadian cleantech innovators navigate through unusual times | EDC
https://www.edc.ca/en/about-us/news/edc-cleantech-report-2023.html,OK,Indexable,EDC report: Global public policies are powering the cleantech race | EDC
https://www.edc.ca/en/about-us/news/edc-cleantech-report-2024.html,OK,Indexable,2024 Cleantech Report | EDC
https://www.edc.ca/en/about-us/news/edc-cleantech-report-2025.html,OK,Indexable,2025 Cleantech Report | EDC
https://www.edc.ca/en/about-us/news/edc-colombia-10-years.html,OK,Indexable,EDC Celebrates 10 Years in Colombia | EDC
https://www.edc.ca/en/about-us/news/edc-coronavirus-business-support.html,OK,Indexable,EDC ready to help Canadian businesses during coronavirus pandemic | EDC
https://www.edc.ca/en/about-us/news/edc-coronavirus-domestic-support.html,OK,Indexable,New domestic mandate enhances EDC’s role in supporting all Canadian businesses through COVID-19 crisis | EDC
https://www.edc.ca/en/about-us/news/edc-coronavirus-medium-sized-support.html,OK,Indexable,EDC announces expanded support for more Canadian companies to help navigate COVID-19 crisis | EDC
https://www.edc.ca/en/about-us/news/edc-covid-business-support.html,OK,Indexable,EDC provides relief for Canadian businesses during COVID-19 crisis | EDC
https://www.edc.ca/en/about-us/news/edc-dal-partnership.html,OK,Indexable,EDC and Dalhousie University partner to develop next generation of global-minded business leaders | EDC
https://www.edc.ca/en/about-us/news/edc-eca-statement-support-ukraine-2023.html,OK,Indexable,Joint Statement Expressing Support for Ukraine | EDC
https://www.edc.ca/en/about-us/news/edc-education-scholarship-recipients-2023.html,OK,Indexable,EDC Announces 2023 Scholarship Recipients | EDC
https://www.edc.ca/en/about-us/news/edc-education-scholarship-recipients-2024.html,OK,Indexable,EDC announces 2024 scholarship recipients | EDC
https://www.edc.ca/en/about-us/news/edc-education-scholarship-recipients-2025.html,OK,Indexable,EDC announces 2025 scholarship recipients | EDC
https://www.edc.ca/en/about-us/news/edc-ericsson-defence-smes.html,OK,Indexable,Ericsson and EDC support Canadian defence SMEs | EDC
https://www.edc.ca/en/about-us/news/edc-ericsson-mou.html,OK,Indexable,EDC and Ericsson partner to boost technology in Canada | EDC
https://www.edc.ca/en/about-us/news/edc-esg-advisory-council-updates-2022.html,OK,Indexable,EDC makes strategic updates to ESG Advisory Council | EDC
https://www.edc.ca/en/about-us/news/edc-esrm-policy-review-2023.html,OK,Indexable,EDC enhances ESG practices through policy review  | EDC
https://www.edc.ca/en/about-us/news/edc-finances-corvus-energy.html,OK,Indexable,EDC provides CAD 6.5M in financing to cleantech company Corvus Energy Inc. to grow its international business | EDC
https://www.edc.ca/en/about-us/news/edc-financing-dubai-solar-park.html,OK,Indexable,EDC to provide project financing for Dubai Solar Park for key contract with Canadian Solar | EDC
https://www.edc.ca/en/about-us/news/edc-financing-torngat-metals.html,OK,Indexable,EDC financing for Torngat Metals | EDC
https://www.edc.ca/en/about-us/news/edc-fondsftq-partnership.html,OK,Indexable,The Fonds de solidarité FTQ and EDC partnership | EDC
https://www.edc.ca/en/about-us/news/edc-fpt-corporation-mou.html,OK,Indexable,EDC FPT MOU | EDC
https://www.edc.ca/en/about-us/news/edc-g7-eca-statement-2024.html,OK,Indexable,Heads of G7 ECA Meeting Statement | EDC
https://www.edc.ca/en/about-us/news/edc-ge-gcp-partnership.html,OK,Indexable,"GE, EDC partner to grow Canadian exports and advance energy transition | EDC"
https://www.edc.ca/en/about-us/news/edc-geo-spring-2020.html,OK,Indexable,COVID-19 duration will dictate timing of economic recovery: EDC report | EDC
https://www.edc.ca/en/about-us/news/edc-global-export-forecast-2021.html,OK,Indexable,Global trade is staging a robust recovery | EDC
https://www.edc.ca/en/about-us/news/edc-green-bond-2019.html,OK,Indexable,Export Development Canada prices its fifth Green Bond at CAD$500 million as global interest in climate financing continues to rise | EDC
https://www.edc.ca/en/about-us/news/edc-growing-professionals-g7-eca-joint-statement.html,OK,Indexable,Heads of G7 Export Credit Agencies Meeting Communiqué | EDC
https://www.edc.ca/en/about-us/news/edc-helps-discover-expand-in-sk.html,OK,Indexable,EDC helps Vancouver-based Discover Energy Corp. expand its operations in South Korea - Export Development Canada | EDC
https://www.edc.ca/en/about-us/news/edc-host-berne-union-agm.html,OK,Indexable,EDC to host Berne Union AGM | EDC
https://www.edc.ca/en/about-us/news/edc-iar-2023.html,OK,Indexable,EDC’s solutions facilitated $131.4 billion | EDC
https://www.edc.ca/en/about-us/news/edc-iar-2024.html,OK,Indexable,EDC’s solutions facilitated $123.4 billion in 2024 | EDC
https://www.edc.ca/en/about-us/news/edc-ina-mou.html,OK,Indexable,EDC and INA announce CAD$825 million strategic partnership to expand Canada-Indonesia investment opportunities | EDC
https://www.edc.ca/en/about-us/news/edc-international-fossil-fuel-reduction.html,OK,Indexable,EDC supports Canada’s Glasgow Statement guidelines | EDC
https://www.edc.ca/en/about-us/news/edc-investment-matching-2023.html,OK,Indexable,Expanded growth capital program broadens support | EDC
https://www.edc.ca/en/about-us/news/edc-investment-matching-program-cleantech.html,OK,Indexable,EDC’s investment Matching Program supports cleantech companies during the COVID-19 pandemic | EDC
https://www.edc.ca/en/about-us/news/edc-invests-cad-13-5m-in-equity-into-bid.html,OK,Indexable,EDC invests CAD 13.5M in equity into BID Group Holdings Ltd. to grow international business opportunities | EDC
https://www.edc.ca/en/about-us/news/edc-invests-in-cleantech-2018.html,OK,Indexable,EDC invests $7M in Canadian cleantech firm | EDC
https://www.edc.ca/en/about-us/news/edc-issues-sixth-green-bond.html,OK,Indexable,EDC issues its sixth green bond at USD$1 billion | EDC
https://www.edc.ca/en/about-us/news/edc-issues-third-green-bond.html,OK,Indexable,"Export Development Canada prices third Green Bond, responding to rising global interest in climate financing | EDC"
https://www.edc.ca/en/about-us/news/edc-issues-tokenized-bond.html,OK,Indexable,EDC issued Canada’s first tokenized bond | EDC
https://www.edc.ca/en/about-us/news/edc-jakarta-representation-opening.html,OK,Indexable,Indonesia representation opens borders for exporters | EDC
https://www.edc.ca/en/about-us/news/edc-japan-representation-opening.html,OK,Indexable,EDC expands in Indo-Pacific with Japan representation | EDC
https://www.edc.ca/en/about-us/news/edc-jbic-mou-signing.html,OK,Indexable,EDC and JBIC MoU | EDC
https://www.edc.ca/en/about-us/news/edc-joint-news-release-rve.html,OK,Indexable,More than $7 million invested in RVE | EDC
https://www.edc.ca/en/about-us/news/edc-lotte-shopping-guarantee.html,OK,Indexable,EDC provides Lotte Shopping with financing | EDC
https://www.edc.ca/en/about-us/news/edc-mars-partnership.html,OK,Indexable,MaRS & EDC partnership will support Canadian science and technology success on international stage | EDC
https://www.edc.ca/en/about-us/news/edc-masan-mou-partnership.html,OK,Indexable,EDC signs first partnership in Vietnam with Masan Group | EDC
https://www.edc.ca/en/about-us/news/edc-media-statement-hidroituango-project.html,OK,Indexable,"Media statement: EDC meets with civil society representatives including Movimiento Ríos Vivos, Above Ground and Amnesty International | EDC"
https://www.edc.ca/en/about-us/news/edc-mexico-anniversary-event.html,OK,Indexable,Celebrating 20 years of creating trade opportunities for Canadian businesses in Mexico | EDC
https://www.edc.ca/en/about-us/news/edc-mexico-milestone.html,OK,Indexable,Export Development Canada marks 25 years in Mexico | EDC
https://www.edc.ca/en/about-us/news/edc-mid-year-2022-tci.html,OK,Indexable,Exporter confidence declines sharply since 2021 | EDC
https://www.edc.ca/en/about-us/news/edc-mid-year-tci-2021.html,OK,Indexable,Confidence among Canadian increases | EDC
https://www.edc.ca/en/about-us/news/edc-mid-year-tci-2023.html,OK,Indexable,EDC survey: Exporter confidence increases | EDC
https://www.edc.ca/en/about-us/news/edc-mou-ukraine.html,OK,Indexable,EDC and peer ECAs commit to cooperation on Ukraine | EDC
https://www.edc.ca/en/about-us/news/edc-named-among-canadas-best-diversity-employers.html,OK,Indexable,EDC named among Best Diversity Employers for 2018 | EDC
https://www.edc.ca/en/about-us/news/edc-named-capital-region-top-employers.html,OK,Indexable,Export Development Canada named among the National Capital Region’s Top Employers for 2017 | EDC
https://www.edc.ca/en/about-us/news/edc-named-future-40-responsible-corporate-leader.html,OK,Indexable,EDC named to Future 40 Responsible Corporate Leaders in Canada by Corporate Knights | EDC
https://www.edc.ca/en/about-us/news/edc-net-zero-2050-update-2022.html,OK,Indexable,New measures to reach net zero emissions by 2050 | EDC
https://www.edc.ca/en/about-us/news/edc-net-zero-2050.html,OK,Indexable,Export Development Canada Commits to Net Zero by 2050 | EDC
https://www.edc.ca/en/about-us/news/edc-net-zero-alliance.html,OK,Indexable,ECAs supporting global trade form net-zero alliance | EDC
https://www.edc.ca/en/about-us/news/edc-nokia-gcp-partnership.html,OK,Indexable,"Nokia, EDC partner to advance 5G in Canada | EDC"
https://www.edc.ca/en/about-us/news/edc-opens-in-pei.html,OK,Indexable,Export Development Canada opens office in PEI to help small companies that want to export | EDC
https://www.edc.ca/en/about-us/news/edc-pays-1B-dividend-to-goc.html,OK,Non-Indexable,EDC pays 1B in Dividend to the Government of Canada | EDC
https://www.edc.ca/en/about-us/news/edc-philippines-representation-opening.html,OK,Indexable,EDC lands in Manila | EDC
https://www.edc.ca/en/about-us/news/edc-plenary-partnership.html,OK,Indexable,EDC and Plenary Asia Pacific announce export trade partnership | EDC
https://www.edc.ca/en/about-us/news/edc-president-ceo.html,OK,Indexable,EDC welcomes new President and CEO Alison Nankivell | EDC
https://www.edc.ca/en/about-us/news/edc-pt-indonesia-partnership.html,OK,Indexable,EDC and PT Indonesia IIF announce partnership | EDC
https://www.edc.ca/en/about-us/news/edc-ptsmi-indonesia-partnership.html,OK,Indexable,EDC and PT SMI Indonesia announce partnership | EDC
https://www.edc.ca/en/about-us/news/edc-san-miguel-mou.html,OK,Indexable,EDC and SMC unite to strengthen Canada-Philippines trade ties | EDC
https://www.edc.ca/en/about-us/news/edc-saudi-exim-mou.html,OK,Indexable,EDC and Saudi EXIM Bank sign agreement to strengthen Canada–Saudi Arabia trade and investment | EDC
https://www.edc.ca/en/about-us/news/edc-sells-copperleaf-technologies-shares.html,OK,Indexable,EDC sells portion of Copperleaf Technologies shares | EDC
https://www.edc.ca/en/about-us/news/edc-seoul-representation-opening.html,OK,Indexable,EDC opens new representation in South Korea | EDC
https://www.edc.ca/en/about-us/news/edc-sk-ecoplant-financing.html,OK,Indexable,EDC extends financing package to SK ecoplant | EDC
https://www.edc.ca/en/about-us/news/edc-sk-group-mou.html,OK,Indexable,EDC and SK Group MOU | EDC
https://www.edc.ca/en/about-us/news/edc-statement-ceba-oag-audit.html,OK,Indexable,Statement from EDC on the CEBA program | EDC
https://www.edc.ca/en/about-us/news/edc-statement-oag-report-esrd.html,OK,Indexable,EDC Statement on OAG Report | EDC
https://www.edc.ca/en/about-us/news/edc-supports-agrifood-exporters-pursuing-new-markets.html,OK,Indexable,EDC supports agri-food exporters pursuing new markets | EDC
https://www.edc.ca/en/about-us/news/edc-supports-canadian-media-and-entertainment-industry.html,OK,Indexable,EDC supports Canadian media and entertainment industry | EDC
https://www.edc.ca/en/about-us/news/edc-supports-critical-minerals-sector.html,OK,Indexable,EDC expands support for Canada’s critical minerals sector | EDC
https://www.edc.ca/en/about-us/news/edc-supports-defence-security-sector.html,OK,Indexable,EDC supports Canada’s defence and security sector | EDC
https://www.edc.ca/en/about-us/news/edc-supports-vivecrop.html,OK,Indexable,EDC supports innovative agriculture company helping growers produce more and decrease environmental impact - Export Development Canada | EDC
https://www.edc.ca/en/about-us/news/edc-sustainable-bond-framework-2022.html,OK,Indexable,EDC releases innovative Sustainable Bond Framework | EDC
https://www.edc.ca/en/about-us/news/edc-tci-spring-2024.html,OK,Indexable,Exporter confidence rebounds | EDC
https://www.edc.ca/en/about-us/news/edc-tci-summer-2025.html,OK,Indexable,EDC Survey: Trade uncertainty dampening the outlook of Canadian exporters | EDC
https://www.edc.ca/en/about-us/news/edc-tci-winter-2023.html,OK,Indexable,Exporter confidence softens | EDC
https://www.edc.ca/en/about-us/news/edc-tci-winter-2026.html,OK,Indexable,Survey: Canadian companies plan to diversify into new markets | EDC
https://www.edc.ca/en/about-us/news/edc-thailand-representation-opening.html,OK,Indexable,EDC launches representation in Thailand | EDC
https://www.edc.ca/en/about-us/news/edc-top-100-employer-2019.html,OK,Indexable,EDC Marks 75th Anniversary with Top 100 Recognition | EDC
https://www.edc.ca/en/about-us/news/edc-trade-confidence-2020-year-end.html,OK,Indexable,Canadian exporters’ confidence rebounds from historic lows: EDC survey | EDC
https://www.edc.ca/en/about-us/news/edc-trade-confidence-all-time-low.html,OK,Indexable,Trade confidence among Canadian exporters hits all-time low | EDC
https://www.edc.ca/en/about-us/news/edc-trade-confidence-december-2019.html,OK,Indexable,Trade confidence hits lowest level in 8 years: EDC survey | EDC
https://www.edc.ca/en/about-us/news/edc-trade-impact-program.html,OK,Indexable,EDC supports exporters facing market uncertainty | EDC
https://www.edc.ca/en/about-us/news/edc-ukef-mou-signing.html,OK,Indexable,EDC and UKEF sign memorandum of understanding | EDC
https://www.edc.ca/en/about-us/news/edc-vietnam-representation-opening.html,OK,Indexable,EDC announces new Vietnam representation | EDC
https://www.edc.ca/en/about-us/news/edc-vinacapital-mou-signing.html,OK,Indexable,EDC and VinaCapital sign memorandum of understanding | EDC
https://www.edc.ca/en/about-us/news/edc-westdawn-settlement-2019.html,OK,Indexable,EDC settles litigation with Westdawn Investments | EDC
https://www.edc.ca/en/about-us/news/edc-westdawn-statement-2019.html,OK,Indexable,Media Statement: EDC regrets 2015 loan to Westdawn Investments | EDC
https://www.edc.ca/en/about-us/news/edc-women-trade-2020.html,OK,Indexable,EDC creates more opportunities for women in trade | EDC
https://www.edc.ca/en/about-us/news/edc-year-end-2019-results.html,OK,Indexable,"EDC closes out 2019, supporting thousands of Canadian companies on the global stage | EDC"
https://www.edc.ca/en/about-us/news/edc-year-end-2022-tci.html,OK,Indexable,Exporter confidence experiences another decline | EDC
https://www.edc.ca/en/about-us/news/edc-year-end-tci-2021.html,OK,Indexable,Exporters remain optimistic: EDC survey | EDC
https://www.edc.ca/en/about-us/news/edc-year-in-review-2022.html,OK,Indexable,2022 : a year of turbulence and recovery | EDC
https://www.edc.ca/en/about-us/news/edc-youth-scholarship-applications-2023.html,OK,Indexable,Scholarships open for new applications | EDC
https://www.edc.ca/en/about-us/news/editorial-improving-csr.html,OK,Indexable,Benoit Daignault on helping companies improve CSR | EDC
https://www.edc.ca/en/about-us/news/egp-1billion.html,OK,Indexable,15% more Canadian SMEs use EDC export guarantee in 2015 for international sales | EDC
https://www.edc.ca/en/about-us/news/energy-sector-rebound-boosts-skatchewans-export-performance.html,OK,Indexable,"Energy sector rebound boosts Saskatchewan’s export performance, says EDC | EDC"
https://www.edc.ca/en/about-us/news/energygeeks-solar.html,OK,Indexable,$1 Million in Financing Provided to EnergyGeeks | EDC
https://www.edc.ca/en/about-us/news/equisoft-investment.html,OK,Indexable,EDC Invests in Digital Solutions Provider | EDC
https://www.edc.ca/en/about-us/news/exo-s.html,OK,Indexable,Sherbrooke’s Exo-s expands operations and business internationally with the help of $4 M in financing from EDC | EDC
https://www.edc.ca/en/about-us/news/export-growth-hub.html,OK,Indexable,EDC Opens Office in Southwest Ontario | EDC
https://www.edc.ca/en/about-us/news/findev-board-2019.html,OK,Indexable,FinDev Canada appoints its board of directors | EDC
https://www.edc.ca/en/about-us/news/findevcanada.html,OK,Indexable,Development Finance Institute Canada appoints managing director and announces new “FinDev Canada” brand | EDC
https://www.edc.ca/en/about-us/news/fitt-partnership.html,OK,Indexable,EDC and FITT Teaming up to Educate Canada’s Next Generation of Trade Leaders | EDC
https://www.edc.ca/en/about-us/news/fonds-de-solidarite-ftq-edc-invest-abipa.html,OK,Indexable,Fonds de solidarité FTQ and EDC invest in Abipa | EDC
https://www.edc.ca/en/about-us/news/foreign-affiliate-sales.html,OK,Indexable,Foreign investment driving jobs and growth at home: New study by EDC | EDC
https://www.edc.ca/en/about-us/news/g7-heads-eca-meeting-statement-2026.html,OK,Indexable,Heads of G7 Export Credit Agencies–Meeting Statement | EDC
https://www.edc.ca/en/about-us/news/g7-statement-may-2023.html,OK,Indexable,Joint Statement from the Heads of G7 ECAs | EDC
https://www.edc.ca/en/about-us/news/ge-and-edc-host-supplier-day-in-welland.html,OK,Indexable,GE Canada and EDC host supplier day to develop new export opportunities for Canadian companies with expertise in reciprocating engine parts | EDC
https://www.edc.ca/en/about-us/news/gef-fall-2018.html,OK,Indexable,Canadian exports in 2019: EDC economics | EDC
https://www.edc.ca/en/about-us/news/gef-spring-2018.html,OK,Indexable,Exports facing the greatest headwinds are growing the fastest: EDC forecast - Export Development Canada | EDC
https://www.edc.ca/en/about-us/news/global-100.html,OK,Indexable,A Record 13 Canadian Companies Named to the Global Cleantech 100 List | EDC
https://www.edc.ca/en/about-us/news/global-cleantech100-2019.html,OK,Indexable,Canadians Named on Global Cleantech 100 List | EDC
https://www.edc.ca/en/about-us/news/global-economic-outlook-autumn-2019.html,OK,Indexable,Fate of global economy rests in policy decisions of few: EDC report | EDC
https://www.edc.ca/en/about-us/news/global-economic-outlook-fall.html,OK,Indexable,EDC Global Economic Outlook | EDC
https://www.edc.ca/en/about-us/news/global-export-forecast-alberta.html,OK,Indexable,Alberta exports experience tough 2016 but double-digit growth expected in 2017 | EDC
https://www.edc.ca/en/about-us/news/global-export-forecast-atlantic.html,OK,Indexable,Energy and metal ores set to drive Atlantic Canada’s export growth in 2017: EDC forecast | EDC
https://www.edc.ca/en/about-us/news/global-export-forecast-british-columbia.html,OK,Indexable,Forestry and agri-food sectors driving B.C.’s export performance in 2016 and 2017 | EDC
https://www.edc.ca/en/about-us/news/global-export-forecast-fall-2016.html,OK,Indexable,"After lackluster 2016, Canadian export growth resumes in 2017: EDC forecast | EDC"
https://www.edc.ca/en/about-us/news/global-export-forecast-fall-2017.html,OK,Indexable,Canadian and American companies clearly want to do more business together | EDC
https://www.edc.ca/en/about-us/news/global-export-forecast-manitoba.html,OK,Indexable,​Diversification drives Manitoba’s export performance in 2016 and sets the stage for more success in 2017 | EDC
https://www.edc.ca/en/about-us/news/global-export-forecast-newfoundland-labrador.html,OK,Indexable,"After a challenging 2016, Newfoundland and Labrador exports set to rebound strongly next year | EDC"
https://www.edc.ca/en/about-us/news/global-export-forecast-nova-scotia.html,OK,Indexable,Nova Scotia’s exports charge ahead in 2016 with more in store for 2017 | EDC
https://www.edc.ca/en/about-us/news/global-export-forecast-ontario.html,OK,Indexable,Ontario will be Canada’s export leader in 2016 | EDC
https://www.edc.ca/en/about-us/news/global-export-forecast-quebec.html,OK,Indexable,​Soaring aerospace industry will give Quebec steady export growth this year and next | EDC
https://www.edc.ca/en/about-us/news/global-export-forecast-saskatchewan.html,OK,Indexable,Saskatchewan’s agri-food sector bolsters the province’s exports in 2016 | EDC
https://www.edc.ca/en/about-us/news/global-trade-reviews-best-deals-of-2016.html,OK,Indexable,EDC awarded Global Trade Review’s Best Deals of 2016 | EDC
https://www.edc.ca/en/about-us/news/globe-and-mail-response.html,OK,Indexable,"Response to Globe & Mail Editorial - Greetings from the ""Death Star"" | EDC"
https://www.edc.ca/en/about-us/news/globe-export-stars.html,OK,Indexable,EDC recognizes Canada’s Cleantech Export Stars at Globe Forum | EDC
https://www.edc.ca/en/about-us/news/gsm-project-secures-5-million-financing-from-edc-and-bdc-capita.html,OK,Indexable,GSM Project Secures $5 Million Financing from EDC and BDC Capital | EDC
https://www.edc.ca/en/about-us/news/heads-of-g7-export-credit-agencies-meeting-statement.html,OK,Indexable,Heads of G7 Export Credit Agencies–Meeting Statement | EDC
https://www.edc.ca/en/about-us/news/hio-employer-award.html,OK,Indexable,EDC awarded HIO’s Employer Excellence Award | EDC
https://www.edc.ca/en/about-us/news/human-rights-policy.html,OK,Indexable,EDC leading the way in business and human rights | EDC
https://www.edc.ca/en/about-us/news/inclusive-trade-investments-program.html,OK,Indexable,$200M committed to support diverse exporters | EDC
https://www.edc.ca/en/about-us/news/india-canadian-suppliers.html,OK,Indexable,India’s largest infrastructure company set to double Canadian suppliers through EDC’s matchmaking | EDC
https://www.edc.ca/en/about-us/news/india-year-end.html,OK,Indexable,Canadian companies propel EDC to record year in India | EDC
https://www.edc.ca/en/about-us/news/international-womens-day-2019.html,OK,Indexable,International Women's Day 2019 | EDC
https://www.edc.ca/en/about-us/news/investment-matching-reliable-capital-for-sme-exporters.html,OK,Indexable,EDC announces permanent financial solution for trade | EDC
https://www.edc.ca/en/about-us/news/ise-metals.html,OK,Indexable,ISE Metal Inc. accesses USD 1.25 M in EDC financing to grow sales in Mexico | EDC
https://www.edc.ca/en/about-us/news/iwd-gender-equality.html,OK,Indexable,Export Development Canada steps forward as gender equality champion and mentor | EDC
https://www.edc.ca/en/about-us/news/latin-america-a-key-market-for-canadian-exporters.html,OK,Indexable,Latin America: A key market for Canadian exporters and investors - Export Development Canada | EDC
https://www.edc.ca/en/about-us/news/legislative-review.html,OK,Indexable,Export Development Canada sets out its vision to meet the evolving needs of Canadian exporters | EDC
https://www.edc.ca/en/about-us/news/letter-to-minister-carr.html,OK,Indexable,Letter from M.Irman to The Hon. James Gordon Carr | EDC
https://www.edc.ca/en/about-us/news/linear-transfer-automation-financing.html,OK,Indexable,EDC provides CAD 2.5M in financing to Linear Transfer Automation Inc. | EDC
https://www.edc.ca/en/about-us/news/london-united-kingdom.html,OK,Indexable,"​EDC sets up shop in London, UK | EDC"
https://www.edc.ca/en/about-us/news/manitobah.html,OK,Indexable,Winnipeg’s Manitobah Mukluks uses $3.5 M EDC loan guarantee to grow its international export program | EDC
https://www.edc.ca/en/about-us/news/media-statement-snc-lavalin-review.html,OK,Indexable,Media Statement: EDC releases finding of review into 2011 insurance transaction involving SNC-Lavalin - EDC
https://www.edc.ca/en/about-us/news/new-board-of-directors-and-leg-review-2018.html,OK,Indexable,EDC welcomes appointments of new Board of Directors | EDC
https://www.edc.ca/en/about-us/news/new-ceo-lavery.html,OK,Indexable,EDC Welcomes New President and CEO Mairead Lavery  | EDC
https://www.edc.ca/en/about-us/news/non-resource-exports.html,OK,Indexable,Canada's non-resource exports take centre stage in 2016 | EDC
https://www.edc.ca/en/about-us/news/oecd-particpants-statement-2023.html,OK,Indexable,OECD Participants’ Statement | EDC
https://www.edc.ca/en/about-us/news/oil-and-gas-750m.html,OK,Indexable,EDC earmarks CAD 750 M for Canadian SMEs in oil and gas sector | EDC
https://www.edc.ca/en/about-us/news/on-the-rebound-manitobas-among-the-most-diversified.html,OK,Indexable,"Manitoba’s export performance poised to increase courtesy of diversification, says EDC | EDC"
https://www.edc.ca/en/about-us/news/ppoptica-2019.html,OK,Indexable,EDC Invests in P&P Optica | EDC
https://www.edc.ca/en/about-us/news/public-input-env-review-2018.html,OK,Indexable,EDC requests public input during a review of environmental and social risk management policies - Export Development Canada | EDC
https://www.edc.ca/en/about-us/news/quebec-exports-take-off.html,OK,Indexable,"Quebec’s exports take off in next two years, but turbulence a threat | EDC"
https://www.edc.ca/en/about-us/news/quebec-smes-expand-investment-2018.html,OK,Indexable,EDC helping Quebec SMEs expand into European markets | EDC
https://www.edc.ca/en/about-us/news/Saskatoon-office-opening.html,OK,Non-Indexable,Saskatchewan companies to get more support as Export Development Canada opens new office | EDC
https://www.edc.ca/en/about-us/news/singapore-firstBranch.html,OK,Non-Indexable,EDC’s first international corporate branch opens in Singapore to help Canadian companies win more business in Asia | EDC
https://www.edc.ca/en/about-us/news/spring-geo-2018.html,OK,Indexable,EDC Economic Outlook: Are we really on the brink of another great recession - Export Development Canada | EDC
https://www.edc.ca/en/about-us/news/spring-tci-report-2018.html,OK,Indexable,Exporter confidence bucks trade turmoil | EDC
https://www.edc.ca/en/about-us/news/startup-canada-entrepreneurs.html,OK,Indexable,Startup Canada and EDC partner with local organizations to increase global growth opportunities for Canadian entrepreneurs | EDC
https://www.edc.ca/en/about-us/news/startup-canada.html,OK,Indexable,Recipients of the Adam Chowaniec Memorial Fund Announced | EDC
https://www.edc.ca/en/about-us/news/stromcore-rbc-2019.html,OK,Indexable,EDC provides USD$600K to RBC to support Stromcore Energy Inc. | EDC
https://www.edc.ca/en/about-us/news/sydney-australia.html,OK,Indexable,EDC opens in Sydney to help Canadian companies sell to and invest in Australia | EDC
https://www.edc.ca/en/about-us/news/tci-2019.html,OK,Indexable,Trade confidence falls to lowest level in seven years | EDC
https://www.edc.ca/en/about-us/news/tci-report-fall2017.html,OK,Indexable,Exporter confidence surprises by going up despite instability in the US: EDC Report | EDC
https://www.edc.ca/en/about-us/news/tci-winter-2018.html,OK,Indexable,CUSMA brings relief but trade worries persist | EDC
https://www.edc.ca/en/about-us/news/tip-one-year-anniversary-support.html,OK,Indexable,$2.1B deployed to support Canadian businesses amid trade uncertainty | EDC
https://www.edc.ca/en/about-us/news/titan-loan.html,OK,Indexable,EDC loan to help Canadian cleantech company Titan preserve natural resources worldwide  | EDC
https://www.edc.ca/en/about-us/news/top-100-employer-2017.html,OK,Indexable,Export Development Canada named among Canada’s Top 100 Employers for 2017 | EDC
https://www.edc.ca/en/about-us/news/top-100-employer-2018.html,OK,Indexable,Export Development Canada named among Canada’s Top 100 Employers for 2018 | EDC
https://www.edc.ca/en/about-us/news/top-100-employer-2019.html,OK,Indexable,EDC wins Canada’s Top 100 employer of 2019 | EDC
https://www.edc.ca/en/about-us/news/top-family-employer.html,OK,Indexable,Export Development Canada named one of Canada’s Top Family-Friendly Employers for 2017 | EDC
https://www.edc.ca/en/about-us/news/top-ten-responsible-corporate-leaders.html,OK,Indexable,EDC ranks in Canada’s top ten Responsible Corporate Leaders from Corporate Knights | EDC
https://www.edc.ca/en/about-us/news/tower-solutions-financing.html,OK,Indexable,Markham’s Tower Solutions accesses CAD 500 K in EDC financing to support a new contract in Saudi Arabia | EDC
https://www.edc.ca/en/about-us/news/trade-confidence-index-fall.html,OK,Indexable,Canadian companies are taking action to protect against uncertainty in NAFTA and US trade policy | EDC
https://www.edc.ca/en/about-us/news/transparency-disclosure-policy-edc.html,OK,Indexable,Export Development Canada commits to greater transparency | EDC
https://www.edc.ca/en/about-us/news/ukef-edc-usexim-joint-statement.html,OK,Indexable,"UKEF, EDC & US EXIM joint statement | EDC"
https://www.edc.ca/en/about-us/news/vanrx-financing.html,OK,Indexable,British Columbia’s Vanrx uses USD 1.5M in financing from EDC to grow sales into the US and India | EDC
https://www.edc.ca/en/about-us/news/wit-research.html,OK,Indexable,Carleton U and The Beacon Agency conduct national study | EDC
https://www.edc.ca/en/about-us/news/women-trade-investment-program.html,OK,Indexable,EDC unveils $50M program for women entrepreneurs | EDC
https://www.edc.ca/en/about-us/what-we-do.html,Found,Non-Indexable,
https://www.edc.ca/en/about-us/what-we-do/case-studies.html,OK,Indexable,Case studies | EDC
https://www.edc.ca/en/about-us/what-we-do/case-studies/clarius-access-working-capital.html,OK,Indexable,Clarius gets access to working capital to scale globally | EDC
https://www.edc.ca/en/about-us/what-we-do/case-studies/direct-lending-empowers-taste-of-nature.html,OK,Indexable,Direct Lending Empowers Taste of Nature | EDC
https://www.edc.ca/en/about-us/what-we-do/case-studies/ecbverdyol-foreign-exchange-challenge.html,OK,Indexable,ECBVerdyol foreign exchange challenge | EDC
https://www.edc.ca/en/about-us/what-we-do/case-studies/portfolio-credit-insurance-empowers-coulson-aviation.html,OK,Indexable,Portfolio Credit Insurance Empowers Coulson Aviation | EDC
https://www.edc.ca/en/about-us/what-we-do/case-studies/three-farmers-portfolio-credit-insurance.html,OK,Indexable,Three farmers portfolio credit insurance | EDC
https://www.edc.ca/en/about-us/who-we-work-with.html,OK,Indexable,Our alliances | EDC
https://www.edc.ca/en/access-to-money.html,Found,Non-Indexable,
https://www.edc.ca/en/access-to-money/0-2mil.html,OK,Non-Indexable,Financial resources for small business | EDC
https://www.edc.ca/en/access-to-money/2-10mil.html,OK,Non-Indexable,Financing solutions for small business | EDC
https://www.edc.ca/en/access-to-money/over-10mil.html,OK,Non-Indexable,Financing solutions for Canadian exporters | EDC
https://www.edc.ca/en/access-to-money/success.html,OK,Non-Indexable,Funding options success page | EDC
https://www.edc.ca/en/accessibility.html,OK,Indexable,Accessibility at EDC | EDC
https://www.edc.ca/en/accessibility/feedback.html,OK,Indexable,Accessibility Feedback Form | EDC
https://www.edc.ca/en/accessibility/plan-2026-2028.html,OK,Indexable,EDC Accessibility Plan 2026-2028 | EDC
https://www.edc.ca/en/accessibility/plan.html,OK,Indexable,EDC Accessibility Plan | EDC
https://www.edc.ca/en/accessibility/progress-report-2023.html,OK,Indexable,EDC’s 2023 Accessibility Progress Report | EDC
https://www.edc.ca/en/accessibility/progress-report-2024.html,OK,Indexable,EDC’s 2024 Accessibility Progress Report | EDC
https://www.edc.ca/en/article.html,Found,Non-Indexable,
https://www.edc.ca/en/article/2025-wildfires-impact-canadian-trade.html,OK,Indexable,Canada’s wildfire crisis: Economic & trade disruption | EDC
https://www.edc.ca/en/article/4ps-of-international-marketing.html,OK,Indexable,The 4Ps of international marketing | EDC
https://www.edc.ca/en/article/5-trends-affecting-international-business.html,OK,Indexable,5 trends affecting your international business | EDC
https://www.edc.ca/en/article/7-tips-build-a-csr-strategy.html,OK,Indexable,7 tips to build your own CSR strategy | EDC
https://www.edc.ca/en/article/75-years-canadian-trade-card.html,Found,Non-Indexable,
https://www.edc.ca/en/article/75-years-canadian-trade.html,OK,Indexable,EDC and Canada’s exporters: A 75-year partnership | EDC
https://www.edc.ca/en/article/abipa-mergers-spurs-global-growth.html,OK,Indexable,Merger spurs global growth for Quebec aerospace firm | EDC
https://www.edc.ca/en/article/ably-productions-exports-media-packages-tailored-for-smes.html,OK,Indexable,Ably Productions exports media packages tailored for SMEs
https://www.edc.ca/en/article/adtrackmedia-transforms-subway-tunnels-globally.html,OK,Indexable,Adtrackmedia transforms subway tunnels around the world
https://www.edc.ca/en/article/agri-food-canada-export-ranking.html,OK,Indexable,Agri food Canada: FCC reports no storm clouds on horizon | EDC
https://www.edc.ca/en/article/agri-food-export-markets-indo-pacific.html,OK,Indexable,Agri-food export markets in Indo-Pacific | EDC
https://www.edc.ca/en/article/agrifood-business-exporting-fruit-dor.html,OK,Indexable,From artisanal production to an agrifood business
https://www.edc.ca/en/article/agrifood-loan-guarantee.html,OK,Indexable,EDC Loan Guarantee helps BCI Foods set its table for growth I EDC
https://www.edc.ca/en/article/agrisoma-cleantech-export-partnerships.html,OK,Indexable,Agrisoma: Go to where the best export partnerships are
https://www.edc.ca/en/article/aldea-solutions-2018-fifa-world-cup.html,OK,Indexable,Aldea Solutions brings the 2018 FIFA World Cup to the world | EDC
https://www.edc.ca/en/article/annual-public-meeting-card.html,Found,Non-Indexable,
https://www.edc.ca/en/article/ar-mining-export-success-in-south-america.html,OK,Indexable,AR Mining Parts has export success in South America
https://www.edc.ca/en/article/arcana-studios-exporting-creativity-to-new-markets.html,OK,Indexable,B.C.’s Arcana studios: Exporting creativity to new markets
https://www.edc.ca/en/article/argon18-credit-insurance-success-story.html,Found,Non-Indexable,
https://www.edc.ca/en/article/argon18-export-growth.html,Found,Non-Indexable,
https://www.edc.ca/en/article/asia-pacific-agrifood-webinar-takeaways.html,OK,Indexable,Asia-Pacific agri-food webinar takeaways | EDC
https://www.edc.ca/en/article/asian-food-importer-grows-with-private-label-deals-in-latin-america.html,OK,Indexable,Asian food importer expands with private labels in LATAM | EDC
https://www.edc.ca/en/article/attending-to-customers-needs.html,OK,Indexable,Attending to customers needs: Be where they are | EDC
https://www.edc.ca/en/article/backgrounder.html,OK,Indexable,backgrounder
https://www.edc.ca/en/article/baffin-fisheries-sustainability.html,OK,Indexable,Baffin Fisheries leads in sustainability | EDC
https://www.edc.ca/en/article/banking-tips-for-small-businesses.html,OK,Indexable,Banking tips for small businesses from RBC
https://www.edc.ca/en/article/bc-dwave-systems-exporting-computers.html,OK,Indexable,D-Wave Systems: Exporting the quantum leap of computers
https://www.edc.ca/en/article/bc-entrepreneur-introduces-first-nations-traditions-globally.html,OK,Indexable,Entrepreneur introduces First Nations traditions globally
https://www.edc.ca/en/article/bcap-helps-good-natured.html,OK,Indexable,"Packaging company grows, despite COVID-19, with bank and EDC help | EDC"
https://www.edc.ca/en/article/beating-global-competition.html,OK,Indexable,Get an edge on international trade competition | EDC
https://www.edc.ca/en/article/benefits-of-supply-chain-sustainability.html,OK,Indexable,Benefits of supply chain sustainability | EDC
https://www.edc.ca/en/article/beyond-exporting-toremove.html,OK,Indexable,Beyond Exporting: Building or Buying International Operations | EDC
https://www.edc.ca/en/article/black-owned-business-initiatives.html,OK,Indexable,Black owned business initiatives | EDC
https://www.edc.ca/en/article/blackline-safety-educates-different-markets.html,OK,Indexable,Blackline Safety educates in different markets
https://www.edc.ca/en/article/boutique-step-up-sells-to-42-countries.html,OK,Indexable,Step Up Boutique sells to 42 countries worldwide
https://www.edc.ca/en/article/brankos-beagles-challenges-dog-breeding-export-success.html,OK,Indexable,Branko's Beagles exports furry friends around the world
https://www.edc.ca/en/article/brankos-beagles-exporting-empire.html,OK,Indexable,Branko's Beagles exporting empire
https://www.edc.ca/en/article/brazil-agriculture-boom.html,OK,Indexable,Brazil’s agricultural boom: Opportunity for Canada | EDC
https://www.edc.ca/en/article/brazil-opportunities-canadian-exporters.html,OK,Indexable,Doing business in Brazil for Canadian exporters | EDC
https://www.edc.ca/en/article/brexit-export-changes.html,OK,Indexable,"Minority report: Brexit, the UK election and Canadian exports | EDC"
https://www.edc.ca/en/article/build-export-plan.html,OK,Indexable,Expert tips on building an export plan - EDC
https://www.edc.ca/en/article/build-your-canada-brand.html,OK,Indexable,How to fly your Canadian flag | Export Development Canada
https://www.edc.ca/en/article/builder-exports-bungalows.html,OK,Non-Indexable,Builder exports fully built homes - EDC
https://www.edc.ca/en/article/building-international-network.html,OK,Indexable,Building an International Network: Key Considerations | EDC
https://www.edc.ca/en/article/building-networks-to-boost-business.html,OK,Indexable,Boost your business by building a network | EDC
https://www.edc.ca/en/article/building-relationships-with-indigenous-businesses.html,OK,Indexable,Building trust with Indigenous businesses | EDC
https://www.edc.ca/en/article/building-your-business-growth-plan.html,OK,Indexable,Building your business growth plan | EDC
https://www.edc.ca/en/article/bulats-crowdfunding-gets-over-5000-customers-and-investors.html,OK,Indexable,"Bulat's crowdfunding recipe gets 5,000 customers, investors"
https://www.edc.ca/en/article/business-growth-with-mergers-and-acquisitions.html,OK,Indexable,Growing your business through mergers and acquisitions | EDC
https://www.edc.ca/en/article/business-strategy-for-covid.html,OK,Indexable,Risky business: Exporters need a strategy to overcome COVID-19 | EDC
https://www.edc.ca/en/article/buy-america-company-perspectives.html,OK,Indexable,Buy American: Free trade needs to be fair trade | EDC
https://www.edc.ca/en/article/buy-america-policy.html,OK,Indexable,Worried about ‘Buy America’ policies? Why you shouldn’t be | EDC
https://www.edc.ca/en/article/canada-aerospace-industry-global-powerhouse.html,OK,Indexable,"Canada’s aerospace industry: Exports, growth and risk | EDC"
https://www.edc.ca/en/article/canada-and-us-trade-relations.html,OK,Indexable,Fast facts: Canada and U.S trade relations | EDC
https://www.edc.ca/en/article/canada-automotive-export-mexico.html,OK,Indexable,Canadian automotive export market to Mexico | EDC
https://www.edc.ca/en/article/canada-cleantech-export-potential.html,OK,Indexable,Realizing Canada’s cleantech potential | EDC
https://www.edc.ca/en/article/canada-free-trade-agreements.html,OK,Indexable,Canada free trade agreements | EDC
https://www.edc.ca/en/article/canada-hemp-foods.html,OK,Indexable,"How Canada Hemp Foods took advantage of the ""gold rush of hemp seed"""
https://www.edc.ca/en/article/canada-india-services-exports.html,OK,Indexable,Canada-India services exports surge | EDC
https://www.edc.ca/en/article/canada-mining-pdac2025.html,OK,Indexable,Canada’s mining industry 2025: Gold and copper insights | EDC
https://www.edc.ca/en/article/canada-recession-risks-2026.html,OK,Indexable,Canada sidesteps recession—but risks remain in 2026 | EDC
https://www.edc.ca/en/article/canada-united-states-trade-questions.html,OK,Indexable,Get the answers to 4 key questions on Canada-U.S. trade | EDC
https://www.edc.ca/en/article/canada-us-tax-plan.html,OK,Indexable,American storm: What you need to know about the Ryan Plan | EDC
https://www.edc.ca/en/article/canada-us-trade-in-automotive-sector.html,OK,Indexable,Canada-U.S. trade still a driver for automotive sector | EDC
https://www.edc.ca/en/article/canadas-agri-food-sector.html,OK,Indexable,Canada’s agri-food sector poised for growth | EDC
https://www.edc.ca/en/article/canadas-forestry-sector.html,OK,Indexable,Canada’s forestry sector: Rooted in Canada’s economic history | EDC
https://www.edc.ca/en/article/canadas-new-indo-pacific-agri-food-hub.html,OK,Indexable,Canada’s New Asia-Pacific Agri-food Hub | EDC
https://www.edc.ca/en/article/canadas-newest-free-trade-agreement-cptpp.html,OK,Indexable,Canada’s newest trade agreement | CPTPP | EDC
https://www.edc.ca/en/article/canadian-auto-innovation.html,OK,Indexable,"Technology and innovation, the future of the Canadian auto sector | EDC"
https://www.edc.ca/en/article/canadian-brand-advantages.html,OK,Indexable,"Oh Canada, eh….Our brand on the global stage | EDC"
https://www.edc.ca/en/article/canadian-brazilian-trade-post-election.html,OK,Indexable,A look at the Canadian-Brazilian trade post-election
https://www.edc.ca/en/article/canadian-cleantech-companies-advancing-change-2025.html,OK,Indexable,5 Canadian cleantech companies enabling change in 2025 | EDC
https://www.edc.ca/en/article/canadian-cleantech-export-ecosystem.html,OK,Indexable,Canadian cleantech ecosystem: A group of export powerhouses | EDC
https://www.edc.ca/en/article/canadian-companies-in-mexico.html,OK,Indexable,The Mexico question: To stay or go; Enter or stay home | EDC
https://www.edc.ca/en/article/canadian-companies-reconstruction-of-ukraine.html,OK,Indexable,Rebuilding Ukraine | EDC
https://www.edc.ca/en/article/canadian-innovation.html,OK,Indexable,Canadian Innovation Timeline | EDC
https://www.edc.ca/en/article/canadian-natural-oils-health-wellness-exporter.html,OK,Indexable,Canadian Natural Oils: A health and wellness exporter
https://www.edc.ca/en/article/canadian-opportunities-germany.html,OK,Indexable,"For Canadian exporters, business in Germany makes good cents | EDC"
https://www.edc.ca/en/article/canadian-seafood-exports-indo-pacific.html,OK,Indexable,Exporting Canadian seafood to the Asia-Pacific in 2026 | EDC
https://www.edc.ca/en/article/canadian-security-tech-exporter-grows-in-indo-pacific.html,OK,Indexable,Canadian security tech exporter grows in Indo-Pacific | EDC
https://www.edc.ca/en/article/canadian-softwood-lumber.html,OK,Indexable,"Canadian softwood lumber, Part 5 | EDC"
https://www.edc.ca/en/article/cbs-success-story-edc-export-guarantee-program.html,OK,Indexable,Creating a connected and sustainable society with CBS | EDC
https://www.edc.ca/en/article/celebrating-cleantech.html,OK,Indexable,It’s time to celebrate Canada’s active cleantech industry | EDC
https://www.edc.ca/en/article/ceta-business-in-europe.html,OK,Indexable,CETA: Be export-ready for business in Europe | EDC
https://www.edc.ca/en/article/ceta-eu-uk-free-trade.html,OK,Indexable,Canada-EU trade agreements: Insights and benefits | EDC
https://www.edc.ca/en/article/ceta-eu-webinar-questions-answers-part-2.html,OK,Indexable,"CETA Webinar: Your EU CETA questions answered, part 2 | EDC"
https://www.edc.ca/en/article/ceta-eu-webinar-questions-answers.html,OK,Indexable,CETA webinar: Your CETA EU questions & answers | EDC
https://www.edc.ca/en/article/ceta-opportunities-challenges.html,OK,Indexable,Canada’s trade agreement with Europe: The pros and cons | EDC
https://www.edc.ca/en/article/cheekbone-beauty-braces-for-exponential-growth.html,OK,Indexable,Cheekbone Beauty faces exponential growth | EDC
https://www.edc.ca/en/article/cheekbone-beauty-indigenous-month.html,Moved Permanently,Non-Indexable,
https://www.edc.ca/en/article/chile-export-trade-market.html,OK,Indexable,Chile: A market to watch for Canadian exporters | EDC
https://www.edc.ca/en/article/china-ev-impact-canada.html,OK,Indexable,China’s EV impact on Canada’s auto sector | EDC
https://www.edc.ca/en/article/china-tariffs-canola-exports.html,OK,Indexable,China’s tariffs and Canadian canola exports | EDC
https://www.edc.ca/en/article/christmas-without-canadian-exports.html,OK,Indexable,What would christmas look like without Canadian exports? | EDC
https://www.edc.ca/en/article/cleantech-company-hortau-helps-farmers.html,OK,Indexable,Canadian cleantech company Hortau helps California farmers
https://www.edc.ca/en/article/cleantech-rising-stars.html,OK,Indexable,Celebrating Canada’s cleantech innovation and rising stars | EDC
https://www.edc.ca/en/article/cleantech-summit-accelerate-net-zero-through-collaboration-and-trade.html,OK,Indexable,Support and funding for scaling Canadian cleantech | EDC
https://www.edc.ca/en/article/cleantech-trends-canadian-export-opportunities.html,OK,Indexable,Cleantech trends 2026: Global opportunities | EDC
https://www.edc.ca/en/article/cogent-power-energy-efficiency-in-us.html,OK,Indexable,Cogent Power: Energy efficiency in the U.S.
https://www.edc.ca/en/article/colombia-strong-trade-partner.html,OK,Indexable,Ties that bind: Colombia remains strong trade partner with Canada | EDC
https://www.edc.ca/en/article/competitive-edge-flexible-payment-terms.html,OK,Indexable,Need a competitive edge? Consider flexible payment terms | EDC
https://www.edc.ca/en/article/competitive-edge-in-top-export-markets.html,OK,Indexable,Abbyshot finds a competitive edge in top export markets
https://www.edc.ca/en/article/coronavirus-covid-19-updates-global-trade.html,OK,Indexable,FAQs: What Canadian exporters need to know about the coronavirus (COVID-19) | EDC
https://www.edc.ca/en/article/covid-19-usa-export-forecast.html,OK,Indexable,Staying connected with the U.S. during COVID-19 | EDC
https://www.edc.ca/en/article/cptpp-benefits-for-canadian-smes.html,OK,Indexable,CPTPP: Unlocking trade opportunities for Canadian SMEs | EDC
https://www.edc.ca/en/article/create-unique-sales-proposition.html,OK,Indexable,How to create and use a powerful unique sales proposition | EDC
https://www.edc.ca/en/article/credit-risk-management-practices.html,OK,Indexable,6 credit risk management practices that pay off | EDC
https://www.edc.ca/en/article/critical-minerals-strategy.html,OK,Indexable,Canada’s critical minerals strategy: Global leadership | EDC
https://www.edc.ca/en/article/critical-minerals-turning-point.html,OK,Indexable,"Critical minerals: Supply, processing and AI demand | EDC"
https://www.edc.ca/en/article/cultural-intelligence-links.html,OK,Indexable,International business etiquette | EDC
https://www.edc.ca/en/article/cusma-digital-trade-rules.html,OK,Indexable,Digital trade: New CUSMA chapter outlines rules of fastest-growing export sector | EDC
https://www.edc.ca/en/article/customs-brokers-key-players-in-evolving-global-trade.html,OK,Indexable,Customs brokers: Key players in evolving global trade| EDC
https://www.edc.ca/en/article/dalcini-stainless-success-story.html,OK,Indexable,Dalcini is making the world healthier—one lunchbox at a time | EDC
https://www.edc.ca/en/article/de-minimis-rule-suspended-impact-on-canadian-exporters.html,OK,Indexable,De minimis rule suspended: Impact on Canadian exporters | EDC
https://www.edc.ca/en/article/delivering-the-wow-factor.html,OK,Indexable,delivering-the-wow-factor
https://www.edc.ca/en/article/demo-products-in-us.html,OK,Indexable,How to demo your products in the U.S. without paying duty | EDC
https://www.edc.ca/en/article/develop-risk-management-strategy.html,OK,Indexable,Developing a risk management strategy is key to success internationally | EDC
https://www.edc.ca/en/article/developing-innovative-capabilities-and-mindset.html,OK,Indexable,Developing Innovative Capabilities Makes Your Mindset More Competitive | EDC
https://www.edc.ca/en/article/developing-trade-show-strategy.html,OK,Indexable,"Trade show strategy: Before, during and after | EDC"
https://www.edc.ca/en/article/different-payment-terms.html,OK,Indexable,The pros and cons of different payment terms | EDC
https://www.edc.ca/en/article/digital-skills-in-ict-sector.html,OK,Indexable,Solving the digital skills puzzle in the ICT sector | EDC
https://www.edc.ca/en/article/digital-trade-advantage-canada.html,OK,Indexable,Canada’s digital trade advantage and gaps | EDC
https://www.edc.ca/en/article/digital-trade-exports.html,OK,Indexable,Digital trade: Opportunities for Canadian exporters | EDC
https://www.edc.ca/en/article/doing-business-australia-canadian-exporters.html,OK,Indexable,Doing business in Australia | EDC
https://www.edc.ca/en/article/doing-business-in-china-opportunities-for-canadian-exporters.html,OK,Indexable,Canadian export opportunities and strategies in China | EDC
https://www.edc.ca/en/article/doing-business-in-colombia-etiquette.html,OK,Indexable,Doing business in Colombia: 10 business etiquette tips | EDC
https://www.edc.ca/en/article/doing-business-in-ecuador-exporters.html,OK,Indexable,Doing business in Ecuador | EDC
https://www.edc.ca/en/article/doing-business-in-malaysia-opportunities.html,OK,Indexable,Doing business in Malaysia | EDC
https://www.edc.ca/en/article/doing-business-in-thailand-opportunities.html,OK,Indexable,Doing business in Thailand | EDC
https://www.edc.ca/en/article/doing-business-in-the-philippines.html,OK,Indexable,Doing Business in the Philippines | EDC
https://www.edc.ca/en/article/doing-business-in-vietnam.html,OK,Indexable,Doing business in Vietnam | EDC
https://www.edc.ca/en/article/doing-business-india-importing-exporting.html,OK,Indexable,Doing business in India | EDC
https://www.edc.ca/en/article/doing-business-japan-canadian-exporters.html,OK,Indexable,How Canadian exporters can succeed in Japan’s 2025 market | EDC
https://www.edc.ca/en/article/doing-business-poland-canadian-exporters.html,OK,Indexable,How Canadian exporters can succeed in Poland’s market | EDC
https://www.edc.ca/en/article/doing-business-singapore.html,OK,Indexable,Doing business in Singapore | EDC
https://www.edc.ca/en/article/doing-business-south-korea.html,OK,Indexable,Doing business in South Korea 2026 for Canadian exporters | EDC
https://www.edc.ca/en/article/due-diligence-path.html,OK,Indexable,EDC's Due Diligence Path | EDC
https://www.edc.ca/en/article/duty-drawback-process-to-maximize-refunds-and-profitability.html,OK,Indexable,Duty drawback application process: Maximize refunds | EDC
https://www.edc.ca/en/article/ecommerce-for-business.html,OK,Indexable,E-commerce for business: A platform primer | EDC
https://www.edc.ca/en/article/ecommerce-for-exporting.html,OK,Indexable,e-Commerce: What exporters need to know | EDC
https://www.edc.ca/en/article/ecommerce-for-manufacturers.html,OK,Indexable,A jump to e-commerce for manufacturers | EDC
https://www.edc.ca/en/article/ecommerce-grocery-platforms-indo-pacific.html,OK,Indexable,E-commerce grocery platforms in the Asia-Pacific | EDC
https://www.edc.ca/en/article/ecommerce-natural-transition-exporting-wooki.html,OK,Indexable,Wooki's natural transition to exporting
https://www.edc.ca/en/article/economic-indicators-for-business-planning.html,OK,Indexable,Using economic indicators as a business planning tool | EDC
https://www.edc.ca/en/article/ecopia.html,OK,Indexable,Ecopia maps its way to success | EDC
https://www.edc.ca/en/article/edc-2017-cleantech-export-stars.html,OK,Indexable,Meet Canada’s cleantech export stars | EDC
https://www.edc.ca/en/article/edc-agrifood-potential.html,OK,Indexable,EDC: Growing Canada’s agri-food potential | EDC
https://www.edc.ca/en/article/edc-bcap-gallimore-success-story.html,OK,Indexable,"With rising takeout sales, demand for Gallimore food containers spikes | EDC"
https://www.edc.ca/en/article/edc-business-connections-mexico-canada.html,OK,Non-Indexable,Connecting Canada with Mexico | EDC
https://www.edc.ca/en/article/edc-canada-defence-and-security-sector-support.html,OK,Indexable,Evolving support for Canadian defence exports | EDC
https://www.edc.ca/en/article/edc-cleantech-export-stars-2024.html,OK,Indexable,Shining a light on Canada’s 2024 cleantech innovators | EDC
https://www.edc.ca/en/article/edc-cleantech-export-stars-ones-to-watch-2023.html,OK,Indexable,Canadian cleantech companies recognized for innovation | EDC
https://www.edc.ca/en/article/edc-cleantech-week-highlights-jeff-keats.html,OK,Indexable,Canadian cleantech in race to decarbonization | EDC
https://www.edc.ca/en/article/edc-doing-business-in-turkey.html,OK,Indexable,Doing business in Turkey | EDC
https://www.edc.ca/en/article/edc-helps-cleantech-exporters.html,OK,Indexable,Got cleantech? EDC can help with cleantech exporting needs | EDC
https://www.edc.ca/en/article/edc-history-75.html,OK,Indexable,EDC at 75: A leap of faith | EDC
https://www.edc.ca/en/article/edc-national-indigenous-business-strategy.html,OK,Non-Indexable,Forging closer ties with Indigenous business community | EDC
https://www.edc.ca/en/article/edc-pow-wow-pitch.html,OK,Indexable,Pow Wow Pitch aims to help Indigenous entrepreneurs | EDC
https://www.edc.ca/en/article/edc-three-sectors-to-watch.html,OK,Indexable,Three sectors to watch in 2023 | EDC
https://www.edc.ca/en/article/edc-top-10-global-risks-card.html,Found,Non-Indexable,
https://www.edc.ca/en/article/edc-top-10-global-risks.html,OK,Indexable,Top 10 global risks for Canadian exporters in 2026 | EDC
https://www.edc.ca/en/article/edc-top-10-risks-2022-card.html,Found,Non-Indexable,
https://www.edc.ca/en/article/edc-top-10-trends-2021-card.html,Found,Non-Indexable,
https://www.edc.ca/en/article/edc-top-10-trends-2021.html,OK,Indexable,Top 10 Global trends—Autumn 2021 | EDC
https://www.edc.ca/en/article/edc-united-states-economic-outlook.html,OK,Indexable,"U.S. economy doing well, all things considered | EDC"
https://www.edc.ca/en/article/eddyfi-first-canadian-export-business-in-iran.html,OK,Indexable,Canada's Eddyfi: one of the first to export to Iran
https://www.edc.ca/en/article/eddyfi-target-markets-exports.html,OK,Indexable,Success starts with the right choices and targets: Eddyfi
https://www.edc.ca/en/article/electronic-export-declaration-system.html,OK,Indexable,Understand CERS: The Canadian Export Reporting System | EDC
https://www.edc.ca/en/article/empire-industries-export-growth-strategy.html,OK,Indexable,Redefining Empire Industries’ growth strategy
https://www.edc.ca/en/article/equipping-covid-19-front-line-personnel.html,OK,Indexable,Equipping COVID-19 front-line personnel | EDC
https://www.edc.ca/en/article/escape-manor.html,Found,Non-Indexable,
https://www.edc.ca/en/article/ethical-guidance-for-apparel-industry.html,OK,Indexable,"Employee safety, fair wages top ethical concerns for apparel industry | EDC"
https://www.edc.ca/en/article/expand-in-us.html,OK,Indexable,Uncertainty in the U.S? Business as usual for Canadian SMEs | EDC
https://www.edc.ca/en/article/export-advice-from-sean-borquin.html,OK,Indexable,Export advice from First Light’s Sean Borquin
https://www.edc.ca/en/article/export-and-get-through-the-lows.html,OK,Indexable,iPlayco: Export and get through the lows
https://www.edc.ca/en/article/export-culture-in-nafta.html,OK,Indexable,Export culture in the age of NAFTA anxiety | EDC
https://www.edc.ca/en/article/export-india-cultural-tips.html,OK,Indexable,Exporting to India: Top 12 etiquette tips | EDC
https://www.edc.ca/en/article/export-insights-from-bladetech-hockey.html,OK,Indexable,Export insights from BladeTech Hockey's Anthony Morra
https://www.edc.ca/en/article/export-insights-from-boutique-step-up.html,OK,Indexable,Export insights from Boutique Step Up
https://www.edc.ca/en/article/export-insights-from-bridgit.html,OK,Indexable,Export insights from Canadian technology company Bridgit
https://www.edc.ca/en/article/export-insights-from-bulat-kitchen-knife.html,OK,Indexable,Export Insights from Bulat Kitchen Knife
https://www.edc.ca/en/article/export-insights-from-canada-hemp-foods.html,OK,Indexable,Export insights from Canada Hemp Foods
https://www.edc.ca/en/article/export-insights-from-canadian-natural-oils-distributor.html,OK,Indexable,Canadian Natural Oils: Distributor relationships are key to exporting
https://www.edc.ca/en/article/export-insights-from-dustin-bigney-mypakage.html,OK,Indexable,Export insights from MyPakage's Dustin Bigney
https://www.edc.ca/en/article/export-insights-from-empire-industries.html,OK,Indexable,Export insights from Empire Industries
https://www.edc.ca/en/article/export-insights-from-glint-innovation.html,OK,Indexable,Export Insights from technology company Glint Innovation
https://www.edc.ca/en/article/export-insights-from-gongshow-gear.html,OK,Indexable,Export insights from Gongshow Gear
https://www.edc.ca/en/article/export-insights-from-iwt.html,OK,Indexable,IWT’s Patrick Kiely talks first export sale to remote areas
https://www.edc.ca/en/article/export-insights-from-krumpers-solar-blinds.html,OK,Indexable,Krumpers Solar Blinds talks export success
https://www.edc.ca/en/article/export-insights-from-lumbermart.html,OK,Indexable,Export insights from LumberMart
https://www.edc.ca/en/article/export-insights-from-m0851.html,OK,Indexable,Export insights from m0851's Frédéric Mamarbachi
https://www.edc.ca/en/article/export-insights-from-mw-canada.html,OK,Indexable,Export Insights from MW Canada
https://www.edc.ca/en/article/export-insights-from-revol-technologies.html,OK,Indexable,Export Insights from Revol Technologies
https://www.edc.ca/en/article/export-insights-from-silver-crystal-sports.html,OK,Indexable,Silver Crystal Sports: Increase exports by being nimble
https://www.edc.ca/en/article/export-insights-from-simex-iwerks.html,OK,Indexable,"Export insights from Canadian innovator, SimEX-Iwerks."
https://www.edc.ca/en/article/export-insights-lyte-energy-nauman-kureshy.html,OK,Indexable,Exporting Q & A with Lyte Engery’s Nauman Kureshy
https://www.edc.ca/en/article/export-insights-mycodev-group.html,OK,Indexable,"Export insights from David Brown, founder of Mycodev Group"
https://www.edc.ca/en/article/export-insights-steve-johnston-ably-productions.html,OK,Indexable,Export insights from Steve Johnston of ably Productions
https://www.edc.ca/en/article/export-insights-with-silfab-solar.html,OK,Indexable,Export insights with Silfab Solar
https://www.edc.ca/en/article/export-into-europe-united-kingdom.html,OK,Indexable,"Tips for expanding into U.K., European markets | EDC"
https://www.edc.ca/en/article/export-markets-require-patience.html,OK,Indexable,Fresche Solutions knows new export markets require patience
https://www.edc.ca/en/article/export-niche-product-international-supply-chain.html,OK,Indexable,How MyPakage Apparel reinforced its supply chain | EDC
https://www.edc.ca/en/article/export-opportunities-china.html,OK,Indexable,How export opportunities with China are changing and growing | EDC
https://www.edc.ca/en/article/export-success-for-asham-curling.html,OK,Indexable,Asham Curling Supplies glides to export success
https://www.edc.ca/en/article/export-success-for-cogent-power.html,OK,Indexable,Added value leads to export success for Cogent Power
https://www.edc.ca/en/article/export-success-in-china.html,OK,Indexable,Martin & Vleminckx export success in China
https://www.edc.ca/en/article/export-support-from-federal-partners.html,OK,Indexable,"YES, YOU CAN! Go global with Canada’s trade experts | EDC"
https://www.edc.ca/en/article/export-tips-trends-canadian-agriculture-food.html,OK,Indexable,Export tips and trends for agriculture and food| EDC
https://www.edc.ca/en/article/export-to-malaysia-singapore-australia.html,OK,Indexable,"3 markets to watch: Malaysia, Singapore, Australia | EDC"
https://www.edc.ca/en/article/export-to-multiple-markets-fcc-2020-trade-report.html,OK,Indexable,Export to multiple markets: FCC 2020 Trade Report | EDC
https://www.edc.ca/en/article/exporters-confident-but-cautious.html,OK,Indexable,Survey says: Exporters are confident but cautious | EDC
https://www.edc.ca/en/article/exporting-craft-beer-to-asia.html,OK,Indexable,Fuggles & Warlock Craftworks: Exporting craft beer to Asia
https://www.edc.ca/en/article/exporting-insights-from-arcana-studios.html,OK,Indexable,Export insights from Arcana Studios
https://www.edc.ca/en/article/exporting-journey-for-pelican-international.html,OK,Indexable,Pelican International : Exporting is a transformative journey
https://www.edc.ca/en/article/exporting-lessons-learned-with-agrifood-business.html,OK,Indexable,Exporting lessons learned with agrifood business Fruit d’Or
https://www.edc.ca/en/article/exporting-look-to-europe.html,OK,Indexable,Exporting or thinking about it? Time to look to Europe | EDC
https://www.edc.ca/en/article/exporting-questions-answered.html,OK,Indexable,No-cost ways to get answers to your exporting questions | EDC
https://www.edc.ca/en/article/exporting-to-france-opportunities.html,OK,Indexable,"Exporting to France: AI, cleantech, agri-food growth | EDC"
https://www.edc.ca/en/article/exporting-to-germany-opportunities.html,OK,Indexable,Exporting to Germany: Tips for Canadian exporters | EDC
https://www.edc.ca/en/article/exporting-to-the-us.html,OK,Indexable,Exporting to the U.S. | EDC
https://www.edc.ca/en/article/exporting-to-united-kingdom.html,OK,Indexable,Exporting to the U.K.: Opportunities and risks | EDC
https://www.edc.ca/en/article/exporting-with-pride-travel-tips.html,OK,Non-Indexable,Exporting with Pride: Tips for travel safety - EDC
https://www.edc.ca/en/article/exporting-with-pride.html,OK,Non-Indexable,Exporting with Pride | EDC
https://www.edc.ca/en/article/faqs-russia-ukraine-conflict.html,OK,Indexable,FAQs about Russia-Ukraine conflict| EDC
https://www.edc.ca/en/article/farmers-edge-2018-cleantech-export-star.html,OK,Indexable,Farmer’s Edge: Cleantech’s 2018 export star | EDC
https://www.edc.ca/en/article/fighting-against-forced-and-child-labour-in-supply-chains.html,OK,Indexable,Fighting against forced labour in supply chains | EDC
https://www.edc.ca/en/article/find-customers-at-lower-cost-with-ecommerce.html,OK,Indexable,E-commerce can help you find customers at a lower cost
https://www.edc.ca/en/article/find-international-freight-forwarder.html,OK,Indexable,How to find a trustworthy freight forwarder | EDC
https://www.edc.ca/en/article/finding-cash-for-your-small-business-card.html,Found,Non-Indexable,
https://www.edc.ca/en/article/finding-cash-for-your-small-business.html,OK,Non-Indexable,Finding cash for your small business | EDC
https://www.edc.ca/en/article/first-light-global-shares-exporting-journey.html,OK,Indexable,Victoria-based First Light shares their exporting journey
https://www.edc.ca/en/article/flexible-payment-options-build-export-success.html,OK,Indexable,iPlayco: Flexible payment options can build export success
https://www.edc.ca/en/article/flexible-payment-terms-credit-insurance.html,OK,Indexable,Offering flexible payment terms? Credit insurance can help | EDC
https://www.edc.ca/en/article/fluid-success-story.html,OK,Indexable,How Fluid Energy used EDC to help it make a COVID-19 pivot | EDC
https://www.edc.ca/en/article/fnbc-kareway-bcap.html,OK,Indexable,Construction company finds pandemic relief with BCAP | EDC
https://www.edc.ca/en/article/foreign-exchange-rate-volatility.html,OK,Indexable,Avoiding foreign exchange rate volatility | EDC
https://www.edc.ca/en/article/fragile-economic-growth-trade-2026.html,OK,Indexable,Fragile growth and trade uncertainty in 2026 | EDC
https://www.edc.ca/en/article/free-trade-agreements.html,Moved Permanently,Non-Indexable,
https://www.edc.ca/en/article/fusebill-exporting-in-growing-fintech-industry.html,OK,Indexable,Fusebill: Exporting in a fast growing fintech industry
https://www.edc.ca/en/article/future-of-forestry-sector.html,OK,Indexable,"Innovation, diversification bud new opportunities for forestry sector | EDC"
https://www.edc.ca/en/article/fxg-3-case-studies.html,OK,Indexable,Foreign Exchange Facility Guarantee Case Studies | EDC
https://www.edc.ca/en/article/gen-ai-risk-management-for-export-businesses.html,OK,Indexable,Gen AI risk management for export businesses| EDC
https://www.edc.ca/en/article/gender-equality-for-women-in-trade.html,OK,Non-Indexable,Empowering women in trade | EDC
https://www.edc.ca/en/article/german-facts.html,OK,Indexable,Get to know Germany | EDC
https://www.edc.ca/en/article/germany-economic-transition-exporters.html,OK,Indexable,Germany’s economy shift: Export risks and opportunities | EDC
https://www.edc.ca/en/article/glint-innovation-discovers-new-global-customers.html,OK,Indexable,Glint Innovation discovers new customers all over the world
https://www.edc.ca/en/article/global-business-risk.html,OK,Indexable,Global Business is an Increasingly Risky Business | EDC
https://www.edc.ca/en/article/global-competitive-advantage-clayton-christensen.html,OK,Indexable,How innovation helps you gain a global competitive advantage | EDC
https://www.edc.ca/en/article/global-cybersecurity-exports-how-protexxa-navigated-cultural-nuances.html,OK,Indexable,Taking Canadian cybersecurity solutions global | EDC
https://www.edc.ca/en/article/global-economic-outlook-takeaways.html,OK,Indexable,7 takeaways from the global economic outlook | EDC
https://www.edc.ca/en/article/global-economic-trends.html,OK,Indexable,Top 3 Global economic trends in 2025 | EDC
https://www.edc.ca/en/article/global-food-trends-2026.html,OK,Indexable,Global food trends for 2026: What exporters need to know | EDC
https://www.edc.ca/en/article/global-impact-of-cleantech-exporters.html,OK,Indexable,The global impact of Cleantech exporters | EDC
https://www.edc.ca/en/article/global-pet-food-export-innovation.html,OK,Indexable,Buddy's Kitchen: global pet food innovation
https://www.edc.ca/en/article/global-risks-international-business.html,OK,Indexable,Global risk and international business: From Brexit to debt bombs | EDC
https://www.edc.ca/en/article/global-services-business-how-flytographer-scaled.html,OK,Indexable,Global services business: How Flytographer scaled | EDC
https://www.edc.ca/en/article/global-success-with-mergers-and-acquisitions.html,OK,Indexable,Reaching global success with mergers and acquisitions | EDC
https://www.edc.ca/en/article/global-trade-impact-2024-elections.html,OK,Indexable,2024 elections: Global trade impact | EDC
https://www.edc.ca/en/article/globalization-disrupted-not-defeated.html,OK,Indexable,"Globalization: Disrupted, not defeated | EDC"
https://www.edc.ca/en/article/godin-guitars-become-global-export-leader.html,OK,Indexable,Godin Guitars 'simplifying' to become a global export leader
https://www.edc.ca/en/article/gongshow-scores-in-the-global-arena.html,OK,Indexable,Gongshow Gear scores big in the global arena
https://www.edc.ca/en/article/goodee-exporting-home-decor.html,OK,Indexable,Goodee: exporting home décor | EDC
https://www.edc.ca/en/article/grands-ballets-canadiens-montreal.html,OK,Indexable,International spotlight: Les Grands Ballets Canadiens de Montréal
https://www.edc.ca/en/article/grow-ecommerce-business-through-exporting.html,OK,Indexable,Using e-commerce to grow your business through exporting
https://www.edc.ca/en/article/grow-sales-in-emerging-markets.html,OK,Indexable,Opportunities to grow sales in emerging markets | EDC
https://www.edc.ca/en/article/growing-canadian-tech-companies.html,OK,Indexable,Canadian tech companies growing to the next level with talent | EDC
https://www.edc.ca/en/article/guide-to-common-international-terminology.html,OK,Indexable,International trade terms explained for exporters | EDC
https://www.edc.ca/en/article/guide-to-exporting.html,OK,Indexable,How to Export from Canada: Step-by-Step Guide | EDC
https://www.edc.ca/en/article/guide-to-trade-diversification.html,OK,Indexable,Step-by-step guide to diversify your Canadian business | EDC
https://www.edc.ca/en/article/halal-food-exporting-opportunities.html,OK,Indexable,halal food exporting opportunities | EDC
https://www.edc.ca/en/article/harness-us-business-opportunities.html,OK,Indexable,The infrastructure boom: Harness U.S. business opportunities | EDC
https://www.edc.ca/en/article/healthcare-innovation-exports.html,OK,Indexable,Synaptive Medical exports healthcare innovation
https://www.edc.ca/en/article/hibernum-learns-from-international-partners.html,OK,Indexable,Hibernum learns from international partners
https://www.edc.ca/en/article/hortau-2018-cleantech-export-star.html,OK,Indexable,Hortau: 2018 Cleantech Export Star | EDC
https://www.edc.ca/en/article/how-canadian-exporters-benefit-from-edc-indo-pacific-strategy.html,OK,Indexable,How exporters benefit from our Indo-Pacific strategy | EDC
https://www.edc.ca/en/article/how-canadian-exporters-can-supply-the-ai-data-centre-boom.html,OK,Indexable,How Canadian exporters can supply the AI data centre boom | EDC
https://www.edc.ca/en/article/how-canadian-tariffs-on-us-goods-may-affect-your-business.html,OK,Indexable,Impact of Canadian tariffs on U.S. goods in 2026 | EDC
https://www.edc.ca/en/article/how-tariffs-pushed-canadian-furniture-exporter-to-grow-beyond-the-us.html,OK,Indexable,Tariffs pushed Canadian furniture exporter beyond the U.S.| EDC
https://www.edc.ca/en/article/how-tariffs-work-for-business.html,OK,Indexable,Tariffs 101: What Canadian exporters need to know | EDC
https://www.edc.ca/en/article/how-to-create-a-company-policy.html,OK,Indexable,How to create a company policy | EDC
https://www.edc.ca/en/article/how-to-diversify-your-exports-beyond-the-us.html,OK,Indexable,How to diversify your exports beyond the U.S. | EDC
https://www.edc.ca/en/article/how-to-expand-your-business-to-new-markets.html,OK,Indexable,How to expand your business to new markets | EDC
https://www.edc.ca/en/article/how-to-find-market-for-your-product.html,OK,Indexable,Find Your Export Market: Practical Guide for Canadian Companies | EDC
https://www.edc.ca/en/article/how-to-manage-export-risks.html,OK,Indexable,Export risks: 4 ways to respond to the challenge | EDC
https://www.edc.ca/en/article/how-to-manage-fx-risk-before-it-impacts-your-profits.html,OK,Indexable,How to manage FX risk before it impacts your profits | EDC
https://www.edc.ca/en/article/how-to-use-key-indicators-to-research-emerging-markets.html,OK,Indexable,How to use key indicators to research emerging markets | EDC
https://www.edc.ca/en/article/identify-target-market.html,OK,Indexable,8 Methods to Identify Your Target Market | EDC
https://www.edc.ca/en/article/identify-types-of-business-risk.html,OK,Indexable,Identify Major Types of Business Risk is Risk Management Plan | EDC
https://www.edc.ca/en/article/immigrant-employees.html,OK,Indexable,Immigrant employees offer exporting edge | EDC
https://www.edc.ca/en/article/impact-nafta-canada.html,OK,Indexable,NAFTA impact results in Canadian companies adopting “Be Prepared” motto | EDC
https://www.edc.ca/en/article/importance-of-market-research.html,OK,Indexable,Learn the Importance of Market Research | EDC
https://www.edc.ca/en/article/inclusive-trade-investments-program-card.html,Found,Non-Indexable,
https://www.edc.ca/en/article/incoterms-ex-works-rule.html,OK,Indexable,Incoterms 2020: EX Works rule explained | EDC
https://www.edc.ca/en/article/incoterms-free-carrier-rule.html,OK,Indexable,"Incoterms 2020: FCA, FOB, FAS rules explained | EDC"
https://www.edc.ca/en/article/incoterms-group-c-rules.html,OK,Indexable,Incoterms 2020: Group C rule explained | EDC
https://www.edc.ca/en/article/incoterms-group-d-rules.html,OK,Indexable,Incoterms 2020: Group D rules explained | EDC
https://www.edc.ca/en/article/incoterms-impacts-on-revenue-recognition.html,OK,Indexable,Incoterms: How the rules of trade impact your revenue | EDC
https://www.edc.ca/en/article/increase-sales-and-credibility.html,OK,Indexable,Increase sales and credibility: Become a preferred supplier | EDC
https://www.edc.ca/en/article/indigenous-companies-help-canada-transition-to-net-zero.html,OK,Indexable,Indigenous companies and the transition to net zero | EDC
https://www.edc.ca/en/article/indigenous-women-in-trade-canada.html,OK,Non-Indexable,"Indigenous women rely on strong community ties, proud heritage to grow their business | EDC"
https://www.edc.ca/en/article/indonesia-infrastructure-overview-for-canadian-exporters.html,OK,Indexable,Indonesia infrastructure overview for Canadian exporters | EDC
https://www.edc.ca/en/article/inksmith-canadian-shield.html,OK,Indexable,Reinventing business during COVID-19 | EDC
https://www.edc.ca/en/article/innovation-by-changing-business-environment.html,OK,Non-Indexable,Changing business environments helps with innovation | EDC
https://www.edc.ca/en/article/innovation-helps-you-compete-globally.html,OK,Indexable,Innovative capabilities helps you compete globally | EDC
https://www.edc.ca/en/article/integrating-innovation-into-growth-strategy.html,OK,Indexable,Integrating innovation into a business growth strategy | EDC
https://www.edc.ca/en/article/intellectual-property-exporter-success-story.html,OK,Indexable,Payments on the go | EDC
https://www.edc.ca/en/article/international-business-etiquette.html,OK,Indexable,Understanding international corporate etiquette | EDC
https://www.edc.ca/en/article/international-network-essential-for-business.html,OK,Indexable,Why an International Network is Essential for Business | EDC
https://www.edc.ca/en/article/intro-trade-data-analytics.html,OK,Indexable,An intro to modern trade data & analytics | EDC
https://www.edc.ca/en/article/investing-abroad-to-find-customers.html,OK,Indexable,Investing abroad to find global customers | EDC
https://www.edc.ca/en/article/invixium-the-new-face-of-health-and-safety.html,OK,Indexable,Invixium: The New Face of Health and Safety | EDC
https://www.edc.ca/en/article/ior-strategy-preparing-for-tariffs.html,OK,Indexable,IOR strategy: Preparing for tariffs | EDC
https://www.edc.ca/en/article/isci-success-story-edc-export-guarantee-program.html,OK,Indexable,ISCI Inc. – a career detour to becoming Founder | EDC
https://www.edc.ca/en/article/ised-releases-canada-business-app.html,OK,Indexable,Powered by innovation: the new Canada Business App | EDC
https://www.edc.ca/en/article/iwt-brings-cleantech-to-algeria.html,OK,Indexable,"P.E.I company, IWT, brings cleantech to Algerian desert"
https://www.edc.ca/en/article/jennifer-cooke-inclusive-trade-edc.html,OK,Indexable,"Dream big, be daring  | EDC"
https://www.edc.ca/en/article/krumpers-solar-blinds-grows-cleantech-business.html,OK,Indexable,Krumpers Solar Blinds grows cleantech business abroad
https://www.edc.ca/en/article/labour-shortage.html,OK,Indexable,Labour shortage? Put tech to work for you| EDC
https://www.edc.ca/en/article/latin-america-business-strategy.html,OK,Indexable,3 reasons Latin America should be part of your international business strategy | EDC
https://www.edc.ca/en/article/learn-about-martin-and-vleminckx-cultures.html,OK,Indexable,Martin & Vleminckx: Learn about other cultures
https://www.edc.ca/en/article/lessons-from-global-supply-chain-journey.html,OK,Indexable,CoolIT Systems: Lessons from the global supply chain journey
https://www.edc.ca/en/article/lets-talk-exports.html,OK,Indexable,Light at the end of the global export tunnel | EDC
https://www.edc.ca/en/article/little-miss-chief-education-importing-rules.html,OK,Indexable,Little Miss Chief: Import education is critical to success
https://www.edc.ca/en/article/lyte-energy-exporting-insights-on-china-india.html,OK,Indexable,Lyte Energy sets its exporting sights on China and India
https://www.edc.ca/en/article/making-the-connection-with-customers.html,OK,Indexable,Making the Connection with New Customers | EDC
https://www.edc.ca/en/article/manage-risk-through-market-diversification.html,OK,Indexable,Manage risk through market diversification | EDC
https://www.edc.ca/en/article/managing-political-risk.html,OK,Indexable,Managing political risk as part of business growth | EDC
https://www.edc.ca/en/article/managing-supply-chains-covid-19.html,OK,Indexable,5 tips to help manage global supply chains disrupted by COVID-19 | EDC
https://www.edc.ca/en/article/maple-leaf-brand-vitality-air.html,OK,Indexable,The maple leaf is a great brand: Vitality Air
https://www.edc.ca/en/article/market-diversification-free-trade-agreements.html,OK,Indexable,Market diversification begins with Free Trade Agreements | EDC
https://www.edc.ca/en/article/market-opportunity-brazil.html,OK,Indexable,Market of opportunity: Doing business in Brazil | EDC
https://www.edc.ca/en/article/market-opportunity-united-kingdom.html,OK,Indexable,Canada-U.K. trade: Export insights & opportunities | EDC
https://www.edc.ca/en/article/markets-to-watch-australia-us.html,OK,Indexable,Going global? Markets to watch: Australia and the U.S. | EDC
https://www.edc.ca/en/article/markets-to-watch-germany-peru-vietnam.html,OK,Indexable,Expanding abroad? Three markets to watch | EDC
https://www.edc.ca/en/article/markets-to-watch-indo-pacific.html,OK,Indexable,"3 markets to watch: Vietnam, Thailand and the Philippines | EDC"
https://www.edc.ca/en/article/masitek-exports-insights.html,OK,Indexable,Export insights from technology company Masitek
https://www.edc.ca/en/article/masitek-helps-global-companies-minimize-product-damage.html,OK,Indexable,Masitek helps global companies with go-to technology
https://www.edc.ca/en/article/maxie-lafleur-bus-dot-com.html,OK,Indexable,Bus.com CEO Maxie Lafleur | EDC
https://www.edc.ca/en/article/maximize-the-american-advantage.html,OK,Indexable,Maximize the American Advantage: Blackline Safety
https://www.edc.ca/en/article/measuring-export-performance-with-kpis.html,OK,Indexable,Measuring export success with the right KPIs | EDC
https://www.edc.ca/en/article/meet-podcast-host-bruce-croxon.html,OK,Indexable,Export advice from new EDC podcast host Bruce Croxon | EDC
https://www.edc.ca/en/article/meet-the-podcast-host-joe-mimran.html,OK,Indexable,Thinking of Exporting? Here’s Joe Mimran’s advice | EDC
https://www.edc.ca/en/article/mergers-and-acquisitions-checklist.html,OK,Indexable,M&A readiness & risk management checklist | EDC
https://www.edc.ca/en/article/meta-title.html,OK,Indexable,Meta title
https://www.edc.ca/en/article/mexico-ambassador-nafta.html,Moved Permanently,Non-Indexable,
https://www.edc.ca/en/article/mexico-election-impacts-canada-trade.html,OK,Indexable,Mexico’s Presidential Election: What it means for Canada | EDC
https://www.edc.ca/en/article/mexicos-new-administration-and-canada-exports.html,OK,Indexable,Post election - What’s next for Mexico? | EDC
https://www.edc.ca/en/article/mondetta-success-story.html,OK,Indexable,How EDC helped Mondetta COVID-19 response | EDC
https://www.edc.ca/en/article/montreal-m0851-export-design-drives-global-success.html,OK,Indexable,m0851 design drives global success
https://www.edc.ca/en/article/montreals-manmade-grows-in-canada-and-the-us.html,OK,Indexable,Montreal’s Manmade grows in Canada and the U.S. | EDC
https://www.edc.ca/en/article/moxie-trades-exports-female-work-wear-globally.html,OK,Indexable,Moxie Trades' exports female work wear around the world
https://www.edc.ca/en/article/mw-canada-leading-global-textile-exporter.html,OK,Indexable,MW Canada leading global textile exporter
https://www.edc.ca/en/article/mycodev-group-exports-clean-solution.html,OK,Indexable,New Brunswick innovator exports clean solution
https://www.edc.ca/en/article/myriam-jean-baptiste-is-cream-liqueur.html,OK,Indexable,Breaking into the North American liquor industry | EDC
https://www.edc.ca/en/article/myths-about-exporting.html,OK,Indexable,Debunking 6 exporting myths | EDC
https://www.edc.ca/en/article/nafta-mexico-restricted-trade.html,OK,Indexable,"NAFTA 2.0: Mexico wants to enhance, not restrict trade | EDC"
https://www.edc.ca/en/article/nafta-negotiation.html,OK,Indexable,American storm: What NAFTA “Tweaks” mean for Canada | EDC
https://www.edc.ca/en/article/nafta-negotiations-and-resources-for-exporting.html,OK,Indexable,NAFTA negotiations & resources: The pulse of trade from experts | EDC
https://www.edc.ca/en/article/nafta-talks-trade-confidence.html,OK,Indexable,4 reasons to be trade confident through NAFTA talks | EDC
https://www.edc.ca/en/article/nafta-to-cusma.html,OK,Indexable,NAFTA to CUSMA | EDC
https://www.edc.ca/en/article/nafta-wishlist.html,OK,Indexable,U.S. Government’s NAFTA Wish List: What it Means for Canada | EDC
https://www.edc.ca/en/article/navigating-us-steel-and-aluminum-tariffs.html,OK,Indexable,Navigating the U.S. steel and aluminum tariffs | EDC
https://www.edc.ca/en/article/negotiating-international-contracts.html,OK,Indexable,Negotiating international contracts | EDC
https://www.edc.ca/en/article/new-export-market-research.html,OK,Indexable,Research is Key to Understanding New Export Markets | EDC
https://www.edc.ca/en/article/nhl-players-help-bladetech-hockey-with-export-potential.html,OK,Indexable,NHL players help Bladetech Hockey with its exports
https://www.edc.ca/en/article/niche-marks-the-spot-for-twi-foods.html,OK,Indexable,"For TWI Foods, niche marks the spot"
https://www.edc.ca/en/article/north-america-economic-outlook.html,OK,Indexable,North American economic outlook 2026 | EDC
https://www.edc.ca/en/article/northland-power-wind-energy-expansion-cleantech.html,OK,Indexable,Northland Power wind energy expansion | EDC
https://www.edc.ca/en/article/oil-gas-support.html,Moved Permanently,Non-Indexable,
https://www.edc.ca/en/article/onenergy-business-moves-faster-in-usa.html,OK,Indexable,ONEnergy: Business moves at a faster pace in the U.S.
https://www.edc.ca/en/article/onenergy-tackles-energy-costs-in-us-market.html,OK,Indexable,"ONEnergy tackles energy costs, finds success in U.S. market"
https://www.edc.ca/en/article/opportunities-for-canadian-exporters-in-united-states-bruce-heyman.html,OK,Indexable,U.S. shortages open floodgates for Canadian exports | EDC
https://www.edc.ca/en/article/opportunities-united-states-infrastructure-sector.html,OK,Indexable,Opportunities in the U.S. infrastructure sector | EDC
https://www.edc.ca/en/article/organic-food-agreements-open-global-markets-to-canadian-exporters.html,OK,Indexable,Organic food deals open markets to Canadian exporters | EDC
https://www.edc.ca/en/article/overcoming-export-challenges-how-loulou-lollipop-built-global-brand.html,OK,Indexable,LouLou Lollipop: Overcoming export challenges to go global | EDC
https://www.edc.ca/en/article/overcoming-ict-challenges.html,OK,Indexable,Overcoming information and communication technology challenges | EDC
https://www.edc.ca/en/article/p-and-p-optica-2018-cleantech-one-to-watch.html,OK,Indexable,P&P Opitca: 2018 Cleantech “one to watch” | EDC
https://www.edc.ca/en/article/paralympic-innovations-go-global.html,OK,Indexable,Athletes Roll Out Innovation to New Markets | EDC
https://www.edc.ca/en/article/partnerships-help-coolit-systems-grow-globally.html,OK,Indexable,Partnerships helps CoolIT Systems grow globally
https://www.edc.ca/en/article/personalized-list-of-government-programs.html,OK,Indexable,Got 2 minutes? Get your personalized list of government programs | EDC
https://www.edc.ca/en/article/peru-market-to-watch.html,OK,Indexable,A market to watch: Peru | EDC
https://www.edc.ca/en/article/phantom-intelligence-leads-automotive-innovation.html,OK,Indexable,Phantom Intelligence leads to automotive innovation globally
https://www.edc.ca/en/article/philippines-business-etiquette.html,OK,Indexable,Philippines business etiquette | EDC
https://www.edc.ca/en/article/pioneer-log-homes-uses-marketing-to-export-globally.html,OK,Indexable,Pioneer Log Homes uses marketing to help meet global demand
https://www.edc.ca/en/article/political-risk-emerging-markets.html,OK,Indexable,How political risks in emerging markets have a domino effect | EDC
https://www.edc.ca/en/article/pottery-direct-advance-payment-insurance.html,OK,Indexable,Get relief from up-front payment concerns | EDC
https://www.edc.ca/en/article/power-of-diversification.html,OK,Indexable,The exponential power of diversification | EDC
https://www.edc.ca/en/article/powered-to-grow-exports.html,OK,Non-Indexable,Exporting with Pride: Powered to grow | EDC
https://www.edc.ca/en/article/ppoptica-uses-the-science-of-light.html,OK,Indexable,P&P Optica uses the science of light | EDC
https://www.edc.ca/en/article/prana-founder-hosts-edc-french-podcast.html,OK,Indexable,Guiding principles help steer Prana Organics to success | EDC
https://www.edc.ca/en/article/prana-success-story-edc-investment-matching.html,OK,Indexable,PRANA Biovegan: Changing the world with healthy snacks | EDC
https://www.edc.ca/en/article/preferred-supplier-research.html,OK,Indexable,Want to get on a preferred supplier list? Do this research first | EDC
https://www.edc.ca/en/article/prepare-emerging-market-risks.html,OK,Indexable,Be aware and prepare for emerging-market risks | EDC
https://www.edc.ca/en/article/prepare-for-french-election.html,OK,Indexable,Beyond the French elections: An effective exporter’s toolkit | EDC
https://www.edc.ca/en/article/prepare-for-top-business-risks.html,OK,Indexable,Preparing for today's top business risks | EDC
https://www.edc.ca/en/article/prevent-intellectual-property-infringement.html,OK,Indexable,How to Protect Your Intellectual Property Internationally | EDC
https://www.edc.ca/en/article/protecting-your-intellectual-property-rights.html,OK,Indexable,Protecting Your Intellectual Property Rights: Why Companies Should Care | EDC
https://www.edc.ca/en/article/pyrowave-2018-cleantech-one-to-watch.html,OK,Indexable,"Pyrowave: 2018 Cleantech""One to watch"" | EDC"
https://www.edc.ca/en/article/pyrowave-microwave-technology.html,OK,Indexable,Pyrowave: breaking down plastics for recycling | EDC
https://www.edc.ca/en/article/q-and-a-with-jennifer-cooke.html,OK,Indexable,Women going global | Q&A with Jennifer Cooke | EDC
https://www.edc.ca/en/article/quebec-robotiq-helping-manufacturing-industry.html,OK,Indexable,Quebec's Robotiq is helping the manufacturing industry
https://www.edc.ca/en/article/questions-on-buy-america.html,OK,Indexable,"Buy America, Buy American, America First: From an expert’s mouth | EDC"
https://www.edc.ca/en/article/recover-duties-with-duty-drawback-program-canada.html,OK,Indexable,Recover duties with Duty Drawback Program Canada | EDC
https://www.edc.ca/en/article/reducing-freight-costs.html,OK,Indexable,Strategies for reducing international freight costs | EDC
https://www.edc.ca/en/article/reflections-on-russia-ukraine-war.html,OK,Indexable,Reflections on the Russia-Ukraine war: Assessing the impacts | EDC
https://www.edc.ca/en/article/registered-exporter-system-rex.html,OK,Indexable,REX Number for Canadian Exporters: CETA Explained | EDC
https://www.edc.ca/en/article/relationships-important-for-ar-mining-export-success.html,OK,Indexable,Relationships important for AR Mining Parts' export success
https://www.edc.ca/en/article/renewable-energy-opportunities-australia.html,OK,Indexable,Renewable energy sector opportunities in Australia | EDC
https://www.edc.ca/en/article/rentmoola-fintech-exports-make-paying-rent-easier.html,OK,Indexable,RentMoola using fintech to help you pay rent
https://www.edc.ca/en/article/research-competition.html,OK,Indexable,Research will set you apart from the competition | EDC
https://www.edc.ca/en/article/revol-brings-10000-customers-worldwide-by-crowdfunding.html,OK,Indexable,"Revol brings 10,000 customers worldwide by crowdfunding"
https://www.edc.ca/en/article/risk-management-with-incoterms-2020.html,OK,Indexable,Risk management with Incoterms 2020: Exporting made safer | EDC
https://www.edc.ca/en/article/risks-advantages-export-payment-terms.html,OK,Indexable,Rewards & risks of export payment terms | EDC
https://www.edc.ca/en/article/risks-emerging-markets.html,OK,Indexable,Rising risks in emerging markets – Should you worry? | EDC
https://www.edc.ca/en/article/riz-foods-finds-success-in-middle-east.html,OK,Indexable,Riz Global Foods' success in the Middle East
https://www.edc.ca/en/article/riz-global-foods-understands-cultures-export-success.html,OK,Indexable,Export insights from Riz Global Foods' Syed Ali
https://www.edc.ca/en/article/robotiq-technology-industry-standard-worldwide.html,OK,Indexable,Quebec's Robotiq is an industry standard worldwide
https://www.edc.ca/en/article/rules-of-origin-overview-for-canadian-exporters.html,OK,Indexable,Rules vs. certificates of origin: A guide for Canadian exporters | EDC
https://www.edc.ca/en/article/running-export-business-remotely.html,OK,Indexable,Running your export business remotely during the COVID-19 pandemic | EDC
https://www.edc.ca/en/article/saas-sector-economic-insights.html,OK,Indexable,SaaS companies poised to thrive despite COVID-19 | EDC
https://www.edc.ca/en/article/saltwater-technologies-innovation-for-wastewater.html,OK,Indexable,Saltwater Technologies uses innovation for wastewater
https://www.edc.ca/en/article/scaling-educational-technology-in-global-markets-with-lu.html,OK,Indexable,Scaling educational technology in global markets with Lü | EDC
https://www.edc.ca/en/article/seafood-industry-recovering.html,OK,Indexable,Seafood industry slowly recovering from COVID-19 | EDC
https://www.edc.ca/en/article/selling-to-international-markets.html,OK,Indexable,5 ways you can start selling into international markets | EDC
https://www.edc.ca/en/article/service-exporters.html,OK,Non-Indexable,I was an exporter and I didn’t know it | EDC
https://www.edc.ca/en/article/service-exports-boost-canadian-economy.html,OK,Indexable,Service exports boost Canada’s economy and global brand | EDC
https://www.edc.ca/en/article/servicing-the-world.html,OK,Indexable,Servicing the world with confidence | EDC
https://www.edc.ca/en/article/setting-up-a-global-business.html,OK,Indexable,Setting up business in another country: 5 considerations | EDC
https://www.edc.ca/en/article/setting-up-business-in-another-country.html,Moved Permanently,Non-Indexable,
https://www.edc.ca/en/article/seven-canadian-companies-share-exporting-tips.html,OK,Indexable,7 Canadian companies share their top exporting tips | EDC
https://www.edc.ca/en/article/silfab-solars-targets-us-export-market.html,OK,Indexable,Silfab Solar targets the U.S. market to grow their exports
https://www.edc.ca/en/article/silver-crystal-sports-expands-to-australia.html,OK,Indexable,Silver Crystal Sports expands beyond Canada to Australia
https://www.edc.ca/en/article/singapore-faq-tips.html,OK,Indexable,Singapore FAQs and exporting tips | EDC
https://www.edc.ca/en/article/skilled-executives-give-global-competitive-advantage.html,OK,Indexable,Boost Global Competitive Advantage with Skilled Executives | EDC
https://www.edc.ca/en/article/sme-esg-canada-report-card.html,Found,Non-Indexable,
https://www.edc.ca/en/article/sme-esg-canada-report.html,OK,Indexable,SMEs and sustainability | EDC
https://www.edc.ca/en/article/snapcab-success-story.html,OK,Indexable,SnapCab creates safe place during COVID-19 pandemic | EDC
https://www.edc.ca/en/article/software-app-success-for-company-bridgit.html,OK,Indexable,Construction software company Bridgit finds success with app
https://www.edc.ca/en/article/somadetect-wins-edc-pitch-competition.html,OK,Indexable,SomaDetect wins EDC’s 2023 Cleantech Pitch Competition| EDC
https://www.edc.ca/en/article/soti-adapts-to-export-markets-worldwide.html,OK,Indexable,SOTI adapts to different export markets worldwide
https://www.edc.ca/en/article/sound-lights-drives-export-success-in-africa.html,OK,Indexable,Saint-Boniface Sound & Lights drives export success in Africa
https://www.edc.ca/en/article/sound-lights-exports-gives-back-to-hometown.html,OK,Indexable,Saint-Boniface Sound & Lights gives back to hometown | EDC
https://www.edc.ca/en/article/south-korea-health-wellness-sector.html,OK,Indexable,South Korea’s health and wellness sector | EDC
https://www.edc.ca/en/article/startup-canada-top-tips-export-ready.html,OK,Indexable,Top 5 signs that your startup is ready to go global | EDC
https://www.edc.ca/en/article/state-of-the-union-canada-trade.html,OK,Indexable,State of the Union includes few mentions of Canada and trade
https://www.edc.ca/en/article/stemcell-technologies-export-story.html,OK,Indexable,STEMCELL Technologies export story spans 20 years
https://www.edc.ca/en/article/stemcell-technologies-global-vision.html,OK,Indexable,STEMCELL Technologies' global long-term vision
https://www.edc.ca/en/article/strengthen-global-supply-chain-tips.html,OK,Indexable,8 things you need to know to strengthen your supply chain | EDC
https://www.edc.ca/en/article/strikeup-conference-for-women-entrepreneurs.html,OK,Indexable,StrikeUP 2024: Empowering business women to drive change | EDC
https://www.edc.ca/en/article/strong-credit-management-practices.html,OK,Indexable,Why your business needs strong credit management practices | EDC
https://www.edc.ca/en/article/successfully-exporting-fintech-industry-rentmoola.html,OK,Indexable,RentMoola successfully exports in fintech industry
https://www.edc.ca/en/article/supply-chain-diversity.html,OK,Indexable,Supply chain diversity | EDC
https://www.edc.ca/en/article/supply-chain-optimization-to-mitigate-risks-of-global-trade.html,OK,Indexable,Supply chain optimization to mitigate global trade risks | EDC
https://www.edc.ca/en/article/sustainability-101-embedding-sustainability-into-your-business.html,OK,Indexable,Embedding sustainability into your business | EDC
https://www.edc.ca/en/article/synaptive-medical-builds-solutions-from-problems.html,OK,Indexable,Synaptive Medical sees a problem and builds a solution
https://www.edc.ca/en/article/take-on-international-export-competition.html,OK,Indexable,How to take on your international competition: Webinar recap | EDC
https://www.edc.ca/en/article/talent-management-strategies.html,OK,Indexable,5 Talent Management Strategies to Help Competitive Position | EDC
https://www.edc.ca/en/article/tantalus-cleantech-revolutionizes-electrical-grids.html,OK,Indexable,Tantalus: Cleantech innovator modernizing grids| EDC
https://www.edc.ca/en/article/tariff-mitigation-checklist.html,OK,Indexable,Adapting your business to CUSMA changes | EDC
https://www.edc.ca/en/article/tariffs-impact-canada-exporter.html,OK,Indexable,Tariffs FAQ: What Canadian businesses need to know | EDC
https://www.edc.ca/en/article/taste-of-nature.html,OK,Indexable,EDC becomes key ingredient in Taste of Nature’s growth | EDC
https://www.edc.ca/en/article/tata-communications.html,OK,Indexable,Partnering to protect human rights | EDC
https://www.edc.ca/en/article/tech-startups-build-global-expansion-plan.html,OK,Indexable,Tech startups: How to build your global expansion plan | EDC
https://www.edc.ca/en/article/test-article-page.html,OK,Non-Indexable,Test Article Page
https://www.edc.ca/en/article/test-page-dontpublish.html,OK,Indexable,test-page-dontpublish
https://www.edc.ca/en/article/the-rise-of-artificial-intelligence.html,OK,Indexable,The rise of artificial intelligence | EDC
https://www.edc.ca/en/article/the-support-you-need-to-grow-global.html,OK,Indexable,The support you need to grow global | EDC
https://www.edc.ca/en/article/three-markets-trade-diversification.html,OK,Indexable,Trade diversification: 3 strategic markets to explore | EDC
https://www.edc.ca/en/article/tips-for-women-exporting-to-the-us.html,OK,Indexable,Women entrepreneurs offer tips for exporting to the U.S. | EDC
https://www.edc.ca/en/article/top-10-company-risks.html,OK,Indexable,The top 10 risks for Canadian companies abroad | EDC
https://www.edc.ca/en/article/top-10-global-risks.html,OK,Indexable,Top 10 global risks facing Canadian companies | EDC
https://www.edc.ca/en/article/top-10-risks-guide-infographic-2019.html,Found,Non-Indexable,
https://www.edc.ca/en/article/top-3-ranked-emerging-markets-by-region-card.html,Found,Non-Indexable,
https://www.edc.ca/en/article/top-3-ranked-emerging-markets-by-region.html,OK,Indexable,Top 3 Ranked Emerging Markets by Region | EDC
https://www.edc.ca/en/article/top-3-ranked-emerging-markets-by-region/bahrain.html,OK,Indexable,Bahrain | Top Emerging Markets | EDC
https://www.edc.ca/en/article/top-3-ranked-emerging-markets-by-region/chile.html,OK,Indexable,Chile | Top Emerging Markets | EDC
https://www.edc.ca/en/article/top-3-ranked-emerging-markets-by-region/china.html,OK,Indexable,China | Top Emerging Markets | EDC
https://www.edc.ca/en/article/top-3-ranked-emerging-markets-by-region/hungary.html,OK,Indexable,Hungary | Top Emerging Markets | EDC
https://www.edc.ca/en/article/top-3-ranked-emerging-markets-by-region/india.html,OK,Indexable,India | Top Emerging Markets | EDC
https://www.edc.ca/en/article/top-3-ranked-emerging-markets-by-region/malaysia.html,OK,Indexable,Malaysia | Top Emerging Markets | EDC
https://www.edc.ca/en/article/top-3-ranked-emerging-markets-by-region/panama.html,OK,Indexable,Panama | Top Emerging Markets | EDC
https://www.edc.ca/en/article/top-3-ranked-emerging-markets-by-region/poland.html,OK,Indexable,Poland | Top Emerging Markets | EDC
https://www.edc.ca/en/article/top-3-ranked-emerging-markets-by-region/qatar.html,OK,Indexable,Qatar | Top Emerging Markets | EDC
https://www.edc.ca/en/article/top-3-ranked-emerging-markets-by-region/romania.html,OK,Indexable,Romania | Top Emerging Markets | EDC
https://www.edc.ca/en/article/top-3-ranked-emerging-markets-by-region/united-arab-emirates.html,OK,Indexable,UAE | Top Emerging Markets | EDC
https://www.edc.ca/en/article/top-3-ranked-emerging-markets-by-region/uruguay.html,OK,Indexable,Uruguay | Top Emerging Markets | EDC
https://www.edc.ca/en/article/top-canadian-ebay-entrepreneur.html,OK,Indexable,"Top Canadian eBay entrepreneur, Wooki"
https://www.edc.ca/en/article/top-food-trends-2025.html,OK,Indexable,Top food trends for 2025: Insights from EDC’s agri-food expert | EDC
https://www.edc.ca/en/article/top-tips-for-successful-merger.html,OK,Indexable,Top tips for a successful merger or acquisition | EDC
https://www.edc.ca/en/article/top-tropical-markets.html,OK,Non-Indexable,Top Tropical Markets to Export To | EDC
https://www.edc.ca/en/article/trade-canada-mexico.html,OK,Indexable,"Trade triggers: speculation, NAFTA, WTO, TPP, Mexico and the BAT | EDC"
https://www.edc.ca/en/article/trade-compliance-supply-chain-logistics.html,OK,Indexable,Trade compliance and supply chain logistics | EDC
https://www.edc.ca/en/article/trade-confidence-archive.html,OK,Indexable,Fall 2017 Trade Confidence Index:  Taking a More Critical Look at the next six months
https://www.edc.ca/en/article/trade-confidence-index-card.html,Found,Non-Indexable,
https://www.edc.ca/en/article/trade-confidence-index-spring-20171.html,OK,Indexable,Spring 2017 Trade Confidence Index: Optimism in Uncertainty | EDC
https://www.edc.ca/en/article/trade-confidence-index.html,OK,Indexable,Trade Confidence Index: Exporters adapt to uncertainty | EDC
https://www.edc.ca/en/article/trade-confidence-survey.html,OK,Indexable,Protectionism takes its toll - EDC
https://www.edc.ca/en/article/trade-deal-opportunities.html,OK,Indexable,Why Canada’s trade deal with Europe offers new growth opportunities  | EDC
https://www.edc.ca/en/article/trade-diversification.html,OK,Indexable,Diversification: An exporting essential | EDC
https://www.edc.ca/en/article/trade-enabling-infrastructure-gaps.html,OK,Indexable,Canada’s strained trade infrastructure needs investment | EDC
https://www.edc.ca/en/article/trade-highlights.html,OK,Indexable,5 trade highlights in 2018 and beyond | EDC
https://www.edc.ca/en/article/trade-missions-accelerate-export-plans.html,OK,Indexable,How a trade mission can accelerate your export plans | EDC
https://www.edc.ca/en/article/trade-shows-b2b-matchmaking-export-growth.html,OK,Indexable,Why trade shows and B2B matchmaking drive export growth | EDC
https://www.edc.ca/en/article/trends-international-trade.html,OK,Indexable,8 international trade experts share non-NAFTA Export Trends | EDC
https://www.edc.ca/en/article/trucker-protest-puts-pressure-on-supply-chains.html,OK,Indexable,Trucker protests put pressure on Canadian supply chains | EDC
https://www.edc.ca/en/article/trump-report-card.html,OK,Indexable,President Trump's trade report card | EDC
https://www.edc.ca/en/article/ukraine-manage-business-risk.html,OK,Indexable,5 tips: Managing business risk in turbulent times | EDC
https://www.edc.ca/en/article/understanding-international-sales-tax.html,OK,Indexable,Understanding international sales tax | EDC
https://www.edc.ca/en/article/understanding-new-incoterms-2020.html,OK,Indexable,Frequently asked questions about Incoterms 2020 | EDC
https://www.edc.ca/en/article/united-states-election-impact-canada.html,OK,Indexable,How the U.S. election could impact Canadian companies | EDC
https://www.edc.ca/en/article/unleashing-potential-indonesia.html,OK,Indexable,Market of opportunity: Unleashing Indonesia’s potential | EDC
https://www.edc.ca/en/article/uruguay-market-access.html,OK,Indexable,Uruguay: Reliable market access for Canadian exporters | EDC
https://www.edc.ca/en/article/us-canada-election-trade-risk.html,OK,Indexable,Impact of U.S. election on Canadian trade | EDC
https://www.edc.ca/en/article/us-export-opportunities.html,OK,Indexable,Where in the U.S. should you export? | EDC
https://www.edc.ca/en/article/us-infrastructure-ppp.html,OK,Indexable,U.S. infrastructure deficit creates opportunity for Canadian companies | EDC
https://www.edc.ca/en/article/us-market-moxie-trades-export-success.html,OK,Indexable,Export insights from Moxie Trades' Marissa McTasney
https://www.edc.ca/en/article/us-springboard-global-markets.html,OK,Indexable,3 ways to use the US as a springboard to global markets | EDC
https://www.edc.ca/en/article/us-tariffs-costs.html,OK,Indexable,U.S. tariffs: Costs for Canadian exporters | EDC
https://www.edc.ca/en/article/us-tariffs-on-steel-and-aluminum.html,Found,Non-Indexable,
https://www.edc.ca/en/article/us-top-market-for-canadian-business.html,OK,Indexable,U.S. top market destination for Canadian business | EDC
https://www.edc.ca/en/article/us-trade-and-auto.html,OK,Indexable,NAFTA 2.0: Keeping calm and driving on for Canadian auto industry | EDC
https://www.edc.ca/en/article/us-trade-ma.html,OK,Indexable,Cross-border M&A under U.S. economic and trade uncertainty | EDC
https://www.edc.ca/en/article/usmca-stability-for-auto-sector.html,OK,Indexable,How USMCA offers stability for Canada’s auto sector | EDC
https://www.edc.ca/en/article/vitality-air-exports-fresh-mountain-air.html,OK,Indexable,Vitality Air exports fresh mountain air
https://www.edc.ca/en/article/wastewater-treatment-with-carbonet.html,OK,Indexable,Industrial water treatment by CarboNet goes global | EDC
https://www.edc.ca/en/article/western-oiltools-path-to-export-success.html,OK,Indexable,Western Oiltools' innovative path to export success
https://www.edc.ca/en/article/western-oiltools-positive-record-helps-export-success.html,OK,Indexable,Western Oiltools' positive track record helps export success
https://www.edc.ca/en/article/westport-fuel-systems-2018-cleantech-export-star.html,OK,Indexable,Westport Fuel Systems: 2018 Cleantech Export Star | EDC
https://www.edc.ca/en/article/westport-fuel-systems-drives-innovation-power-cleaner-tomorrow.html,OK,Indexable,Westport Fuel Systems: where are they now | EDC
https://www.edc.ca/en/article/what-buy-american-means-canadian-exporters.html,OK,Indexable,What ‘Buy America’ means for your business | EDC
https://www.edc.ca/en/article/what-employees-want.html,OK,Indexable,What employees want: How to compete for talent | EDC
https://www.edc.ca/en/article/what-is-ecolabel.html,OK,Indexable,Ecolabelling in the EU: Business benefits | EDC
https://www.edc.ca/en/article/what-is-intellectual-property.html,OK,Indexable,5 Ways to Protect Your Intellectual Property | EDC
https://www.edc.ca/en/article/why-preferred-supplier-list.html,OK,Indexable,Why you need to get on a preferred supplier list | EDC
https://www.edc.ca/en/article/why-price-localization-matters.html,OK,Indexable,Why price localization matters | EDC
https://www.edc.ca/en/article/why-women-need-to-export.html,OK,Indexable,Why Canadian women should export | EDC
https://www.edc.ca/en/article/win-new-customers.html,OK,Indexable,6 ways to break into a market to win new customers | EDC
https://www.edc.ca/en/article/women-ecommerce-business-boom.html,OK,Indexable,"If you’re a female business owner, it’s time to jump on the e-commerce business boom | EDC"
https://www.edc.ca/en/article/women-entrepreneurs-overcome-challenges-to-grow-global-sales.html,OK,Indexable,Women entrepreneurs beat challenges to grow globally | EDC
https://www.edc.ca/en/article/women-global-supply-chains.html,Found,Non-Indexable,
https://www.edc.ca/en/article/women-in-trade-success-tips.html,OK,Non-Indexable,Women in trade: What it takes to succeed | EDC
https://www.edc.ca/en/article/xebec-adsorption-helps-world-transition-low-carbon-future.html,OK,Indexable,Xebec Adsorption: where are they now | EDC
https://www.edc.ca/en/bio.html,Moved Permanently,Non-Indexable,
https://www.edc.ca/en/bio/adam-radwanski.html,Found,Non-Indexable,
https://www.edc.ca/en/bio/adi-gullia.html,OK,Indexable,Adi Gullia | Posts on EDC.ca
https://www.edc.ca/en/bio/agatha-alstrom.html,OK,Indexable,Agatha Alstrom | Posts on EDC.ca
https://www.edc.ca/en/bio/aida-alvarenga.html,OK,Indexable,Aida Alvarenga | Posts on EDC.ca
https://www.edc.ca/en/bio/ailish-campbell.html,OK,Indexable,Dr. Ailish Campbell | Posts on EDC.ca
https://www.edc.ca/en/bio/aisha-yang.html,OK,Indexable,Aisha Yang | Posts on EDC.ca
https://www.edc.ca/en/bio/al-hamdani.html,OK,Indexable,Al Hamdani | Posts on EDC.ca
https://www.edc.ca/en/bio/al-pritchard.html,OK,Indexable,Al Pritchard | Posts on EDC.ca
https://www.edc.ca/en/bio/alain-menard.html,OK,Indexable,Alain Ménard | Posts on EDC.ca
https://www.edc.ca/en/bio/alakh-prasad.html,OK,Indexable,Alakh Prasad  | Posts on EDC.ca
https://www.edc.ca/en/bio/alan-dewar.html,OK,Indexable,Alan Dewar | Posts on EDC.ca
https://www.edc.ca/en/bio/alan-kim.html,OK,Indexable,Alan Kim | Posts on EDC.ca
https://www.edc.ca/en/bio/alan-muchnik.html,OK,Indexable,Alan Muchnik | Posts on EDC.ca
https://www.edc.ca/en/bio/albert-van-eeden.html,OK,Indexable,Albert Van Eeden | Posts on EDC.ca
https://www.edc.ca/en/bio/alejandra-tellez.html,OK,Indexable,Alejandra Téllez | Posts on EDC.ca
https://www.edc.ca/en/bio/alessandro-longo.html,OK,Indexable,Alessandro Longo | Posts on EDC.ca
https://www.edc.ca/en/bio/alex-heroux.html,OK,Indexable,Alex Héroux | Posts on EDC.ca
https://www.edc.ca/en/bio/alexandra-bell.html,OK,Indexable,Alexandra Bell | Posts on EDC.ca
https://www.edc.ca/en/bio/alexandra-cutean.html,OK,Indexable,Alexandra Cutean | Posts on EDC.ca
https://www.edc.ca/en/bio/alexandra-wrage.html,OK,Indexable,Alexandra Wrage | Posts on EDC.ca
https://www.edc.ca/en/bio/alexandre-faria.html,OK,Indexable,Alexandre Faria | Posts on EDC.ca
https://www.edc.ca/en/bio/alexandre-lemieux.html,OK,Indexable,Alexandre Lemieux | Posts on EDC.ca
https://www.edc.ca/en/bio/alexandre-pelletier.html,OK,Indexable,Alexandre Pelletier | Posts on EDC.ca
https://www.edc.ca/en/bio/ali-lajevardi.html,OK,Indexable,Ali Lajevardi | Posts on EDC.ca
https://www.edc.ca/en/bio/alienor-fagette.html,OK,Indexable,Aliénor Fagette  | Posts on EDC.ca
https://www.edc.ca/en/bio/alison-nankivell.html,OK,Indexable,Alison Nankivell | Posts on EDC.ca
https://www.edc.ca/en/bio/alison-taylor.html,OK,Indexable,Alison Taylor | Posts on EDC.ca
https://www.edc.ca/en/bio/alka-sood.html,OK,Indexable,Alka Sood | Posts on EDC.ca
https://www.edc.ca/en/bio/allison-thorne.html,OK,Indexable,Allison Thorne | Posts on EDC.ca
https://www.edc.ca/en/bio/allon-katz.html,OK,Indexable,Allon Katz | Posts on EDC.ca
https://www.edc.ca/en/bio/amanda-klucowicz.html,OK,Indexable,Amanda Klucowicz |  Posts on EDC.ca
https://www.edc.ca/en/bio/amanda-martyniuk.html,OK,Indexable,Amanda Martyniuk | Posts on EDC.ca
https://www.edc.ca/en/bio/amandine-gakima.html,OK,Indexable,Amandine Gakima | Posts on EDC.ca
https://www.edc.ca/en/bio/amber-piche.html,OK,Indexable,Amber Piche | Posts on EDC.ca
https://www.edc.ca/en/bio/amelie-manseau.html,OK,Indexable,Amélie Manseau | Posts on EDC.ca
https://www.edc.ca/en/bio/amesika-baeta.html,OK,Indexable,Amesika Baëta | Posts on EDC.ca
https://www.edc.ca/en/bio/amira-dali.html,OK,Indexable,Amira Dali | Posts on EDC.ca
https://www.edc.ca/en/bio/amy-gopal.html,OK,Indexable,Amy Gopal | Posts on EDC.ca
https://www.edc.ca/en/bio/amy-karam.html,OK,Indexable,Amy Karam | Posts on EDC.ca
https://www.edc.ca/en/bio/amy-minsky.html,OK,Indexable,Amy Minsky | Posts on EDC.ca
https://www.edc.ca/en/bio/ana-teresa-rizo.html,OK,Indexable,Ana Teresa Rizo | Posts on EDC.ca
https://www.edc.ca/en/bio/andre-surprenant.html,OK,Indexable,Andre Surprenant | Posts on EDC.ca
https://www.edc.ca/en/bio/andrea-clements.html,OK,Indexable,Andrea Clements | Posts on EDC.ca
https://www.edc.ca/en/bio/andrea-gardella.html,OK,Indexable,Andrea Gardella | Posts on EDC.ca
https://www.edc.ca/en/bio/andrea-gaunt.html,OK,Indexable,Andrea Gaunt | Posts on EDC.ca
https://www.edc.ca/en/bio/andrea-siegman.html,OK,Indexable,Andrea Siegman | Posts on EDC.ca
https://www.edc.ca/en/bio/andree-lise-methot.html,OK,Indexable,Andrée-Lise Méthot | Posts on EDC.ca
https://www.edc.ca/en/bio/andres-felipe-parra-serrano.html,OK,Indexable,Andrés Felipe Parra Serrano | Posts on EDC.ca
https://www.edc.ca/en/bio/andres-friedman.html,OK,Indexable,Andrés Friedman | Posts on EDC.ca
https://www.edc.ca/en/bio/andres-hevia.html,OK,Indexable,Andrés Hevia | Posts on EDC.ca
https://www.edc.ca/en/bio/andrew-dicapua.html,OK,Indexable,Andrew DiCapua | Posts on EDC.ca
https://www.edc.ca/en/bio/andrew-macmartin.html,OK,Indexable,Andrew MacMartin | Posts on EDC.ca
https://www.edc.ca/en/bio/andrew-smith.html,OK,Indexable,Andrew Smith | Posts on EDC.ca
https://www.edc.ca/en/bio/anesu-gamanya.html,OK,Indexable,Anesu Gamanya | Posts on EDC.ca
https://www.edc.ca/en/bio/angel-kho.html,OK,Indexable,Angel Kho | Posts on EDC.ca
https://www.edc.ca/en/bio/angela-fong.html,OK,Indexable,Angela Fong | Posts on EDC.ca
https://www.edc.ca/en/bio/angela-pigeon.html,OK,Indexable,Angela Pigeon | Posts on EDC.ca
https://www.edc.ca/en/bio/angela-rodriguez.html,OK,Indexable,Angela Rodriguez | Posts on EDC.ca
https://www.edc.ca/en/bio/angie-salas.html,OK,Indexable,Angie Salas | Posts on EDC.ca
https://www.edc.ca/en/bio/anick-de-sousa.html,OK,Indexable,Anick de Sousa | Posts on EDC.ca
https://www.edc.ca/en/bio/anita-ramasastry.html,OK,Indexable,Anita Ramasastry | Posts on EDC.ca
https://www.edc.ca/en/bio/ann-marie-anderson.html,OK,Indexable,Ann-Marie Anderson | Posts on EDC.ca
https://www.edc.ca/en/bio/anne-marie-gagnon.html,OK,Indexable,Anne-Marie Gagnon | Posts on EDC.ca
https://www.edc.ca/en/bio/anouk-bergeron.html,OK,Indexable,Anouk Bergeron | Posts on EDC.ca
https://www.edc.ca/en/bio/april-reilly.html,OK,Indexable,April Reilly | Posts on EDC.ca
https://www.edc.ca/en/bio/aqeel-rahim.html,OK,Non-Indexable,Aqeel Rahim | Posts on EDC.ca
https://www.edc.ca/en/bio/arlene-dickinson.html,OK,Indexable,Arlene Dickinson | Posts on EDC.ca
https://www.edc.ca/en/bio/armin-nourozi.html,OK,Indexable,Armin Nourozi | Posts on EDC.ca
https://www.edc.ca/en/bio/arnaud-franco.html,OK,Indexable,Arnaud Franco | Posts on EDC.ca
https://www.edc.ca/en/bio/arnold-liwanag.html,OK,Indexable,Arnold Liwanag | Posts on EDC.ca
https://www.edc.ca/en/bio/arnon-melo.html,OK,Indexable,Arnon Melo | Posts on EDC.ca
https://www.edc.ca/en/bio/arun-rebello.html,OK,Indexable,Arun Rebello | Posts on EDC.ca
https://www.edc.ca/en/bio/ashlee-froese.html,OK,Indexable,Ashlee Froese | Posts on EDC.ca
https://www.edc.ca/en/bio/ashley-kanary.html,OK,Indexable,Ashley Kanary | Posts on EDC.ca
https://www.edc.ca/en/bio/audrey-ross.html,OK,Indexable,Audrey Ross | Posts on EDC.ca
https://www.edc.ca/en/bio/aya-idihya.html,OK,Indexable,Aya Idihya | Posts on EDC.ca
https://www.edc.ca/en/bio/baljit-sierra.html,OK,Indexable,Baljit Sierra | Posts on EDC.ca
https://www.edc.ca/en/bio/basil-ennab.html,OK,Indexable,Basil Ennab | Posts on EDC.ca
https://www.edc.ca/en/bio/beiling-yan.html,OK,Indexable,Beiling Yan | Posts on EDC.ca
https://www.edc.ca/en/bio/bemal-mehta.html,OK,Indexable,Bemal Mehta | Posts on EDC.ca
https://www.edc.ca/en/bio/benedict-wray.html,OK,Indexable,Benedict Wray | Posts on EDC.ca
https://www.edc.ca/en/bio/benito-chiodo.html,OK,Indexable,Benito Chiodo | Posts on EDC.ca
https://www.edc.ca/en/bio/benoit-daignault.html,OK,Indexable,Benoit Daignault | Posts on EDC.ca
https://www.edc.ca/en/bio/benoit-marcoux.html,OK,Indexable,Benoit Marcoux | Posts on EDC.ca
https://www.edc.ca/en/bio/bill-macheras.html,OK,Indexable,Bill Macheras | Posts on EDC.ca
https://www.edc.ca/en/bio/birgit-matthiesen.html,OK,Indexable,Birgit Matthiesen | Posts on EDC.ca
https://www.edc.ca/en/bio/bojan-opsenica.html,OK,Indexable,Bojan Opsenica | Posts on EDC.ca
https://www.edc.ca/en/bio/bree-jamieson-holloway.html,OK,Indexable,Bree Jamieson-Holloway | Posts on EDC.ca
https://www.edc.ca/en/bio/brenda-bouw.html,Found,Non-Indexable,
https://www.edc.ca/en/bio/brenda-brown.html,OK,Indexable,Brenda Brown | Posts on EDC.ca
https://www.edc.ca/en/bio/brenda-smith.html,OK,Indexable,Brenda Smith | Posts on EDC.ca
https://www.edc.ca/en/bio/brennan-loh.html,OK,Indexable,Brennan Loh | Posts on EDC.ca
https://www.edc.ca/en/bio/brian-friesen.html,OK,Non-Indexable,Brian Friesen  | Posts on EDC.ca
https://www.edc.ca/en/bio/brian-gordon.html,OK,Indexable,Brian Gordon | Posts on EDC.ca
https://www.edc.ca/en/bio/brian-kingston.html,OK,Indexable,Brian Kingston | Posts on EDC.ca
https://www.edc.ca/en/bio/brian-staples.html,OK,Indexable,Brian Staples | Posts on EDC.ca
https://www.edc.ca/en/bio/brock-murray.html,OK,Indexable,Brock Murray | Posts on EDC.ca
https://www.edc.ca/en/bio/bruce-a-heyman.html,OK,Indexable,Bruce A. Heyman | Posts on EDC.ca
https://www.edc.ca/en/bio/bruce-dunlop.html,OK,Indexable,Bruce Dunlop | Posts on EDC.ca
https://www.edc.ca/en/bio/bruno-chaput.html,OK,Indexable,Bruno Chaput | Posts on EDC.ca
https://www.edc.ca/en/bio/bryan-sirois.html,OK,Indexable,Bryan Sirois | Posts on EDC.ca
https://www.edc.ca/en/bio/brynna-leslie.html,OK,Indexable,Brynna Leslie | Posts on EDC.ca
https://www.edc.ca/en/bio/cameron-jelinski.html,OK,Indexable,Cameron Jelinski | Posts on EDC.ca
https://www.edc.ca/en/bio/cameron-jones.html,OK,Indexable,Cameron Jones | Posts on EDC.ca
https://www.edc.ca/en/bio/camille-farrell.html,OK,Indexable,Camille Farrell | Posts on EDC.ca
https://www.edc.ca/en/bio/camilo-bresciani.html,OK,Indexable,Camilo Bresciani | Posts on EDC.ca
https://www.edc.ca/en/bio/carl-breau.html,OK,Indexable,Carl Breau | Posts on EDC.ca
https://www.edc.ca/en/bio/carl-burlock.html,OK,Indexable,Carl Burlock | Posts on EDC.ca
https://www.edc.ca/en/bio/carl-landry.html,OK,Indexable,Carl Landry | Posts on EDC.ca
https://www.edc.ca/en/bio/carley-mortimer.html,OK,Indexable,Carley Mortimer  | Posts on EDC.ca
https://www.edc.ca/en/bio/carol-fragiskos.html,OK,Indexable,Carol Fragiskos | Posts on EDC.ca
https://www.edc.ca/en/bio/carolina-lazo-interiano.html,OK,Indexable,Carolina Lazo Interiano | Posts on EDC.ca
https://www.edc.ca/en/bio/caroline-abela.html,OK,Indexable,Caroline Abela | Posts on EDC.ca
https://www.edc.ca/en/bio/caroline-elie.html,OK,Indexable,Caroline Elie | Posts on EDC.ca
https://www.edc.ca/en/bio/carolyn-carson.html,OK,Indexable,Carolyn Carson | Posts on EDC.ca
https://www.edc.ca/en/bio/carolyn-carson2.html,OK,Indexable,Carolyn Carson | Posts on EDC.ca
https://www.edc.ca/en/bio/carolyn-chisholm.html,OK,Indexable,Carolyn Chisholm | Posts on EDC.ca
https://www.edc.ca/en/bio/cassandra-dorrington.html,OK,Indexable,Cassandra Dorrington | Posts on EDC.ca
https://www.edc.ca/en/bio/catherine-beach.html,OK,Indexable,Catherine Beach  | Posts on EDC.ca
https://www.edc.ca/en/bio/catherine-choi.html,OK,Indexable,Catherine Choi | Posts on EDC.ca
https://www.edc.ca/en/bio/cathy-gillespie.html,OK,Indexable,Cathy Gillespie | Posts on EDC.ca
https://www.edc.ca/en/bio/cathy-mcknight.html,OK,Indexable,Cathy McKnight | Posts on EDC.ca
https://www.edc.ca/en/bio/chia-wan-liew.html,OK,Indexable,Chia Wan Liew | Posts on EDC.ca
https://www.edc.ca/en/bio/chris-bertrand.html,OK,Indexable,Chris Bertrand | Posts on EDC.ca
https://www.edc.ca/en/bio/chris-freimond.html,OK,Indexable,Chris Freimond | Posts on EDC.ca
https://www.edc.ca/en/bio/chris-provost.html,OK,Indexable,Chris Provost | Posts on EDC.ca
https://www.edc.ca/en/bio/chris-turner.html,OK,Indexable,Chris Turner | Posts on EDC.ca
https://www.edc.ca/en/bio/christa-wessel.html,OK,Indexable,Christa Wessel | Posts on EDC.ca
https://www.edc.ca/en/bio/christian-daroch.html,OK,Indexable,Christian Daroch | Posts on EDC.ca
https://www.edc.ca/en/bio/christian-orglmeister.html,OK,Indexable,Christian Orglmeister | Posts on EDC.ca
https://www.edc.ca/en/bio/christina-zurowski.html,OK,Indexable,Christina Zurowski | Posts on EDC.ca
https://www.edc.ca/en/bio/christine-nakamura.html,OK,Indexable,Christine Nakamura | Posts on EDC.ca
https://www.edc.ca/en/bio/christopher-o-donnell.html,OK,Indexable,Christopher O’Donnell | Posts on EDC.ca
https://www.edc.ca/en/bio/christopher-stead.html,OK,Indexable,Christopher Stead | Posts on EDC.ca
https://www.edc.ca/en/bio/chuck-cartmill.html,OK,Indexable,Chuck Cartmill | Posts on EDC.ca
https://www.edc.ca/en/bio/cindy-lim.html,OK,Indexable,Cindy Lim | Posts on EDC.ca
https://www.edc.ca/en/bio/claire-citeau.html,OK,Indexable,Claire Citeau | Posts on EDC.ca
https://www.edc.ca/en/bio/claire-sookman.html,OK,Indexable,Claire Sookman | Posts on EDC.ca
https://www.edc.ca/en/bio/claude-letourneau.html,OK,Indexable,Claude Létourneau  | Posts on EDC.ca
https://www.edc.ca/en/bio/claudia-sevillano.html,OK,Indexable,Claudia Sevillano | Posts on EDC.ca
https://www.edc.ca/en/bio/claudio-ramirez.html,OK,Indexable,Claudio Ramirez | Posts on EDC.ca
https://www.edc.ca/en/bio/connie-jensen.html,OK,Indexable,Connie Jensen | Posts on EDC.ca
https://www.edc.ca/en/bio/connie-stacey.html,OK,Indexable,Connie Stacey | Posts on EDC.ca
https://www.edc.ca/en/bio/constance-griffin.html,OK,Indexable,Constance Griffin | Posts on EDC.ca
https://www.edc.ca/en/bio/constance-obrien.html,OK,Indexable,Constance O’Brien |  Posts on EDC.ca
https://www.edc.ca/en/bio/corey-black.html,OK,Indexable,Corey Black | Posts on EDC.ca
https://www.edc.ca/en/bio/craig-klemmer.html,OK,Indexable,Craig Klemmer | Posts on EDC.ca
https://www.edc.ca/en/bio/dana-tunks.html,OK,Indexable,Dana Tunks | Posts on EDC.ca
https://www.edc.ca/en/bio/daniel-benatuil.html,OK,Indexable,Daniel Benatuil | Posts on EDC.ca
https://www.edc.ca/en/bio/daniel-bermudez.html,OK,Indexable,Daniel Bermudez | Posts on EDC.ca
https://www.edc.ca/en/bio/daniel-moore.html,OK,Indexable,Daniel Moore | Posts on EDC.ca
https://www.edc.ca/en/bio/daniel-putnam.html,OK,Indexable,Daniel Putnam | Posts on EDC.ca
https://www.edc.ca/en/bio/daniel-tobok.html,OK,Indexable,Daniel Tobok | Posts on EDC.ca
https://www.edc.ca/en/bio/daniele-henkel.html,OK,Indexable,Daniele Henkel | Posts on EDC.ca
https://www.edc.ca/en/bio/danielle-cooper.html,OK,Indexable,Danielle Cooper | Posts on EDC.ca
https://www.edc.ca/en/bio/danny-xu.html,OK,Indexable,Danny Xu | Posts on EDC.ca
https://www.edc.ca/en/bio/darrel-burnouf.html,OK,Indexable,Darrel Burnouf | Posts on EDC.ca
https://www.edc.ca/en/bio/darren-anderson.html,OK,Indexable,Darren Anderson | Posts on EDC.ca
https://www.edc.ca/en/bio/darren-shaw.html,OK,Indexable,Darren Shaw | Posts on EDC.ca
https://www.edc.ca/en/bio/darren-smith.html,OK,Indexable,Darren Smith | Posts on EDC.ca
https://www.edc.ca/en/bio/darryl-nelson.html,OK,Indexable,Darryl Nelson | Posts on EDC.ca
https://www.edc.ca/en/bio/dave-collyer.html,OK,Indexable,Dave Collyer  | Posts on EDC.ca
https://www.edc.ca/en/bio/dave-d-oyen.html,OK,Indexable,Dave D’Oyen  | Posts on EDC.ca
https://www.edc.ca/en/bio/dave-russell.html,OK,Indexable,Dave Russell | Posts on EDC.ca
https://www.edc.ca/en/bio/david-bostwick.html,OK,Indexable,David Bostwick | Posts on EDC.ca
https://www.edc.ca/en/bio/david-coode.html,OK,Indexable,David Coode | Posts on EDC.ca
https://www.edc.ca/en/bio/david-gauthier.html,OK,Indexable,David Gauthier | Posts on EDC.ca
https://www.edc.ca/en/bio/david-greenall.html,OK,Indexable,David Greenall | Posts on EDC.ca
https://www.edc.ca/en/bio/david-weiner.html,OK,Indexable,David Weiner | Posts on EDC.ca
https://www.edc.ca/en/bio/david-wheeler.html,OK,Indexable,David Wheeler | Posts on EDC.ca
https://www.edc.ca/en/bio/debra-boyce.html,OK,Indexable,Debra Boyce  | Posts on EDC.ca
https://www.edc.ca/en/bio/debra-mckinnon.html,OK,Indexable,Debra McKinnon | Posts on EDC.ca
https://www.edc.ca/en/bio/delaney-schweitzer.html,OK,Indexable,Delaney Schweitzer | Posts on EDC.ca
https://www.edc.ca/en/bio/denan-kuni.html,OK,Indexable,Denan Kuni | Posts on EDC.ca
https://www.edc.ca/en/bio/denis-archambault.html,OK,Indexable,Denis Archambault | Posts on EDC.ca
https://www.edc.ca/en/bio/dennis-jones.html,OK,Indexable,Dennis Jones | Posts on EDC.ca
https://www.edc.ca/en/bio/derek-bishop.html,OK,Indexable,Derek Bishop | Posts on EDC.ca
https://www.edc.ca/en/bio/derek-layne.html,OK,Indexable,Derek Layne | Posts on EDC.ca
https://www.edc.ca/en/bio/deyra-fontaine.html,OK,Indexable,Deyra Fontaine | Posts on EDC.ca
https://www.edc.ca/en/bio/diane-belliveau.html,OK,Indexable,Diane Belliveau | Posts on EDC.ca
https://www.edc.ca/en/bio/diego-gallegos.html,OK,Indexable,Diego Gallegos | Posts on EDC.ca
https://www.edc.ca/en/bio/dimitri-sarabalos.html,OK,Indexable,Dimitri Sarabalos | Posts on EDC.ca
https://www.edc.ca/en/bio/dina-santos.html,OK,Indexable,Dina Santos | Posts on EDC.ca
https://www.edc.ca/en/bio/dionne-laslo-baker.html,OK,Indexable,Dionne Laslo Baker | Posts on EDC.ca
https://www.edc.ca/en/bio/domenic-dimondo.html,OK,Indexable,Domenic Dimondo  | Posts on EDC.ca
https://www.edc.ca/en/bio/domenic-mancini.html,OK,Indexable,Domenic Mancini | Posts on EDC.ca
https://www.edc.ca/en/bio/dominic-deneault.html,OK,Indexable,Dominic Deneault | Posts on EDC.ca
https://www.edc.ca/en/bio/dominic-mailhot.html,OK,Indexable,Dominic Mailhot | Posts on EDC.ca
https://www.edc.ca/en/bio/dominique-bergevin.html,OK,Indexable,Dominique Bergevin | Posts on EDC.ca
https://www.edc.ca/en/bio/don-young.html,OK,Indexable,Don Young | Posts on EDC.ca
https://www.edc.ca/en/bio/duane-robson.html,OK,Indexable,Duane Robson | Posts on EDC.ca
https://www.edc.ca/en/bio/eduardo-bohorquez.html,OK,Indexable,Eduardo Bohórquez | Posts on EDC.ca
https://www.edc.ca/en/bio/edward-steeves.html,OK,Indexable,Edward Steeves | Posts on EDC.ca
https://www.edc.ca/en/bio/elise-dedekam.html,OK,Indexable,Elise Dedekam | Posts on EDC.ca
https://www.edc.ca/en/bio/elise-racicot.html,OK,Indexable,Elise Racicot | Posts on EDC.ca
https://www.edc.ca/en/bio/emiliano-introcaso.html,OK,Indexable,Emiliano Introcaso | Posts on EDC.ca
https://www.edc.ca/en/bio/emily-dalphy.html,OK,Indexable,Emily Dalphy | Posts on EDC.ca
https://www.edc.ca/en/bio/emily-king.html,OK,Indexable,Emily King | Posts on EDC.ca
https://www.edc.ca/en/bio/emmanuelle-mansart.html,OK,Indexable,Emmanuelle Mansart | Posts on EDC.ca
https://www.edc.ca/en/bio/enya-amalou.html,OK,Indexable,Enya Amalou | Posts on EDC.ca
https://www.edc.ca/en/bio/eric-fallon.html,OK,Indexable,Eric Fallon | Posts on EDC.ca
https://www.edc.ca/en/bio/eric-walsh.html,OK,Indexable,Eric Walsh | Posts on EDC.ca
https://www.edc.ca/en/bio/erin-ellis.html,OK,Indexable,Erin Ellis | Posts on EDC.ca
https://www.edc.ca/en/bio/erin-hutchison.html,OK,Indexable,Erin Hutchison | Posts on EDC.ca
https://www.edc.ca/en/bio/eugenio-fernandez-aldea.html,OK,Indexable,Eugenio Fernandez Aldea | Posts on EDC.ca
https://www.edc.ca/en/bio/fabien-lichota.html,OK,Indexable,Fabien Lichota | Posts on EDC.ca
https://www.edc.ca/en/bio/famer-engin.html,OK,Indexable,Famer Engin | Posts on EDC.ca
https://www.edc.ca/en/bio/felipe-sanmiguel.html,OK,Indexable,Felipe Sanmiguel | Posts on EDC.ca
https://www.edc.ca/en/bio/felix-jimenez.html,OK,Indexable,Felix Jimenez | Posts on EDC.ca
https://www.edc.ca/en/bio/fernando-bellido.html,OK,Indexable,Fernando Bellido  | Posts on EDC.ca
https://www.edc.ca/en/bio/fiona-hawkshaw.html,OK,Indexable,Fiona Hawkshaw | Posts on EDC.ca
https://www.edc.ca/en/bio/fitt.html,OK,Indexable,Forum for International Trade Training | Posts on EDC.ca
https://www.edc.ca/en/bio/flavio-volpe.html,OK,Indexable,Flavio Volpe | Posts on EDC.ca
https://www.edc.ca/en/bio/flora-livesey.html,OK,Indexable,Flora Livesey | Posts on EDC.ca
https://www.edc.ca/en/bio/florence-mazerolle.html,OK,Indexable,Florence Mazerolle |  Posts on EDC.ca
https://www.edc.ca/en/bio/francis-baillargeon.html,OK,Indexable,Francis Baillargeon | Posts on EDC.ca
https://www.edc.ca/en/bio/frank-figliomeni.html,OK,Indexable,Frank Figliomeni | Posts on EDC.ca
https://www.edc.ca/en/bio/fred-di-blasio.html,OK,Indexable,Fred Di Blasio | Posts on EDC.ca
https://www.edc.ca/en/bio/gabriel-cruz.html,OK,Indexable,Gabriel Cruz  | Posts on EDC.ca
https://www.edc.ca/en/bio/gabriel-jabbour.html,OK,Indexable,Gabriel Jabbour | Posts on EDC.ca
https://www.edc.ca/en/bio/gabriel-vermette.html,OK,Indexable,Gabriel Vermette | Posts on EDC.ca
https://www.edc.ca/en/bio/gabrielle-etcheverry.html,OK,Indexable,Gabrielle Etcheverry | Posts on EDC.ca
https://www.edc.ca/en/bio/gail-lord.html,OK,Indexable,Gail Lord | Posts on EDC.ca
https://www.edc.ca/en/bio/gayle-roenbaugh.html,OK,Indexable,Gayle Roenbaugh | Posts on EDC.ca
https://www.edc.ca/en/bio/george-monize.html,OK,Indexable,George Monize | Posts on EDC.ca
https://www.edc.ca/en/bio/georgina-starkman-danzig.html,OK,Indexable,Georgina Starkman Danzig | Posts on EDC.ca
https://www.edc.ca/en/bio/glen-mcpherson.html,OK,Indexable,Glen McPherson | Posts on EDC.ca
https://www.edc.ca/en/bio/glen-millard.html,OK,Indexable,Glen Millard | Posts on EDC.ca
https://www.edc.ca/en/bio/gordon-lambert.html,OK,Indexable,Gordon Lambert | Posts on EDC.ca
https://www.edc.ca/en/bio/gordon-scharf.html,OK,Indexable,Gordon Scharf | Posts on EDC.ca
https://www.edc.ca/en/bio/grant-lynds.html,OK,Indexable,Grant Lynds | Posts on EDC.ca
https://www.edc.ca/en/bio/greg-henderson.html,OK,Indexable,Greg Henderson | Posts on EDC.ca
https://www.edc.ca/en/bio/greg-macdonald.html,OK,Indexable,Greg MacDonald | Posts on EDC.ca
https://www.edc.ca/en/bio/gregory-trippenbach.html,OK,Indexable,Gregory Trippenbach | Posts on EDC.ca
https://www.edc.ca/en/bio/guillaume-healy.html,OK,Indexable,Guillaume Healy | Posts on EDC.ca
https://www.edc.ca/en/bio/guillermo-freire.html,OK,Indexable,Guillermo Freire | Posts on EDC.ca
https://www.edc.ca/en/bio/guillermo-rishchynski.html,OK,Indexable,Guillermo Rishchynski | Posts on EDC.ca
https://www.edc.ca/en/bio/gustavo-galvis.html,OK,Indexable,Gustavo Galvis | Posts on EDC.ca
https://www.edc.ca/en/bio/gwenaele-montagner.html,OK,Indexable,Gwenaele Montagner | Posts on EDC.ca
https://www.edc.ca/en/bio/gwladys-tapsoba.html,OK,Indexable,Gwladys Tapsoba | Posts on EDC.ca
https://www.edc.ca/en/bio/hani-wannamaker.html,OK,Indexable,Hani Wannamaker | Posts on EDC.ca
https://www.edc.ca/en/bio/heather-gray.html,OK,Indexable,Heather Gray | Posts on EDC.ca
https://www.edc.ca/en/bio/heather-j-culbert.html,OK,Indexable,Heather J. Culbert | Posts on EDC.ca
https://www.edc.ca/en/bio/hugo-meunier.html,OK,Indexable,Hugo Meunier | Posts on EDC.ca
https://www.edc.ca/en/bio/ian-tobman.html,OK,Indexable,Ian Tobman | Posts on EDC.ca
https://www.edc.ca/en/bio/imtiaz-kermali.html,OK,Indexable,Imtiaz Kermali | Posts on EDC.ca
https://www.edc.ca/en/bio/iryna-burak.html,OK,Indexable,Iryna Burak | Posts on EDC.ca
https://www.edc.ca/en/bio/isabel-dion.html,OK,Indexable,Isabel Dion | Posts on EDC.ca
https://www.edc.ca/en/bio/j-p-brun.html,OK,Indexable,J-P Brun | Posts on EDC.ca
https://www.edc.ca/en/bio/jacques-latour.html,OK,Indexable,Jacques Latour | Posts on EDC.ca
https://www.edc.ca/en/bio/jaime-bellido.html,OK,Indexable,Jaime Bellido | Posts on EDC.ca
https://www.edc.ca/en/bio/jaimie-lickers.html,OK,Indexable,Jaimie Lickers | Posts on EDC.ca
https://www.edc.ca/en/bio/jake-augustine.html,OK,Indexable,Jake Augustine | Posts on EDC.ca
https://www.edc.ca/en/bio/jake-karls.html,OK,Indexable,Jake Karls  | Posts on EDC.ca
https://www.edc.ca/en/bio/james-novak.html,OK,Indexable,James Novak | Posts on EDC.ca
https://www.edc.ca/en/bio/james-yurichuk.html,OK,Indexable,James Yurichuk | Posts on EDC.ca
https://www.edc.ca/en/bio/jamie-keely.html,OK,Indexable,Jamie Keely | Posts on EDC.ca
https://www.edc.ca/en/bio/jane-daly.html,OK,Indexable,Jane Daly | Posts on EDC.ca
https://www.edc.ca/en/bio/janet-annesley.html,OK,Indexable,Janet Annesley | Posts on EDC.ca
https://www.edc.ca/en/bio/janet-stewart.html,OK,Indexable,Janet Stewart | Posts on EDC.ca
https://www.edc.ca/en/bio/janet-wilson.html,OK,Indexable,Janet Wilson | Posts on EDC.ca
https://www.edc.ca/en/bio/jared-burns.html,OK,Indexable,Jared Burns | Posts on EDC.ca
https://www.edc.ca/en/bio/jason-thompson.html,OK,Non-Indexable,Jason Thompson | Posts on EDC.ca
https://www.edc.ca/en/bio/jay-albers.html,OK,Indexable,Jay Albers | Posts on EDC.ca
https://www.edc.ca/en/bio/jean-bernard-ruggieri.html,OK,Indexable,Jean-Bernard Ruggieri | Posts on EDC.ca
https://www.edc.ca/en/bio/jean-christian-brillant.html,OK,Indexable,Jean-Christian Brillant | Posts on EDC.ca
https://www.edc.ca/en/bio/jean-dominique-leraci.html,OK,Indexable,Jean-Dominique Leraci | Posts on EDC.ca
https://www.edc.ca/en/bio/jean-philippe-gervais.html,OK,Indexable,Jean-Philippe Gervais | Posts on EDC.ca
https://www.edc.ca/en/bio/jean-philippe-linteau.html,OK,Indexable,Jean-Philippe Linteau | Posts on EDC.ca
https://www.edc.ca/en/bio/jeff-brownlee.html,OK,Indexable,Jeff Brownlee | Posts on EDC.ca
https://www.edc.ca/en/bio/jeff-godfrey.html,OK,Indexable,Jeff Godfrey | Posts on EDC.ca
https://www.edc.ca/en/bio/jeff-graham.html,OK,Indexable,Jeff Graham | Posts on EDC.ca
https://www.edc.ca/en/bio/jeff-keats.html,OK,Indexable,Jeff Keats | Posts on EDC.ca
https://www.edc.ca/en/bio/jeff-more.html,OK,Indexable,Jeff More | Posts on EDC.ca
https://www.edc.ca/en/bio/jeffrey-orser.html,OK,Indexable,Jeffrey Orser | Posts on EDC.ca
https://www.edc.ca/en/bio/jennifer-campbell.html,OK,Indexable,Jennifer Campbell | Posts on EDC.ca
https://www.edc.ca/en/bio/jennifer-cooke.html,OK,Indexable,Jennifer Cooke | Posts on EDC.ca
https://www.edc.ca/en/bio/jennifer-sommerfeld.html,OK,Indexable,Jennifer Sommerfeld | Posts on EDC.ca
https://www.edc.ca/en/bio/jennifer-topping.html,OK,Indexable,Jennifer Topping | Posts on EDC.ca
https://www.edc.ca/en/bio/jeremy-melhuish.html,OK,Indexable,Jeremy Melhuish | Posts on EDC.ca
https://www.edc.ca/en/bio/jerome-pischella.html,OK,Indexable,Jérôme Pischella | Posts on EDC.ca
https://www.edc.ca/en/bio/jerry-wang.html,OK,Indexable,Jerry Wang | Posts on EDC.ca
https://www.edc.ca/en/bio/jessica-draker.html,OK,Indexable,Jessica Draker - Posts on EDC.ca
https://www.edc.ca/en/bio/jessica-horwitz.html,OK,Indexable,Jessica B. Horwitz | Posts on EDC.ca
https://www.edc.ca/en/bio/jesus-ballesteros.html,OK,Indexable,Jesus Ballesteros | Posts on EDC.ca
https://www.edc.ca/en/bio/jim-witham.html,OK,Indexable,Jim Witham | Posts on EDC.ca
https://www.edc.ca/en/bio/joanne-de-franco.html,OK,Indexable,Joanne De Franco | Posts on EDC.ca
https://www.edc.ca/en/bio/joanne-tognarelli.html,OK,Indexable,Joanne Tognarelli | Posts on EDC.ca
https://www.edc.ca/en/bio/joel-adams.html,OK,Indexable,Joel Adams | Posts on EDC.ca
https://www.edc.ca/en/bio/johanna-franz.html,OK,Indexable,Johanna Franz | Posts on EDC.ca
https://www.edc.ca/en/bio/john-bitzan.html,OK,Indexable,John Bitzan | Posts on EDC.ca
https://www.edc.ca/en/bio/john-middleton.html,OK,Indexable,John Middleton | Posts on EDC.ca
https://www.edc.ca/en/bio/john-pires.html,OK,Indexable,John Pires | Posts on EDC.ca
https://www.edc.ca/en/bio/jolene-dilny.html,OK,Indexable,Jolene Dilny | Posts on EDC.ca
https://www.edc.ca/en/bio/jon-drimmer.html,OK,Indexable,Jon Drimmer | Posts on EDC.ca
https://www.edc.ca/en/bio/jon-joel.html,OK,Indexable,Jon Joel | Posts on EDC.ca
https://www.edc.ca/en/bio/jonathan-fowlie.html,OK,Indexable,Jonathan Fowlie  | Posts on EDC.ca
https://www.edc.ca/en/bio/jonathan-kaida.html,OK,Indexable,Jonathan Kaida | Posts on EDC.ca
https://www.edc.ca/en/bio/jonathan-pastrikos.html,OK,Indexable,Jonathan Pastrikos | Posts on EDC.ca
https://www.edc.ca/en/bio/jordan-duff.html,OK,Indexable,Jordan Duff | Posts on EDC.ca
https://www.edc.ca/en/bio/jordan-turley.html,OK,Indexable,Jordan Turley | Posts on EDC.ca
https://www.edc.ca/en/bio/jorge-rave.html,OK,Indexable,Jorge A. Rave | Posts on EDC.ca
https://www.edc.ca/en/bio/jorge-sanhueza.html,OK,Indexable,Jorge Sanhueza | Posts on EDC.ca
https://www.edc.ca/en/bio/joseph-cooke.html,OK,Indexable,Joseph Cooke | Posts on EDC.ca
https://www.edc.ca/en/bio/josh-fine.html,OK,Indexable,Josh Fine | Posts on EDC.ca
https://www.edc.ca/en/bio/josh-wong.html,OK,Indexable,Josh Wong | Posts on EDC.ca
https://www.edc.ca/en/bio/joshua-green.html,OK,Indexable,Joshua Green | Posts on EDC.ca
https://www.edc.ca/en/bio/josie-l-mousseau.html,OK,Indexable,Josie L. Mousseau | Posts on EDC.ca
https://www.edc.ca/en/bio/jovanka-charbonneau.html,OK,Non-Indexable,Jovanka Charbonneau | Posts on EDC.ca
https://www.edc.ca/en/bio/joy-nott.html,OK,Indexable,Joy Nott | Posts on EDC.ca
https://www.edc.ca/en/bio/joy-rankothge.html,OK,Indexable,Joy Rankothge | Posts on EDC.ca
https://www.edc.ca/en/bio/joy-yap.html,OK,Indexable,Joy Yap | Posts on EDC.ca
https://www.edc.ca/en/bio/juan-sebastian-panesso.html,OK,Indexable,Juan Sebastián Panesso | Posts on EDC.ca
https://www.edc.ca/en/bio/juana-valentina-mican-garcia.html,OK,Indexable,Juana Valentina Micán García | Posts on EDC.ca
https://www.edc.ca/en/bio/judy-cotte.html,OK,Indexable,Judy Cotte  | Posts on EDC.ca
https://www.edc.ca/en/bio/juliana-perez-garcia.html,OK,Indexable,Juliana Perez Garcia | Posts on EDC.ca
https://www.edc.ca/en/bio/julie-beun.html,OK,Indexable,Julie Beun | Posts on EDC.ca
https://www.edc.ca/en/bio/julie-jeffires.html,OK,Indexable,Julie Jeffires | Posts on EDC.ca
https://www.edc.ca/en/bio/julie-perreault.html,OK,Indexable,Julie Perreault | Posts on EDC.ca
https://www.edc.ca/en/bio/julie-pottier.html,OK,Indexable,Julie Pottier | Posts on EDC.ca
https://www.edc.ca/en/bio/julie-robidoux.html,OK,Indexable,Julie Robidoux | Posts on EDC.ca
https://www.edc.ca/en/bio/june-kang.html,OK,Indexable,June Kang | Posts on EDC.ca
https://www.edc.ca/en/bio/justin-taylor.html,OK,Indexable,Justin Taylor | Posts on EDC.ca
https://www.edc.ca/en/bio/justine-hendricks.html,OK,Indexable,Justine Hendricks | Posts on EDC.ca
https://www.edc.ca/en/bio/kailey-gilchrist.html,OK,Indexable,Kailey Gilchrist  | Posts on EDC.ca
https://www.edc.ca/en/bio/karen-clarke-whistler.html,OK,Indexable,Karen Clarke-Whistler | Posts on EDC.ca
https://www.edc.ca/en/bio/karen-hennessey.html,OK,Indexable,Karen Hennessey | Posts on EDC.ca
https://www.edc.ca/en/bio/karen-macwilliam.html,OK,Indexable,Karen MacWilliam | Posts on EDC.ca
https://www.edc.ca/en/bio/karen-trujillo.html,OK,Indexable,Karen Trujillo | Posts on EDC.ca
https://www.edc.ca/en/bio/karen-turner.html,OK,Indexable,Karen Turner | Posts on EDC.ca
https://www.edc.ca/en/bio/kari-yuers.html,OK,Indexable,Kari Yuers | Posts on EDC.ca
https://www.edc.ca/en/bio/karicia-quiroz.html,OK,Indexable,Karicia Quiroz | Posts on EDC.ca
https://www.edc.ca/en/bio/karn-manhas.html,OK,Indexable,Karn Manhas | Posts on EDC.ca
https://www.edc.ca/en/bio/karna-gupta.html,OK,Indexable,Karna Gupta | Posts on EDC.ca
https://www.edc.ca/en/bio/kate-murdoch.html,OK,Indexable,Kate Murdoch | Posts on EDC.ca
https://www.edc.ca/en/bio/kathleen-brown.html,OK,Indexable,Kathleen Brown | Posts on EDC.ca
https://www.edc.ca/en/bio/kathleen-childs.html,OK,Indexable,Kathleen Childs | Posts on EDC.ca
https://www.edc.ca/en/bio/kathleen-freimond.html,OK,Indexable,Kathleen Freimond | Posts on EDC.ca
https://www.edc.ca/en/bio/kayla-isabelle.html,OK,Indexable,Kayla Isabelle | Posts on EDC.ca
https://www.edc.ca/en/bio/kelly-brown.html,OK,Indexable,Kelly Brown | Posts on EDC.ca
https://www.edc.ca/en/bio/kendal-hembroff.html,OK,Indexable,Kendal Hembroff | Posts on EDC.ca
https://www.edc.ca/en/bio/kevin-elliott.html,OK,Indexable,Kevin Elliott | Posts on EDC.ca
https://www.edc.ca/en/bio/kevin-klaassen.html,OK,Indexable,Kevin Klaassen - Posts on EDC.ca
https://www.edc.ca/en/bio/khozema-anajwalla.html,OK,Indexable,Khozema Anajwalla  | Posts on EDC.ca
https://www.edc.ca/en/bio/kirk-homenick.html,OK,Indexable,Kirk Homenick | Posts on EDC.ca
https://www.edc.ca/en/bio/kirsten-thibault.html,OK,Indexable,Kirsten Thibault | Posts on EDC.ca
https://www.edc.ca/en/bio/klaus-houben.html,OK,Indexable,Klaus Houben | Posts on EDC.ca
https://www.edc.ca/en/bio/kristin-cuddington.html,OK,Indexable,Kristin Cuddington | Posts on EDC.ca
https://www.edc.ca/en/bio/kseniya-stogniy.html,OK,Indexable,Kseniya Stogniy | Posts on EDC.ca
https://www.edc.ca/en/bio/kurtis-mcbride.html,OK,Indexable,Kurtis McBride | Posts on EDC.ca
https://www.edc.ca/en/bio/kyle-hanlon.html,OK,Indexable,Kyle Hanlon  | Posts on EDC.ca
https://www.edc.ca/en/bio/ladislau-papara.html,OK,Indexable,Ladislau Papara | Posts on EDC.ca
https://www.edc.ca/en/bio/lama-alsafi.html,OK,Indexable,Lama Alsafi | Posts on EDC.ca
https://www.edc.ca/en/bio/larry-weinberg.html,OK,Indexable,Larry Weinberg | Posts on EDC.ca
https://www.edc.ca/en/bio/laura-didyk.html,OK,Indexable,Laura Didyk | Posts on EDC.ca
https://www.edc.ca/en/bio/laura-mcleod.html,OK,Indexable,Laura McLeod | Posts on EDC.ca
https://www.edc.ca/en/bio/lawrence-lewis.html,OK,Indexable,Lawrence Lewis  | Posts on EDC.ca
https://www.edc.ca/en/bio/leigh-joseph.html,OK,Indexable,Leigh Joseph | Posts on EDC.ca
https://www.edc.ca/en/bio/leroy-lowe.html,OK,Indexable,Leroy Lowe | Posts on EDC.ca
https://www.edc.ca/en/bio/lili-mei.html,OK,Indexable,Lili Mei | Posts on EDC.ca
https://www.edc.ca/en/bio/liliane-pin.html,OK,Indexable,Liliane Pin | Posts on EDC.ca
https://www.edc.ca/en/bio/lindsay-gordon.html,Moved Permanently,Non-Indexable,
https://www.edc.ca/en/bio/lindsay-margeneau.html,OK,Indexable,Lindsay Margeneau | Posts on EDC.ca
https://www.edc.ca/en/bio/lionel-gibbs.html,OK,Indexable,Lionel J Gibbs | Posts on EDC.ca
https://www.edc.ca/en/bio/lisa-fenton.html,OK,Indexable,Lisa Fenton | Posts on EDC.ca
https://www.edc.ca/en/bio/lisa-mcewan.html,OK,Indexable,Lisa McEwan | Posts on EDC.ca
https://www.edc.ca/en/bio/lisa-westlund.html,OK,Indexable,Lisa Westlund | Posts on EDC.ca
https://www.edc.ca/en/bio/lissa-bjerkelund.html,OK,Indexable,Lissa Bjerkelund | Posts on EDC.ca
https://www.edc.ca/en/bio/liz-zhang.html,OK,Indexable,Liz Zhang | Posts on EDC.ca
https://www.edc.ca/en/bio/lora-rigutto-vigliatore.html,OK,Indexable,Lora Rigutto Vigliatore | Posts on EDC.ca
https://www.edc.ca/en/bio/lori-bamber.html,OK,Indexable,Lori Bamber | Posts on EDC.ca
https://www.edc.ca/en/bio/lori-guetre.html,OK,Indexable,Lori Guetre | Posts on EDC.ca
https://www.edc.ca/en/bio/lorraine-audsley.html,OK,Indexable,Lorraine Audsley | Posts on EDC.ca
https://www.edc.ca/en/bio/louis-tremblay.html,OK,Indexable,Louis Tremblay | Posts on EDC.ca
https://www.edc.ca/en/bio/luc-fournier.html,OK,Indexable,Luc Fournier | Posts on EDC.ca
https://www.edc.ca/en/bio/lucci-mihet.html,OK,Indexable,Lucci Mihet | Posts on EDC.ca
https://www.edc.ca/en/bio/luisa-rebolledo.html,OK,Indexable,Luisa Rebolledo | Posts on EDC.ca
https://www.edc.ca/en/bio/luna-yu.html,OK,Indexable,Luna Yu | Posts on EDC.ca
https://www.edc.ca/en/bio/lynda-arsenault.html,OK,Indexable,Lynda Arsenault | Posts on EDC.ca
https://www.edc.ca/en/bio/lynette-gillen.html,OK,Indexable,Lynette Gillen | Posts on EDC.ca
https://www.edc.ca/en/bio/lynn-cote.html,OK,Indexable,Lynn Côté | Posts on EDC.ca
https://www.edc.ca/en/bio/lynn-hampson.html,OK,Indexable,Lynn Hampson | Posts on EDC.ca
https://www.edc.ca/en/bio/lynne-thomson.html,OK,Indexable,Lynne Thomson | Posts on EDC.ca
https://www.edc.ca/en/bio/mackie-hilborn.html,OK,Indexable,Mackie Hilborn | Posts on EDC.ca
https://www.edc.ca/en/bio/mairead-lavery.html,OK,Indexable,Mairead Lavery | Posts on EDC.ca
https://www.edc.ca/en/bio/manjit-sharma.html,OK,Indexable,Manjit Sharma | Posts on EDC.ca
https://www.edc.ca/en/bio/manon-degarie.html,OK,Indexable,Manon Dégarie | Posts on EDC.ca
https://www.edc.ca/en/bio/marc-andre-blanchard.html,OK,Indexable,Marc-André Blanchard | Posts on EDC.ca
https://www.edc.ca/en/bio/marc-andre-hawke.html,OK,Indexable,Marc-André Hawke  | Posts on EDC.ca
https://www.edc.ca/en/bio/marc-vaucher.html,OK,Indexable,Marc Vaucher | Posts on EDC.ca
https://www.edc.ca/en/bio/maria-cristina-fabrega.html,OK,Indexable,María Cristina Fábrega | Posts on EDC.ca
https://www.edc.ca/en/bio/maria-fernanda-rubio-marroquin.html,OK,Indexable,Maria Fernanda Rubio Marroquín | Posts on EDC.ca
https://www.edc.ca/en/bio/maria-zalazar.html,OK,Indexable,Maria Zalazar | Posts on EDC.ca
https://www.edc.ca/en/bio/marie-claude-chagnon.html,OK,Indexable,Marie-Claude Chagnon | Posts on EDC.ca
https://www.edc.ca/en/bio/marie-claude-du-cap.html,OK,Indexable,Marie-Claude Du Cap | Posts on EDC.ca
https://www.edc.ca/en/bio/marie-elaine-beaudoin.html,OK,Indexable,Marie-Elaine Beaudoin | Posts on EDC.ca
https://www.edc.ca/en/bio/marie-eve-varin-lacasse.html,OK,Indexable,Marie-Eve Varin-Lacasse | Posts on EDC.ca
https://www.edc.ca/en/bio/marie-josee-lavoie.html,OK,Indexable,Marie-Josée Lavoie | Posts on EDC.ca
https://www.edc.ca/en/bio/marie-lucie-morin.html,OK,Indexable,Marie-Lucie Morin | Posts on EDC.ca
https://www.edc.ca/en/bio/marilu-cisneros-vargas.html,OK,Indexable,Marilú Cisneros Vargas  | Posts on EDC.ca
https://www.edc.ca/en/bio/marina-malcheva.html,OK,Indexable,Marina Malcheva | Posts on EDC.ca
https://www.edc.ca/en/bio/mario-aguero.html,OK,Indexable,Mario Agüero | Posts on EDC.ca
https://www.edc.ca/en/bio/mario-emond.html,OK,Indexable,Mario Emond | Posts on EDC.ca
https://www.edc.ca/en/bio/mario-thomas.html,OK,Indexable,Mario Thomas  | Posts on EDC.ca
https://www.edc.ca/en/bio/mark-ang.html,OK,Indexable,Mark Ang | Posts on EDC.ca
https://www.edc.ca/en/bio/mark-bedard.html,OK,Indexable,Mark Bedard | Posts on EDC.ca
https://www.edc.ca/en/bio/mark-brownlee.html,OK,Indexable,Mark Brownlee | Posts on EDC.ca
https://www.edc.ca/en/bio/mark-fisher.html,OK,Indexable,Mark Fisher | Posts on EDC.ca
https://www.edc.ca/en/bio/mark-senn.html,OK,Indexable,Mark Senn | Posts on EDC.ca
https://www.edc.ca/en/bio/mark-sullivan.html,OK,Indexable,Mark Sullivan | Posts on EDC.ca
https://www.edc.ca/en/bio/mark-tasse.html,OK,Indexable,Mark Tassé | Posts on EDC.ca
https://www.edc.ca/en/bio/mark-warner.html,OK,Indexable,Mark Warner | Posts on EDC.ca
https://www.edc.ca/en/bio/marta-recinos.html,OK,Indexable,Marta Recinos | Posts on EDC.ca
https://www.edc.ca/en/bio/marthe-lemay.html,OK,Indexable,Marthe Lemay | Posts on EDC.ca
https://www.edc.ca/en/bio/martine-irman.html,Found,Non-Indexable,
https://www.edc.ca/en/bio/masud-azizi.html,OK,Indexable,Masud Azizi  | Posts on EDC.ca
https://www.edc.ca/en/bio/matthew-fraser.html,OK,Indexable,Matthew Fraser | Posts on EDC.ca
https://www.edc.ca/en/bio/maylis-yangni-angate.html,OK,Indexable,Maylis Yangni-Angaté | Posts on EDC.ca
https://www.edc.ca/en/bio/media-relations.html,OK,Indexable,media-relations
https://www.edc.ca/en/bio/meena-aier.html,OK,Indexable,Meena Aier | Posts on EDC.ca
https://www.edc.ca/en/bio/megan-malone.html,OK,Indexable,Megan Malone | Posts on EDC.ca
https://www.edc.ca/en/bio/megan-telford.html,OK,Indexable,Megan Telford | Posts on EDC.ca
https://www.edc.ca/en/bio/melanie-carter.html,OK,Indexable,Mélanie Carter | Posts on EDC.ca
https://www.edc.ca/en/bio/melanie-carter0.html,OK,Indexable,Melanie Carter | Posts on EDC.ca
https://www.edc.ca/en/bio/melanie-coulson.html,OK,Indexable,Melanie Coulson | Posts on EDC.ca
https://www.edc.ca/en/bio/melanie-oh.html,OK,Indexable,Melanie Oh | Posts on EDC.ca
https://www.edc.ca/en/bio/melisande-henry.html,OK,Indexable,Mélisande Henry | Posts on EDC.ca
https://www.edc.ca/en/bio/melissa-malcolm.html,OK,Indexable,Melissa Malcolm | Posts on EDC.ca
https://www.edc.ca/en/bio/melissa-wharton.html,OK,Indexable,Melissa G. Wharton | Posts on EDC.ca
https://www.edc.ca/en/bio/meredith-lilly.html,OK,Indexable,Meredith Lilly | Posts on EDC.ca
https://www.edc.ca/en/bio/michael-ansara.html,OK,Indexable,Michael Ansara | Posts on EDC.ca
https://www.edc.ca/en/bio/michael-bernard.html,OK,Indexable,Michael Bernard | Posts on EDC.ca
https://www.edc.ca/en/bio/michael-borish.html,OK,Indexable,Michael Borish | Posts on EDC.ca
https://www.edc.ca/en/bio/michael-gilbert.html,OK,Indexable,Michael Gilbert | Posts on EDC.ca
https://www.edc.ca/en/bio/michael-gonsalves.html,OK,Indexable,Michael Gonsalves | Posts on EDC.ca
https://www.edc.ca/en/bio/michael-klauck.html,OK,Indexable,Michael Klauck | Posts on EDC.ca
https://www.edc.ca/en/bio/michael-kron.html,OK,Indexable,Michael Kron | Posts on EDC.ca
https://www.edc.ca/en/bio/michael-marcotte.html,OK,Indexable,Michael Marcotte | Posts on EDC.ca
https://www.edc.ca/en/bio/michael-reid.html,OK,Indexable,Michael Reid | Posts on EDC.ca
https://www.edc.ca/en/bio/michael-smart.html,OK,Indexable,Michael Smart | Posts on EDC.ca
https://www.edc.ca/en/bio/michel-bergeron.html,OK,Indexable,Michel Bergeron | Posts on EDC.ca
https://www.edc.ca/en/bio/michele-smith.html,OK,Indexable,Michele Smith | Posts on EDC.ca
https://www.edc.ca/en/bio/michelle-mcbane.html,OK,Indexable,Michelle McBane | Posts on EDC.ca
https://www.edc.ca/en/bio/miguel-simard.html,OK,Indexable,Miguel Simard | Posts on EDC.ca
https://www.edc.ca/en/bio/mike-brownhill.html,OK,Indexable,Mike Brownhill  | Posts on EDC.ca
https://www.edc.ca/en/bio/mike-giles.html,OK,Indexable,Mike Giles | Posts on EDC.ca
https://www.edc.ca/en/bio/mike-neals.html,OK,Indexable,Mike Neals | Posts on EDC.ca
https://www.edc.ca/en/bio/mike-skirzynski.html,OK,Indexable,Mike Skirzynski | Posts on EDC.ca
https://www.edc.ca/en/bio/mohammed-rajpar.html,OK,Indexable,Mohammed Rajpar | Posts on EDC.ca
https://www.edc.ca/en/bio/monica-busch.html,OK,Indexable,Monica Busch | Posts on EDC.ca
https://www.edc.ca/en/bio/mora-johnson.html,OK,Indexable,Mora Johnson | Posts on EDC.ca
https://www.edc.ca/en/bio/motoko-hunt.html,OK,Indexable,Motoko Hunt | Posts on EDC.ca
https://www.edc.ca/en/bio/motria-savaryn-roy.html,OK,Indexable,Motria Savaryn-Roy | Posts on EDC.ca
https://www.edc.ca/en/bio/myriam-francisque.html,OK,Indexable,Myriam Francisque | Posts on EDC.ca
https://www.edc.ca/en/bio/nadeem-rizwan.html,OK,Indexable,Nadeem Rizwan | Posts on EDC.ca
https://www.edc.ca/en/bio/nam-hoang.html,OK,Indexable,Nam Hoang | Posts on EDC.ca
https://www.edc.ca/en/bio/nancy-goudreau.html,OK,Indexable,Nancy Goudreau | Posts on EDC.ca
https://www.edc.ca/en/bio/nancy-russell.html,OK,Indexable,Nancy Russell | Posts on EDC.ca
https://www.edc.ca/en/bio/nancy-simoneau.html,OK,Indexable,Nancy Simoneau | Posts on EDC.ca
https://www.edc.ca/en/bio/nancy-stibbard.html,OK,Indexable,Nancy Stibbard | Posts on EDC.ca
https://www.edc.ca/en/bio/nataly-kelly.html,OK,Indexable,Nataly Kelly | Posts on EDC.ca
https://www.edc.ca/en/bio/nathan-andrew-nelson.html,OK,Indexable,Nathan Andrew Nelson | Posts on EDC.ca
https://www.edc.ca/en/bio/navi-dhami.html,OK,Indexable,Navi Dhami  | Posts on EDC.ca
https://www.edc.ca/en/bio/neil-chaulk.html,OK,Indexable,Neil Chaulk | Posts on EDC.ca
https://www.edc.ca/en/bio/neil-mcostrich.html,OK,Indexable,Neil McOstrich | Posts on EDC.ca
https://www.edc.ca/en/bio/neil-schwartz.html,OK,Indexable,Neil Schwartz | Posts on EDC.ca
https://www.edc.ca/en/bio/nicolas-fontaine.html,OK,Non-Indexable,Nicolas Fontaine | Posts on EDC.ca
https://www.edc.ca/en/bio/nigel-neale.html,OK,Indexable,Nigel Neale | Posts on EDC.ca
https://www.edc.ca/en/bio/nigel-selig.html,OK,Indexable,Nigel Selig | Posts on EDC.ca
https://www.edc.ca/en/bio/nona-akhavan.html,OK,Indexable,Nona Akhavan | Posts on EDC.ca
https://www.edc.ca/en/bio/oana-labes.html,OK,Indexable,Oana Labes | Posts on EDC.ca
https://www.edc.ca/en/bio/ohad-arazi.html,OK,Indexable,Ohad Arazi | Posts on EDC.ca
https://www.edc.ca/en/bio/olga-vovk.html,OK,Indexable,Olga Vovk | Posts on EDC.ca
https://www.edc.ca/en/bio/olivia-lee.html,OK,Indexable,Olivia Lee  | Posts on EDC.ca
https://www.edc.ca/en/bio/owais-ahmed.html,OK,Indexable,Owais Ahmed | Posts on EDC.ca
https://www.edc.ca/en/bio/pallavi-roy.html,OK,Indexable,Pallavi Roy | Posts on EDC.ca
https://www.edc.ca/en/bio/paolo-utano.html,OK,Indexable,Paolo Utano  | Posts on EDC.ca
https://www.edc.ca/en/bio/patrice-guindon.html,OK,Indexable,Patrice Guindon | Posts on EDC.ca
https://www.edc.ca/en/bio/patricia-elliott.html,OK,Indexable,Patricia Elliott  | Posts on EDC.ca
https://www.edc.ca/en/bio/patrick-mcquilken.html,OK,Indexable,Patrick McQuilken | Posts on EDC.ca
https://www.edc.ca/en/bio/patrick-michetti.html,OK,Indexable,Patrick Michetti | Posts on EDC.ca
https://www.edc.ca/en/bio/patrick-watson.html,OK,Indexable,Patrick Watson | Posts on EDC.ca
https://www.edc.ca/en/bio/patti-lane.html,OK,Indexable,Patti Lane | Posts on EDC.ca
https://www.edc.ca/en/bio/paul-langdon.html,OK,Indexable,Paul Langdon | Posts on EDC.ca
https://www.edc.ca/en/bio/paul-thoppil.html,OK,Indexable,Paul Thoppil | Posts on EDC.ca
https://www.edc.ca/en/bio/paul-turner.html,OK,Indexable,Paul Turner | Posts on EDC.ca
https://www.edc.ca/en/bio/paula-greene.html,OK,Indexable,Paula Greene | Posts on EDC.ca
https://www.edc.ca/en/bio/pernille-fischer-boulter.html,OK,Indexable,Pernille Fischer Boulter | Posts on EDC.ca
https://www.edc.ca/en/bio/perrin-beatty.html,OK,Indexable,Perrin Beatty | Posts on EDC.ca
https://www.edc.ca/en/bio/peter-gray.html,OK,Indexable,Peter Gray | Posts on EDC.ca
https://www.edc.ca/en/bio/peter-hall.html,OK,Indexable,Peter Hall | Posts on EDC.ca
https://www.edc.ca/en/bio/peter-londa.html,OK,Indexable,Peter Londa | Posts on EDC.ca
https://www.edc.ca/en/bio/peter-simpson.html,OK,Indexable,Peter Simpson | Posts on EDC.ca
https://www.edc.ca/en/bio/peter-whelan.html,OK,Indexable,Peter Whelan | Posts on EDC.ca
https://www.edc.ca/en/bio/phil-taylor.html,OK,Indexable,Phil Taylor | Posts on EDC.ca
https://www.edc.ca/en/bio/philip-ducharme.html,OK,Indexable,Philip Ducharme | Posts on EDC.ca
https://www.edc.ca/en/bio/philip-turi.html,OK,Indexable,Philip Turi | Posts on EDC.ca
https://www.edc.ca/en/bio/philippe-beaulieu.html,OK,Indexable,Philippe Beaulieu | Posts on EDC.ca
https://www.edc.ca/en/bio/philippe-desjardins.html,OK,Indexable,Philippe Desjardins | Posts on EDC.ca
https://www.edc.ca/en/bio/pierluigi-buonicore.html,OK,Indexable,Pierluigi Buonicore | Posts on EDC.ca
https://www.edc.ca/en/bio/pierre-boivin.html,OK,Indexable,Pierre Boivin | Posts on EDC.ca
https://www.edc.ca/en/bio/pierre-cleroux.html,OK,Indexable,Pierre Cléroux | Posts on EDC.ca
https://www.edc.ca/en/bio/pierre-francois-allaire.html,OK,Indexable,Pierre-François Allaire | Posts on EDC.ca
https://www.edc.ca/en/bio/pierre-matuszewski.html,OK,Indexable,Pierre Matuszewski | Posts on EDC.ca
https://www.edc.ca/en/bio/pieter-bouwer.html,OK,Indexable,Pieter Bouwer | Posts on EDC.ca
https://www.edc.ca/en/bio/prashant-modha.html,OK,Indexable,Prashant Modha | Posts on EDC.ca
https://www.edc.ca/en/bio/prerna-sharma.html,OK,Indexable,Prerna Sharma | Posts on EDC.ca
https://www.edc.ca/en/bio/prince-owusu.html,OK,Indexable,Prince Owusu  | Posts on EDC.ca
https://www.edc.ca/en/bio/quynh-nguyen.html,OK,Indexable,Quynh Nguyen | Posts on EDC.ca
https://www.edc.ca/en/bio/rachel-guthrie.html,OK,Indexable,Rachel Guthrie | Posts on EDC.ca
https://www.edc.ca/en/bio/rachel-lambo.html,OK,Indexable,Rachel Lambo | Posts on EDC.ca
https://www.edc.ca/en/bio/rachel-samson.html,OK,Indexable,Rachel Samson | Posts on EDC.ca
https://www.edc.ca/en/bio/rafael-castillo.html,OK,Indexable,Rafael Castillo | Posts on EDC.ca
https://www.edc.ca/en/bio/rahim-mohtaram.html,OK,Indexable,Rahim Mohtaram | Posts on EDC.ca
https://www.edc.ca/en/bio/rajesh-prashadcolah.html,OK,Indexable,Rajesh Prashadcolah | Posts on EDC.ca
https://www.edc.ca/en/bio/rajiv-parrab.html,OK,Indexable,Rajiv Parrab  | Posts on EDC.ca
https://www.edc.ca/en/bio/rami-faour.html,OK,Indexable,Rami Faour | Posts on EDC.ca
https://www.edc.ca/en/bio/ran-carter.html,OK,Indexable,Ran Carter | Posts on EDC.ca
https://www.edc.ca/en/bio/ranaditya-kumar.html,OK,Indexable,Ranaditya Kumar | Posts on EDC.ca
https://www.edc.ca/en/bio/randall-mang.html,OK,Indexable,Randall Mang | Posts on EDC.ca
https://www.edc.ca/en/bio/raul-vargas-yemail.html,OK,Indexable,Raul Vargas Yemail | Posts on EDC.ca
https://www.edc.ca/en/bio/remi-desa.html,OK,Indexable,Remi Desa | Posts on EDC.ca
https://www.edc.ca/en/bio/richard-dubuc.html,OK,Indexable,Richard Dubuc | Posts on EDC.ca
https://www.edc.ca/en/bio/richard-payette.html,Moved Permanently,Non-Indexable,
https://www.edc.ca/en/bio/richard-schuster.html,OK,Indexable,Richard Schuster | Posts on EDC.ca
https://www.edc.ca/en/bio/robert-cameron.html,OK,Indexable,Robert Cameron | Posts on EDC.ca
https://www.edc.ca/en/bio/robert-caouette.html,OK,Indexable,Robert Caouette | Posts on EDC.ca
https://www.edc.ca/en/bio/robert-clark.html,OK,Indexable,Robert Clark | Posts on EDC.ca
https://www.edc.ca/en/bio/robert-macdonald.html,OK,Indexable,Robert MacDonald | Posts on EDC.ca
https://www.edc.ca/en/bio/robert-mccubbing.html,OK,Indexable,Robert McCubbing | Posts on EDC.ca
https://www.edc.ca/en/bio/robert-niven.html,OK,Indexable,Robert Niven | Posts on EDC.ca
https://www.edc.ca/en/bio/robert-pelletier.html,OK,Indexable,Robert Pelletier | Posts on EDC.ca
https://www.edc.ca/en/bio/robert-s-mcleese.html,Moved Permanently,Non-Indexable,
https://www.edc.ca/en/bio/roberto-bagnato.html,OK,Indexable,Roberto Bagnato | Posts on EDC.ca
https://www.edc.ca/en/bio/robin-kovitz.html,OK,Indexable,Robin Kovitz  | Posts on EDC.ca
https://www.edc.ca/en/bio/rocco-caminiti.html,OK,Indexable,Rocco Caminiti | Posts on EDC.ca
https://www.edc.ca/en/bio/rodrigo-ibarra.html,OK,Indexable,Rodrigo Ibarra | Posts on EDC.ca
https://www.edc.ca/en/bio/roger-tambay.html,OK,Indexable,Roger Tambay | Posts on EDC.ca
https://www.edc.ca/en/bio/roisin-grimes.html,OK,Indexable,Roisin Grimes | Posts on EDC.ca
https://www.edc.ca/en/bio/rosemary-mccarney.html,OK,Indexable,Rosemary McCarney | Posts on EDC.ca
https://www.edc.ca/en/bio/ross-prusakowski.html,OK,Indexable,Ross Prusakowski | Posts on EDC.ca
https://www.edc.ca/en/bio/rowda-mohamud.html,OK,Indexable,Rowda Mohamud | Posts on EDC.ca
https://www.edc.ca/en/bio/roxanne-chaudier.html,OK,Indexable,Roxanne Chaudier | Posts on EDC.ca
https://www.edc.ca/en/bio/ruth-vachon.html,OK,Indexable,Ruth Vachon | Posts on EDC.ca
https://www.edc.ca/en/bio/ruzan-desai.html,OK,Indexable,Ruzan Desai  | Posts on EDC.ca
https://www.edc.ca/en/bio/ryan-fung.html,OK,Indexable,Ryan Fung | Posts on EDC.ca
https://www.edc.ca/en/bio/ryan-smith.html,OK,Indexable,Ryan Smith | Posts on EDC.ca
https://www.edc.ca/en/bio/sabrina-fiorellino.html,OK,Indexable,Sabrina Fiorellino | Posts on EDC.ca
https://www.edc.ca/en/bio/sam-ramadori.html,OK,Indexable,Sam Ramadori | Posts on EDC.ca
https://www.edc.ca/en/bio/samah-nimir.html,OK,Indexable,Samah Nimir | Posts on EDC.ca
https://www.edc.ca/en/bio/sameer-madhok.html,Moved Permanently,Non-Indexable,
https://www.edc.ca/en/bio/sanaa-msittef.html,OK,Indexable,Sanaa Msittef | Posts on EDC.ca
https://www.edc.ca/en/bio/sandra-filopoulos.html,OK,Non-Indexable,Sandra Filopoulos | Posts on EDC.ca
https://www.edc.ca/en/bio/sara-scurfield.html,OK,Indexable,Sara Scurfield | Posts on EDC.ca
https://www.edc.ca/en/bio/sara-wilshaw.html,OK,Indexable,Sara Wilshaw | Posts on EDC.ca
https://www.edc.ca/en/bio/sarah-barnes-humphrey.html,OK,Indexable,Sarah Barnes-Humphrey | Posts on EDC.ca
https://www.edc.ca/en/bio/sarah-daniele.html,OK,Indexable,Sarah Daniele | Posts on EDC.ca
https://www.edc.ca/en/bio/sarah-quigley.html,OK,Indexable,Sarah Quigley | Posts on EDC.ca
https://www.edc.ca/en/bio/sarah-turnbull.html,OK,Indexable,Sarah Turnbull | Posts on EDC.ca
https://www.edc.ca/en/bio/sarah-van-wolde.html,OK,Indexable,Sarah van Wolde | Posts on EDC.ca
https://www.edc.ca/en/bio/sasan-fouladirad.html,OK,Indexable,Sasan Fouladirad | Posts on EDC.ca
https://www.edc.ca/en/bio/scott-moore.html,OK,Indexable,Scott Moore | Posts on EDC.ca
https://www.edc.ca/en/bio/sean-emmond.html,OK,Indexable,Sean Emmond  | Posts on EDC.ca
https://www.edc.ca/en/bio/serge-beauchemin.html,OK,Indexable,Serge Beauchemin  | Posts on EDC.ca
https://www.edc.ca/en/bio/shannon-fisher.html,OK,Indexable,Shannon Fisher | Posts on EDC.ca
https://www.edc.ca/en/bio/shannon-mcluhan.html,OK,Indexable,Shannon McLuhan | Posts on EDC.ca
https://www.edc.ca/en/bio/sharon-carvalho.html,OK,Indexable,Sharon Carvalho | Posts on EDC.ca
https://www.edc.ca/en/bio/shelby-taylor.html,OK,Indexable,Shelby Taylor | Posts on EDC.ca
https://www.edc.ca/en/bio/shelley-maclean.html,OK,Indexable,Shelley Maclean | Posts on EDC.ca
https://www.edc.ca/en/bio/sheri-griffiths.html,OK,Indexable,Sheri Griffiths | Posts on EDC.ca
https://www.edc.ca/en/bio/shonezi-noor.html,OK,Indexable,Shonezi Noor | Posts on EDC.ca
https://www.edc.ca/en/bio/simi-bhagwandass.html,OK,Indexable,Simi Bhagwandass | Posts on EDC.ca
https://www.edc.ca/en/bio/simon-cairns.html,OK,Indexable,Simon Cairns | Posts on EDC.ca
https://www.edc.ca/en/bio/simon-forsyth.html,OK,Indexable,Simon Forsyth | Posts on EDC.ca
https://www.edc.ca/en/bio/simon-gittens.html,OK,Indexable,Simon Gittens | Posts on EDC.ca
https://www.edc.ca/en/bio/simonil-bamji.html,OK,Indexable,Simonil Bamji  | Posts on EDC.ca
https://www.edc.ca/en/bio/someyita-bictogo.html,OK,Indexable,Someyita Bictogo | Posts on EDC.ca
https://www.edc.ca/en/bio/sonia-lapierre.html,OK,Indexable,Sonia Lapierre | Posts on EDC.ca
https://www.edc.ca/en/bio/sonia-vieira.html,OK,Indexable,Sonia Vieira | Posts on EDC.ca
https://www.edc.ca/en/bio/sophie-dumoulin.html,OK,Indexable,Sophie Dumoulin | Posts on EDC.ca
https://www.edc.ca/en/bio/soroush-karimzadeh.html,OK,Indexable,Soroush Karimzadeh | Posts on EDC.ca
https://www.edc.ca/en/bio/spencer-callaghan.html,OK,Indexable,Spencer Callaghan | Posts on EDC.ca
https://www.edc.ca/en/bio/stacey-wallin.html,OK,Indexable,Stacey Wallin | Posts on EDC.ca
https://www.edc.ca/en/bio/stan-de-caluwe.html,OK,Indexable,Stan de Caluwe | Posts on EDC.ca
https://www.edc.ca/en/bio/stephanie-fontaine.html,OK,Indexable,Stephanie Fontaine  | Posts on EDC.ca
https://www.edc.ca/en/bio/stephen-callaghan.html,OK,Indexable,Stephen Callaghan | Posts on EDC.ca
https://www.edc.ca/en/bio/stephen-goodman.html,OK,Indexable,Stephen Goodman | Posts on EDC.ca
https://www.edc.ca/en/bio/stephen-tapp.html,OK,Indexable,Stephen Tapp | Posts on EDC.ca
https://www.edc.ca/en/bio/stephen-wilhelm.html,OK,Indexable,Stephen Wilhelm | Posts on EDC.ca
https://www.edc.ca/en/bio/steve-levely.html,OK,Indexable,Steve Levely | Posts on EDC.ca
https://www.edc.ca/en/bio/steve-wilson.html,OK,Indexable,Steve Wilson | Posts on EDC.ca
https://www.edc.ca/en/bio/steven-goodinson.html,OK,Indexable,Steven Goodinson | Posts on EDC.ca
https://www.edc.ca/en/bio/steven-richards.html,OK,Indexable,Steven Richards | Posts on EDC.ca
https://www.edc.ca/en/bio/stig-larsson.html,OK,Indexable,Stig Larsson | Posts on EDC.ca
https://www.edc.ca/en/bio/stuart-bergman.html,OK,Indexable,Stuart Bergman | Posts on EDC.ca
https://www.edc.ca/en/bio/stuart-lombard.html,OK,Indexable,Stuart Lombard | Posts on EDC.ca
https://www.edc.ca/en/bio/sue-rauth.html,OK,Indexable,Sue Rauth | Posts on EDC.ca
https://www.edc.ca/en/bio/sugantha-nathaniel.html,OK,Indexable,Sugantha Nathaniel | Posts on EDC.ca
https://www.edc.ca/en/bio/supun-fernando.html,OK,Non-Indexable,Supun Fernando  | Posts on EDC.ca
https://www.edc.ca/en/bio/susan-redding.html,OK,Indexable,Susan Redding | Posts on EDC.ca
https://www.edc.ca/en/bio/susan-rohac.html,OK,Indexable,Susan Rohac | Posts on EDC.ca
https://www.edc.ca/en/bio/susanna-campagna.html,OK,Indexable,Susanna Campagna | Posts on EDC.ca
https://www.edc.ca/en/bio/susannah-crabtree.html,OK,Indexable,Susannah Crabtree | Posts on EDC.ca
https://www.edc.ca/en/bio/suveen-suri.html,OK,Indexable,Suveen Suri | Posts on EDC.ca
https://www.edc.ca/en/bio/sven-list.html,OK,Indexable,Sven List | Posts on EDC.ca
https://www.edc.ca/en/bio/sylvain-lemay.html,OK,Indexable,Sylvain Lemay | Posts on EDC.ca
https://www.edc.ca/en/bio/sylvain-morel.html,OK,Indexable,Sylvain Morel | Posts on EDC.ca
https://www.edc.ca/en/bio/tamara-fathi.html,OK,Indexable,Tamara Fathi | Posts on EDC.ca
https://www.edc.ca/en/bio/tania-chaar.html,OK,Indexable,Tania Chaar | Posts on EDC.c
https://www.edc.ca/en/bio/tanita-alexandridis.html,OK,Indexable,Tanita Alexandridis | Posts on EDC.ca
https://www.edc.ca/en/bio/tanya-walker.html,OK,Indexable,Tanya C. Walker | Posts on EDC.ca
https://www.edc.ca/en/bio/tara-tosh.html,OK,Indexable,Tara Tosh Kennedy | Posts on EDC.ca
https://www.edc.ca/en/bio/tariq-esmail.html,OK,Indexable,Tariq Esmail | Posts on EDC.ca
https://www.edc.ca/en/bio/taylor-hladik.html,OK,Indexable,Taylor Hladik | Posts on EDC.ca
https://www.edc.ca/en/bio/teresa-nizzola.html,OK,Indexable,Teresa Nizzola | Posts on EDC.ca
https://www.edc.ca/en/bio/thi-be-nguyen.html,OK,Indexable,Thi Be Nguyen | Posts on EDC.ca
https://www.edc.ca/en/bio/thomas-cambien.html,OK,Indexable,Thomas Cambien | Posts on EDC.ca
https://www.edc.ca/en/bio/tia-loftsgard.html,OK,Indexable,Tia Loftsgard | Posts on EDC.ca
https://www.edc.ca/en/bio/tiffany-stephenson.html,OK,Indexable,Tiffany Stephenson | Posts on EDC.ca
https://www.edc.ca/en/bio/toby-heaps.html,OK,Indexable,Toby Heaps | Posts on EDC.ca
https://www.edc.ca/en/bio/todd-evans.html,OK,Indexable,Todd Evans | Posts on EDC.ca
https://www.edc.ca/en/bio/todd-winterhalt.html,OK,Indexable,Todd Winterhalt | Posts on EDC.ca
https://www.edc.ca/en/bio/tom-cumming.html,OK,Indexable,Tom Cumming | Posts on EDC.ca
https://www.edc.ca/en/bio/tom-gardner.html,OK,Indexable,Tom Gardner | Posts on EDC.ca
https://www.edc.ca/en/bio/tomislav-ivancic.html,OK,Indexable,Tomislav Ivančić | Posts on EDC.ca
https://www.edc.ca/en/bio/tracey-speares.html,OK,Indexable,Tracey Speares | Posts on EDC.ca
https://www.edc.ca/en/bio/tracy-schwetz.html,OK,Indexable,Tracy Schwetz | Posts on EDC.ca
https://www.edc.ca/en/bio/treena-hein.html,OK,Indexable,Treena Hein | Posts on EDC.ca
https://www.edc.ca/en/bio/trevor-spinney.html,OK,Indexable,Trevor Spinney | Posts on EDC.ca
https://www.edc.ca/en/bio/troy-deware.html,OK,Indexable,Troy DeWare | Posts on EDC.ca
https://www.edc.ca/en/bio/tyler-hamilton.html,OK,Indexable,Tyler Hamilton | Posts on EDC.ca
https://www.edc.ca/en/bio/umer-naeem.html,OK,Indexable,Umer Naeem | Posts on EDC.ca
https://www.edc.ca/en/bio/valerie-robitaille.html,OK,Indexable,Valérie Robitaille  | Posts on EDC.ca
https://www.edc.ca/en/bio/veronique-st-jean.html,OK,Indexable,Veronique St-Jean  | Posts on EDC.ca
https://www.edc.ca/en/bio/veronique-tremblay.html,OK,Indexable,Veronique Tremblay  | Posts on EDC.ca
https://www.edc.ca/en/bio/vibhav-agarwal.html,OK,Indexable,Vibhav Agarwal | Posts on EDC.ca
https://www.edc.ca/en/bio/vicki-saunders.html,OK,Indexable,Vicki Saunders | Posts on EDC.ca
https://www.edc.ca/en/bio/victoria-lennox.html,OK,Indexable,Victoria Lennox | Posts on EDC.ca
https://www.edc.ca/en/bio/vikas-arora.html,OK,Indexable,Vikas Arora | Posts on EDC.ca
https://www.edc.ca/en/bio/vivian-abdelmessih.html,OK,Indexable,Vivian Abdelmessih | Posts on EDC.ca
https://www.edc.ca/en/bio/wayne-farmer.html,OK,Indexable,Wayne Farmer | Posts on EDC.ca
https://www.edc.ca/en/bio/wendy-wagner.html,OK,Indexable,Wendy Wagner | Posts on EDC.ca
https://www.edc.ca/en/bio/william-pellerin.html,OK,Indexable,William Pellerin | Posts on EDC.ca
https://www.edc.ca/en/bio/william-polushin.html,OK,Indexable,William Polushin | Posts on EDC.ca
https://www.edc.ca/en/bio/william-thomas.html,OK,Indexable,William Thomas | Posts on EDC.ca
https://www.edc.ca/en/bio/willy-fogang.html,OK,Indexable,Willy Fogang | Posts on EDC.ca
https://www.edc.ca/en/bio/wovi-komassi.html,OK,Indexable,Awovi Komassi | Posts on EDC.ca
https://www.edc.ca/en/bio/ximena-tercero.html,OK,Indexable,Ximena Tercero | Posts on EDC.ca
https://www.edc.ca/en/bio/yasmine-fouad.html,OK,Indexable,Yasmine Fouad | Posts on EDC.ca
https://www.edc.ca/en/bio/zach-herbers.html,OK,Indexable,Zach Herbers | Posts on EDC.ca
https://www.edc.ca/en/bio/zhenzhen-ye.html,OK,Indexable,Zhenzhen Ye | Posts on EDC.ca
https://www.edc.ca/en/bio/ziyad-rahme.html,OK,Indexable,Ziyad Rahme | Posts on EDC.ca
https://www.edc.ca/en/bio/zoe-de-bellefeuille.html,OK,Indexable,Zoe de Bellefeuille | Posts on EDC.ca
https://www.edc.ca/en/blog.html,Found,Non-Indexable,
https://www.edc.ca/en/blog/10-principles-managing-risk-covid-19.html,OK,Indexable,How to make it through COVID-19 with your business intact | EDC
https://www.edc.ca/en/blog/2017-export-numbers-positive-for-canadian-companies.html,OK,Indexable,Export numbers positive for Canadian companies in 2017
https://www.edc.ca/en/blog/2017-french-elections.html,OK,Indexable,Why should you care about France’s elections? | EDC
https://www.edc.ca/en/blog/2019-cleantech-export-star-ecobee.html,OK,Indexable,Giving back: Smart thermostat gives customers the power to change the world  | EDC
https://www.edc.ca/en/blog/2020-trade-outlook-canadian-export-growth.html,OK,Indexable,2020 Trade outlook gives insight into Canadian export growth | EDC
https://www.edc.ca/en/blog/3-ingredients-to-going-global.html,OK,Indexable,3 ingredients to going global | EDC
https://www.edc.ca/en/blog/4-indicators-expand-internationally.html,Found,Non-Indexable,
https://www.edc.ca/en/blog/4-lessons-learned-exporting-to-india.html,OK,Indexable,Reflections on India:  4 lessons learned from Canadian exporter CAN-ENG | EDC
https://www.edc.ca/en/blog/75-years-and-counting.html,OK,Indexable,Seventy-five years…and still counting | EDC
https://www.edc.ca/en/blog/8-tips-maximize-online-presence.html,OK,Indexable,Maximize your online presence: 8 tips from BDC | EDC
https://www.edc.ca/en/blog/a-day-in-the-life-wuxly.html,OK,Indexable,"A day in the life of an exporter: James Yurichuk, Wuxly Movement | EDC"
https://www.edc.ca/en/blog/advice-from-canadian-companies-going-global.html,OK,Indexable,Advice from Canadian companies about going global | EDC
https://www.edc.ca/en/blog/agri-food-trends-in-europe.html,OK,Indexable,Agri-food in Europe: A tasty prospect for Canadians| EDC
https://www.edc.ca/en/blog/america-first-affects.html,OK,Indexable,History lessons: How Buy America and America First can affect you | EDC
https://www.edc.ca/en/blog/amlo-first-100-days.html,OK,Indexable,AMLO | First 100 Days | EDC
https://www.edc.ca/en/blog/asean-canada-agreement.html,OK,Indexable,Why an ASEAN-Canada free trade agreement is a winning strategy  | EDC
https://www.edc.ca/en/blog/ask-the-export-help-team-moving-the-goods.html,OK,Indexable,Ask the Export Help Team | EDC
https://www.edc.ca/en/blog/ask-the-export-help-team-sealing-the-deal.html,OK,Indexable,Ask the Export Help Team | EDC
https://www.edc.ca/en/blog/ask-the-export-help-team-tackling-your-taxes.html,OK,Indexable,Ask the Export Help Team | EDC
https://www.edc.ca/en/blog/ask-the-export-help-team.html,OK,Indexable,Ask the Export Help Team | EDC
https://www.edc.ca/en/blog/ask-the-export-help-team/ask-the-export-help-team-tackling-your-taxes.html,OK,Indexable,Ask the Export Help Team | EDC
https://www.edc.ca/en/blog/atlanta-latest-breakout-star-for-canadian-exports.html,OK,Indexable,New office now open in Atlanta | EDC
https://www.edc.ca/en/blog/barriers-for-black-exporters-edc-report.html,OK,Indexable,"Eliminating barriers for Black, racialized exporters | EDC"
https://www.edc.ca/en/blog/bdc-helps-exporters.html,OK,Indexable,BDC helps exporters | EDC
https://www.edc.ca/en/blog/benefits-of-advisory-boards-edc.html,OK,Indexable,Advisory boards: Effective tool for growing a business | EDC
https://www.edc.ca/en/blog/boost-online-sales-by-localizing-your-website.html,OK,Indexable,How to localize your e-commerce shopping cart | EDC
https://www.edc.ca/en/blog/brazil-export-giant.html,OK,Indexable,Brazil: A giant not to be overlooked  | EDC
https://www.edc.ca/en/blog/breaking-down-barriers-for-women-entrepreneurs.html,OK,Indexable,Breaking down the barriers for women entrepreneurs | EDC
https://www.edc.ca/en/blog/brexit-here-is-what-you-need-to-know.html,OK,Indexable,Brexit- Here is what you need to know | EDC
https://www.edc.ca/en/blog/brexit-its-down-to-a-coin-toss.html,OK,Indexable,Brexit: It’s down to a coin toss | EDC
https://www.edc.ca/en/blog/brexit-what-is-next.html,OK,Indexable,Brexit: What’s next? | EDC
https://www.edc.ca/en/blog/brics-frontier-markets.html,OK,Indexable,Thinking beyond BRICS: Assessing the top 10 ‘frontier’ markets | EDC
https://www.edc.ca/en/blog/bringing-agribusiness-to-the-eu.html,OK,Indexable,Bringing agribusiness to the EU | EDC
https://www.edc.ca/en/blog/build-international-network.html,OK,Indexable,5 steps to build your international network | EDC
https://www.edc.ca/en/blog/builder-exports-bungalows.html,Found,Non-Indexable,
https://www.edc.ca/en/blog/building-a-compliance-program.html,OK,Indexable,How to Start Building a Compliance Program | EDC
https://www.edc.ca/en/blog/building-an-export-plan.html,OK,Indexable,How to build an export plan | EDC
https://www.edc.ca/en/blog/building-export-plans.html,OK,Indexable,"Custom home builder shares exporting advice, resources | EDC"
https://www.edc.ca/en/blog/building-relationships-in-china.html,OK,Indexable,Getting to China: how customer relationships impact your ROI | EDC
https://www.edc.ca/en/blog/building-solid-export-plan.html,OK,Indexable,An export plan is only as good as your research | EDC
https://www.edc.ca/en/blog/business-in-mexico.html,OK,Indexable,"Panic, pause or press on: A look at the Mexico business climate | EDC"
https://www.edc.ca/en/blog/business-philippines-etiquette-tips.html,Moved Permanently,Non-Indexable,
https://www.edc.ca/en/blog/business-readiness-assessment-tool-for-women.html,OK,Indexable,Tool assesses Canadian women’s business readiness | EDC
https://www.edc.ca/en/blog/business-women-in-trade-bwit.html,OK,Indexable,How the business women in international trade (BWIT) program can help | EDC
https://www.edc.ca/en/blog/canada-brand-exporting-advantage.html,OK,Indexable,Coming of age: The Canada brand as exporting advantage | EDC
https://www.edc.ca/en/blog/canada-cleantech-advantage.html,OK,Indexable,Cleantech: A sector of unlimited promise | EDC
https://www.edc.ca/en/blog/canada-europe-trade-relationship.html,OK,Indexable,How you can take advantage of the Canada-EU trade relationship | EDC
https://www.edc.ca/en/blog/canada-financial-institutions-help-export-success.html,OK,Indexable,Canada's financial institutions help companies export
https://www.edc.ca/en/blog/canada-health-wellness-export-opportunity.html,OK,Indexable,Canada's health and wellness export opportunity
https://www.edc.ca/en/blog/canada-mexico-trade.html,OK,Indexable,"Canada-Mexico: Trade, investment and integration | EDC"
https://www.edc.ca/en/blog/canada-organic-sector-growth.html,OK,Indexable,Canada’s organic sector just keeps growing | EDC
https://www.edc.ca/en/blog/canada-plant-based-protein-growth.html,OK,Indexable,Plant-based proteins: A growth sector in our backyard | EDC
https://www.edc.ca/en/blog/canada-south-korea-free-trade.html,OK,Indexable,Canada-Korea Free Trade Agreement: Putting winning trade opportunities on the podium | EDC
https://www.edc.ca/en/blog/canadas-automotive-industry-exporting-history.html,OK,Indexable,Canada’s automotive industry: A history in exporting
https://www.edc.ca/en/blog/canadas-export-potential-with-agricultural-technology.html,OK,Indexable,Canada’s export potential with agricultural technology
https://www.edc.ca/en/blog/canadas-ict-sector-built-for-exporting.html,OK,Indexable,Canada's ICT sector is built for exporting
https://www.edc.ca/en/blog/canadas-oil-and-gas-sector-report.html,OK,Indexable,Canada's oil and gas sector report
https://www.edc.ca/en/blog/canadian-agribusiness-in-brazil-and-argentina.html,OK,Indexable,Brazil and Argentina: Open for Canadian agribusiness | EDC
https://www.edc.ca/en/blog/canadian-beef-exports-ceta.html,OK,Indexable,Canadian beef exports & CETA: The prime cuts and the red tape | EDC
https://www.edc.ca/en/blog/canadian-brand-advantage.html,OK,Indexable,Happy 150 Canada! – The Canadian brand on the global stage #Canada150 | EDC
https://www.edc.ca/en/blog/canadian-clean-technology.html,OK,Indexable,A call to action on Canadian clean technology | EDC
https://www.edc.ca/en/blog/canadian-cleantech-export-week.html,OK,Indexable,EDC’s Canadian cleantech export week: ‘A golden opportunity’ | EDC
https://www.edc.ca/en/blog/canadian-companies-doing-business-in-china.html,OK,Indexable,3 tips for Canadian companies selling in China | EDC
https://www.edc.ca/en/blog/canadian-companies-exporting-to-china.html,OK,Indexable,Opportunities for Canadian companies exporting to China
https://www.edc.ca/en/blog/canadian-culture-helps-exports.html,OK,Indexable,How Canadian artists and culture can open trade doors - EDC
https://www.edc.ca/en/blog/canadian-export-challenge.html,OK,Indexable,3 reasons Canadian small businesses are poised to take on the world | EDC
https://www.edc.ca/en/blog/canadian-export-opportunities-us.html,OK,Indexable,Canadian exporters need to plan for growth in the U.S | EDC
https://www.edc.ca/en/blog/canadian-exports-coronavirus-outbreak.html,OK,Indexable,Demand for Canadian exports drops with virus outbreak | EDC
https://www.edc.ca/en/blog/canadian-fintech-export-ready.html,OK,Indexable,Canadian fintech companies need to be export-ready
https://www.edc.ca/en/blog/canadian-global-trade.html,OK,Indexable,Why 2017 is a “big” year in global trade | Export Development Canada
https://www.edc.ca/en/blog/canadian-maple-syrup-exports.html,OK,Indexable,Canadian maple syrup exports: The future is looking sweet | EDC
https://www.edc.ca/en/blog/canadian-opportunity-in-indonesia.html,OK,Indexable,Indonesia: A nation of opportunity for Canadian businesses | EDC
https://www.edc.ca/en/blog/canadian-trade-with-france.html,OK,Indexable,A new approach to international trade with France | EDC
https://www.edc.ca/en/blog/carbicrete-wins-edc-pitch-competition.html,OK,Indexable,CarbiCrete: Winner of EDC Pitch Competition 2022| EDC
https://www.edc.ca/en/blog/cash-flow-forecasting-during-covid19.html,OK,Indexable,How to forecast your cash flow during COVID-19 I EDC
https://www.edc.ca/en/blog/ceta-aerospace-sector-opportunities.html,OK,Indexable,CETA puts opportunities in flight for the aerospace sector | EDC
https://www.edc.ca/en/blog/ceta-opportunities-canadian-food-exporters.html,OK,Indexable,CETA opens menu of opportunities for Canadian food exporters | EDC
https://www.edc.ca/en/blog/challenges-for-women-exporters.html,OK,Indexable,5 challenges for women exporters and how to overcome them | EDC
https://www.edc.ca/en/blog/chile-energy-sector-for-canadian-companies.html,OK,Indexable,Chile's energy sector: What Canadian companies need to know
https://www.edc.ca/en/blog/china-ecommerce-market.html,OK,Indexable,China’s e-Commerce market: How to get started | EDC
https://www.edc.ca/en/blog/choosing-to-act-edc-reponse-to-original-pandemic.html,OK,Indexable,EDC’s response to the “original pandemic” | EDC
https://www.edc.ca/en/blog/ciele-tips-to-expand-globally.html,OK,Indexable,6 tips to help Canadian exporters cross the finish line | EDC
https://www.edc.ca/en/blog/clean-energy-colombias-untapped-potential.html,OK,Indexable,Clean energy: Colombia's untapped potential | EDC
https://www.edc.ca/en/blog/cleantech-canada-growing-global-markets.html,OK,Indexable,How can Cleantech Canada compete for growing global market share? | EDC
https://www.edc.ca/en/blog/cleantech-disruptive-technology.html,OK,Indexable,Growing cleantech companies in the age of disruptive technology | EDC
https://www.edc.ca/en/blog/cleantech-resources-for-exporters.html,OK,Indexable,Cleantech resources to help build your export strategy | EDC
https://www.edc.ca/en/blog/clearing-customs.html,OK,Indexable,The art of clearing customs  | EDC
https://www.edc.ca/en/blog/complying-with-cusma-rules-of-origin.html,OK,Indexable,Complying with CUSMA rules of origin | EDC
https://www.edc.ca/en/blog/costing-and-financing-ecommerce-platforms.html,OK,Indexable,Costing and financing e-commerce platforms | EDC
https://www.edc.ca/en/blog/covid-19-africa-outlook.html,OK,Indexable,Economic impact of COVID-19 threatens Africa’s hard-won gains | EDC
https://www.edc.ca/en/blog/covid-19-building-remote-teams.html,OK,Indexable,5 ways to build a virtual team during COVID-19 | EDC
https://www.edc.ca/en/blog/covid-19-cash-flow-management-strategies.html,OK,Indexable,Managing your cash flow during COVID-19—and beyond | EDC
https://www.edc.ca/en/blog/covid-19-edc-financial-support.html,OK,Indexable,5 ways EDC can help you get through COVID-19 | EDC
https://www.edc.ca/en/blog/covid-19-edc-summer-survey-findings.html,OK,Indexable,EDC COVID-19 impact survey suggests the worst is behind us | EDC
https://www.edc.ca/en/blog/covid-19-edc-survey-findings.html,OK,Indexable,COVID-19: EDC survey finds 10 key impacts on Canadian businesses | EDC
https://www.edc.ca/en/blog/covid-19-impact-survey-highlights.html,OK,Indexable,COVID-19 impacts on Canadian businesses | EDC
https://www.edc.ca/en/blog/covid-19-market-insights-africa.html,OK,Indexable,Monitoring the business impact of COVID-19 on Africa | EDC
https://www.edc.ca/en/blog/covid-19-market-insights-middle-east.html,OK,Indexable,Monitoring the business impact of COVID-19 on the Middle East I EDC
https://www.edc.ca/en/blog/covid-19-sector-economic-fallout.html,OK,Indexable,COVID-19: The sectoral and regional economic fallout in Canada | EDC
https://www.edc.ca/en/blog/covid-changed-everything.html,OK,Indexable,COVID-19 changed everything – including change | EDC
https://www.edc.ca/en/blog/credit-management-strategy-new-market.html,OK,Indexable,Adjust your credit management strategy in a new market | EDC
https://www.edc.ca/en/blog/cultural-intelligence-helps-service-exports.html,OK,Indexable,Developing cultural intelligence gives exporters the critical advantage | EDC
https://www.edc.ca/en/blog/cultural-intelligence-matters.html,OK,Indexable,Mind your international Cs and Qs | EDC
https://www.edc.ca/en/blog/currency-exchange-risk-covid-19.html,OK,Indexable,How to handle currency exchange risk during COVID-19 I EDC
https://www.edc.ca/en/blog/currency-exchange-risk.html,OK,Non-Indexable,How to handle currency exchange risk | EDC
https://www.edc.ca/en/blog/cusma-helps-canadian-companies.html,OK,Indexable,CUSMA helps Canadian companies grow south | EDC
https://www.edc.ca/en/blog/customs-brokers-help-canadian-exporters.html,OK,Indexable,How customs brokers can help Canadian exporters | EDC
https://www.edc.ca/en/blog/defending-your-brand-at-premium-price.html,OK,Indexable,Getting to China: Defend your brand at a premium price | EDC
https://www.edc.ca/en/blog/digital-transformation-in-turkiye.html,OK,Indexable,Digital transformation in Türkiye | EDC
https://www.edc.ca/en/blog/digital-trends-canada-2018.html,OK,Indexable,5 digital trends Canadian businesses should prepare for in 2018 | EDC
https://www.edc.ca/en/blog/discover-who-to-bank-with-when-exporting.html,OK,Indexable,"Where, how, and with whom you bank"
https://www.edc.ca/en/blog/dispatch-from-london.html,OK,Indexable,Dispatch From London | Brexit | EDC
https://www.edc.ca/en/blog/diversify-service-exports-ceta.html,OK,Indexable,Diversify your service exports by expanding to the EU | EDC
https://www.edc.ca/en/blog/diversity-at-edc.html,OK,Indexable,An EDC employee’s coming-out journey | EDC
https://www.edc.ca/en/blog/doing-business-in-britain.html,OK,Indexable,8 rules of business etiquette in the UK | EDC
https://www.edc.ca/en/blog/doing-business-in-italy-exporters.html,OK,Indexable,Doing business in Italy: What Canadian exporters need to know | EDC
https://www.edc.ca/en/blog/doing-business-mexico-12-etiquette-tips.html,OK,Indexable,Doing business in Mexico: 12 essential etiquette tips | EDC
https://www.edc.ca/en/blog/e-commerce-beauty-market.html,OK,Indexable,Standing out in a crowded e-Commerce market | EDC
https://www.edc.ca/en/blog/ecommerce-for-business-exporters.html,OK,Indexable,A site for more eyes: The e-commerce opportunity for exporters | EDC
https://www.edc.ca/en/blog/ecommerce-for-business.html,OK,Indexable,A site for more eyes: The e-commerce opportunity for exporters | EDC
https://www.edc.ca/en/blog/ecommerce-holiday-shipping.html,OK,Indexable,How to prepare your e-commerce business for holiday shipping | EDC
https://www.edc.ca/en/blog/ecommerce-technology-in-global-markets.html,OK,Indexable,e-Commerce technology: Leveling the playing field | EDC
https://www.edc.ca/en/blog/economic-forecast-of-global-economy.html,OK,Indexable,Economic forecast view of where global economy is headed | EDC
https://www.edc.ca/en/blog/economic-growth-in-ocean-technology-exports.html,OK,Indexable,Ocean Technology Exports: Atlantic Canada at the Forefront | EDC
https://www.edc.ca/en/blog/economics-look-ahead-for-2020.html,OK,Indexable,EDC Economics looks at the road ahead for 2020 | EDC
https://www.edc.ca/en/blog/economics-of-logic.html,OK,Indexable,The economics of logic | EDC
https://www.edc.ca/en/blog/edc-betr-strategy-and-collaboration.html,OK,Indexable,Federal group works to rally Canada's recovery | EDC
https://www.edc.ca/en/blog/edc-business-connections-mexico-canada.html,Found,Non-Indexable,
https://www.edc.ca/en/blog/edc-indigenous-business-strategy.html,Moved Permanently,Non-Indexable,
https://www.edc.ca/en/blog/edc-national-indigenous-business-strategy.html,Found,Non-Indexable,
https://www.edc.ca/en/blog/edc-net-zero-emissions-2050.html,OK,Indexable,EDC commits to net zero emissions by 2050 | EDC
https://www.edc.ca/en/blog/edc-six-trends-to-watch.html,OK,Indexable,Top trends to watch in 2022 | EDC
https://www.edc.ca/en/blog/edc-weoc-women-in-trade-conference.html,OK,Indexable,Financial advice for Canadian women entrepreneurs | EDC
https://www.edc.ca/en/blog/eight-part-ecommerce-series-to-help-your-company-thrive.html,OK,Indexable,How the new e-commerce can help your company thrive | EDC
https://www.edc.ca/en/blog/employees-key-to-marketing-strategy.html,OK,Indexable,Why your employees are key to your marketing strategy | EDC
https://www.edc.ca/en/blog/empowering-women-entrepreneurs-in-retail.html,OK,Indexable,Empowering women-owned businesses to succeed in retail | EDC
https://www.edc.ca/en/blog/esg-plan-for-international-success.html,OK,Indexable,ESG and your international business | EDC
https://www.edc.ca/en/blog/eu-trade-commissioner-economic-insights.html,OK,Indexable,EU Trade Commissioner: Trade with the world
https://www.edc.ca/en/blog/evaluating-your-product-offer.html,OK,Indexable,Getting to China: evaluating your product offer | EDC
https://www.edc.ca/en/blog/expand-internationally-guide.html,OK,Indexable,A Guide to Expanding Internationally: Choosing Your Partner | EDC
https://www.edc.ca/en/blog/expand-to-european-market.html,OK,Indexable,4 tips for expanding into the European market  | EDC
https://www.edc.ca/en/blog/expanding-acquiring-a-company-internationally.html,OK,Indexable,3 tips to expand or acquire internationally | EDC
https://www.edc.ca/en/blog/expanding-coronavirus-covid-19-threat.html,Found,Non-Indexable,
https://www.edc.ca/en/blog/expanding-internationally-risk-assessment.html,OK,Indexable,Expanding internationally: Two fundamental principles in risk assessment | EDC
https://www.edc.ca/en/blog/export-budget-2017.html,OK,Indexable,What exporters need to know about Budget 2017
https://www.edc.ca/en/blog/export-challenges-for-women.html,OK,Indexable,Women in Trade | Jennifer Cooke | EDC
https://www.edc.ca/en/blog/export-growth-for-canadas-floriculture-industry.html,OK,Indexable,Canada’s floriculture industry looks for export growth
https://www.edc.ca/en/blog/export-internationally-with-toronto-bot.html,OK,Indexable,Toronto BOT helps more companies export internationally
https://www.edc.ca/en/blog/export-markets-in-latin-america.html,OK,Indexable,"3 markets to watch in Latin America: Chile, Colombia and Ecuador | EDC"
https://www.edc.ca/en/blog/export-opportunities-germany.html,OK,Indexable,Oktoberfest: An export opportunity for Canadian businesses | EDC
https://www.edc.ca/en/blog/export-strength-for-businesses.html,OK,Indexable,Immigrant-owned businesses: an export strength
https://www.edc.ca/en/blog/export-success-for-canadian-companies-through-supply-chains.html,Found,Non-Indexable,
https://www.edc.ca/en/blog/exporter-knowledge-on-canada-ukraine-trade-deal.html,Found,Non-Indexable,
https://www.edc.ca/en/blog/exporters-journey.html,OK,Indexable,Five signs you’re ready to start exporting | EDC
https://www.edc.ca/en/blog/exporting-101-resources-to-grow-business.html,OK,Indexable,Exporting 101: Five resources to help grow your business | EDC
https://www.edc.ca/en/blog/exporting-101-trade-acronyms.html,OK,Indexable,Exporting 101: Defining 24 trade acronyms | EDC
https://www.edc.ca/en/blog/exporting-canadas-cleantech-opportunity.html,Found,Non-Indexable,
https://www.edc.ca/en/blog/exporting-canadian-arts-culture.html,OK,Indexable,Exporting Canadian arts and culture
https://www.edc.ca/en/blog/exporting-canadian-music.html,OK,Indexable,How exporting has changed the Canadian music landscape
https://www.edc.ca/en/blog/exporting-checklist-for-indigenous-entrepreneurs.html,OK,Indexable,Indigenous entrepreneurs: Checklist to exporting | EDC
https://www.edc.ca/en/blog/exporting-strategies-to-the-us.html,OK,Indexable,3 key strategies to exporting in the U.S. | EDC
https://www.edc.ca/en/blog/exporting-to-argentina.html,OK,Indexable,Celebrating Argentina - EDC
https://www.edc.ca/en/blog/exporting-to-australia.html,OK,Indexable,5 tips from an accidental exporter in Australia | EDC
https://www.edc.ca/en/blog/exporting-to-europe-through-netherlands-ecommerce.html,OK,Indexable,Entering Europe through the Netherlands: An e-commerce haven | EDC
https://www.edc.ca/en/blog/exporting-winter-in-canada.html,OK,Indexable,Exporting the best of Canada’s cold winters | EDC
https://www.edc.ca/en/blog/exporting-with-pride-travel-tips.html,Found,Non-Indexable,
https://www.edc.ca/en/blog/exporting-with-pride.html,Found,Non-Indexable,
https://www.edc.ca/en/blog/fast-growing-export-for-canadian-financial-services.html,OK,Indexable,Canadian financial services is a fast-growing export
https://www.edc.ca/en/blog/fcc-edc-agrifood-covid.html,OK,Indexable,Silver linings in a global pandemic: Canada’s agri-food yields strong growth despite trade disruptions | EDC
https://www.edc.ca/en/blog/feeding-a-world-hungry-for-canada.html,OK,Indexable,Feeding a world hungry for Canada | EDC
https://www.edc.ca/en/blog/film-organic-cleantech-one-to-watch.html,OK,Indexable,FilmOrganic is a 2020 Cleantech Export One to Watch. | EDC
https://www.edc.ca/en/blog/find-global-growth-opportunities.html,OK,Indexable,6 different ways to find global growth opportunities | EDC
https://www.edc.ca/en/blog/find-new-customers-market-finder-and-edc.html,OK,Indexable,How to find new markets with Market Finder by Google and EDC | EDC
https://www.edc.ca/en/blog/fitt-turns-30.html,OK,Indexable,Global leader in international trade education turns 30| EDC
https://www.edc.ca/en/blog/four-women-changed-exporting-for-canadian-musicians.html,OK,Indexable,Four women who changed the music world for Canadian musicians
https://www.edc.ca/en/blog/full-potential-for-canadas-ict-sector.html,OK,Indexable,The full potential of Canada's ICT sector
https://www.edc.ca/en/blog/gain-global-presence-in-the-us.html,OK,Indexable,Going south of the border: How to gain a global presence in the U.S. | EDC
https://www.edc.ca/en/blog/gan-systems-cleantech-one-to-watch.html,OK,Indexable,Ottawa company delivers major efficiency gains | EDC
https://www.edc.ca/en/blog/gender-equality-for-women-in-trade.html,Found,Non-Indexable,
https://www.edc.ca/en/blog/get-secure-trusted-website.html,OK,Indexable,3 steps on how to get and keep a secure website | EDC
https://www.edc.ca/en/blog/get-your-online-store-ready-to-fill-orders.html,OK,Indexable,Getting your online business set up to fulfill orders | EDC
https://www.edc.ca/en/blog/getting-export-ready.html,OK,Indexable,See how five young entrepreneurs are getting export-ready and going global | EDC
https://www.edc.ca/en/blog/getting-online-with-google-what-your-customers-want.html,OK,Indexable,Getting online with Google: What your customers want | EDC
https://www.edc.ca/en/blog/getting-up-to-speed-on-canadas-internet.html,OK,Indexable,Getting up to speed on Canada’s internet | EDC
https://www.edc.ca/en/blog/getting-your-ecommerce-store-ship-shape.html,OK,Indexable,Getting your e-commerce store ship-shape | EDC
https://www.edc.ca/en/blog/gidney-fisheries-growing-brands.html,OK,Indexable,3 tips from Gidney Fisheries on growing brands globally | EDC
https://www.edc.ca/en/blog/gig-workers-boost-competitive-advantage.html,OK,Indexable,5 ways gig workers can boost your competitive advantage | EDC
https://www.edc.ca/en/blog/global-competitive-advantage-success-pillars.html,OK,Indexable,Defining a Global Competitive Advantage: 4 pillars of success | EDC
https://www.edc.ca/en/blog/global-export-strategy.html,OK,Indexable,Is pursuing a global export strategy worth the risk? | EDC
https://www.edc.ca/en/blog/global-export-tips.html,OK,Indexable,Rebels Refinery: Export tips from a global skincare company | EDC
https://www.edc.ca/en/blog/global-markets-for-cleantech.html,OK,Indexable,Top 5 global markets for Canada’s clean technology | EDC
https://www.edc.ca/en/blog/global-protectionism-and-tariffs.html,OK,Indexable,CUSMA relief shifts to worries about global protectionism and tariffs  | EDC
https://www.edc.ca/en/blog/global-recession-obsession.html,OK,Indexable,Is a recession imminent? Why everyone’s worried yet again | EDC
https://www.edc.ca/en/blog/going-global.html,OK,Indexable,Going global to support local | EDC
https://www.edc.ca/en/blog/going-global1.html,OK,Indexable,Going global to support local | EDC
https://www.edc.ca/en/blog/greenmantra-cleantech-export-stars-2021.html,OK,Indexable,GREENMANTRA | EDC
https://www.edc.ca/en/blog/growing-business-without-borders.html,OK,Indexable,Growing Business without Borders: 4 ways to Get B2B Clients | EDC
https://www.edc.ca/en/blog/growing-sales-in-emerging-markets.html,OK,Indexable,Look at Emerging Markets When Growing Sales | EDC
https://www.edc.ca/en/blog/growth-in-mexico-offers-benefits-to-canadians.html,OK,Indexable,How growth in Mexico offers benefits to Canadians | EDC
https://www.edc.ca/en/blog/growth-requires-diversification.html,OK,Indexable,Necessity to diversify - EDC
https://www.edc.ca/en/blog/guide-to-exporting.html,Moved Permanently,Non-Indexable,
https://www.edc.ca/en/blog/harness-cptpp-opportunities.html,OK,Indexable,How to harness the opportunities of the CPTPP | EDC
https://www.edc.ca/en/blog/helping-canadian-exporters-trade-agenda.html,OK,Indexable,Helping Canadian customers and supporting the trade agenda | EDC
https://www.edc.ca/en/blog/hockeyshot-shoots-scores.html,OK,Indexable,"He shoots, he scores | HockeyShot | EDC"
https://www.edc.ca/en/blog/how-building-our-brand-set-us-on-a-global-adventure.html,OK,Indexable,How building our brand set us on a global adventure
https://www.edc.ca/en/blog/how-canada-contributes-to-the-holidays.html,OK,Indexable,How Canada and its trading partners contribute to holiday traditions | EDC
https://www.edc.ca/en/blog/how-canadian-businesses-can-ride-chinas-economic-wave.html,OK,Indexable,How Canadian businesses can ride China’s economic wave | EDC
https://www.edc.ca/en/blog/how-digital-tech-is-driving-change.html,OK,Indexable,How digital tech is driving change | EDC
https://www.edc.ca/en/blog/how-energy-geeks-tackled-the-us-market.html,OK,Indexable,How one cleantech company tackled the U.S. market | EDC
https://www.edc.ca/en/blog/how-indigenous-businesses-are-taking-on-the-world.html,OK,Indexable,How Indigenous businesses are taking on the world | EDC
https://www.edc.ca/en/blog/how-to-combine-ecommerce-and-instore.html,OK,Indexable,How e-commerce and in-store experience can work perfectly in sync | EDC
https://www.edc.ca/en/blog/how-to-grow-business-internationally.html,OK,Indexable,Global export forecast: 3 Reasons to grow business internationally | EDC
https://www.edc.ca/en/blog/hs-codes-2022-changes.html,OK,Indexable,What you need to know about changes to HS codes | EDC
https://www.edc.ca/en/blog/idc-export-paperwork-help.html,OK,Indexable,IDC can help with export paperwork
https://www.edc.ca/en/blog/incoterms-2020-ex-works-rule.html,Moved Permanently,Non-Indexable,
https://www.edc.ca/en/blog/incoterms-2020-fca-free-carrier-rule.html,Moved Permanently,Non-Indexable,
https://www.edc.ca/en/blog/incoterms-2020-group-d-rules.html,Moved Permanently,Non-Indexable,
https://www.edc.ca/en/blog/increase-customer-engagement-through-storytelling.html,OK,Indexable,Storytelling in marketing: How to increase customer engagement | EDC
https://www.edc.ca/en/blog/indigenous-women-in-trade-canada.html,Found,Non-Indexable,
https://www.edc.ca/en/blog/indirect-vs-direct-exporting.html,OK,Indexable,Indirect vs. direct exporting: Doing what’s best to grow your business | EDC
https://www.edc.ca/en/blog/innovation-by-changing-business-environment.html,Found,Non-Indexable,
https://www.edc.ca/en/blog/innovation-for-canadian-mining-companies.html,OK,Indexable,Canadian mining companies: keep calm and innovate
https://www.edc.ca/en/blog/instagram-for-business.html,OK,Indexable,Instagram for business: How to market your product globally | EDC
https://www.edc.ca/en/blog/international-decision-makers.html,OK,Indexable,Find and connect with international decision-makers | EDC
https://www.edc.ca/en/blog/international-financial-crime-quiz.html,OK,Indexable,Beware of the risks of international financial crime | EDC
https://www.edc.ca/en/blog/international-pricing-constraints-for-exporters.html,OK,Indexable,International pricing constraints for exporters
https://www.edc.ca/en/blog/international-trade-shows.html,OK,Indexable,Which international trade shows should you attend? | EDC
https://www.edc.ca/en/blog/international-womens-day-now-as-much-as-ever.html,OK,Indexable,International Women’s Day – now as much as ever | EDC
https://www.edc.ca/en/blog/invest-in-the-us.html,OK,Indexable,"Trump, trade, and tomorrow: Seeing Canadian opportunity in changing times | EDC"
https://www.edc.ca/en/blog/irpp-canadian-trade-policy.html,OK,Indexable,A tough look at Canada’s trade policy
https://www.edc.ca/en/blog/jennifer-cooke-women-in-trade.html,Found,Non-Indexable,
https://www.edc.ca/en/blog/joy-yap-faces-future.html,OK,Indexable,Facing the future with Joy Yap | EDC
https://www.edc.ca/en/blog/land-of-export-opportunity-for-canadians.html,OK,Indexable,Southeast Asia: a land of export opportunity for Canadians
https://www.edc.ca/en/blog/leadership-sampler-success.html,OK,Indexable,Strong leadership led to Sampler’s success | EDC
https://www.edc.ca/en/blog/leading-with-values.html,OK,Indexable,Leading with values | EDC
https://www.edc.ca/en/blog/led-roadway-lighting-cleantech-export-star.html,OK,Indexable,LED streetlight company diversifies into new solutions | EDC
https://www.edc.ca/en/blog/listening-our-way-through-a-pandemic.html,OK,Indexable,Listening our way through a pandemic crisis | EDC
https://www.edc.ca/en/blog/lord-cultural-resources.html,OK,Indexable,Cultural Planning with Gail Lord | EDC
https://www.edc.ca/en/blog/making-virtual-business-connections.html,OK,Indexable,Making virtual business connections during a global health crisis | EDC
https://www.edc.ca/en/blog/managing-political-risks.html,OK,Non-Indexable,3 types of political risks and how to manage them | EDC
https://www.edc.ca/en/blog/managing-risk.html,OK,Indexable,"Risky business? Mitigate economic, political and social risks | EDC"
https://www.edc.ca/en/blog/managing-risks-doing-business-internationally.html,OK,Indexable,Managing Risks of Doing Business Internationally | EDC
https://www.edc.ca/en/blog/market-insights-australia-covid-19.html,OK,Indexable,Market insights: Monitoring the business impacts of COVID-19 on Australia | EDC
https://www.edc.ca/en/blog/market-insights-china-covid-19.html,OK,Indexable,Market insights: Managing  COVID-19 business risks in China | EDC
https://www.edc.ca/en/blog/market-insights-india-covid-19.html,OK,Indexable,Market insights: Monitoring the business impacts of COVID-19 on India | EDC
https://www.edc.ca/en/blog/market-insights-peru-covid-19.html,OK,Indexable,Monitoring the business impact of COVID-19 on Peru | EDC
https://www.edc.ca/en/blog/market-insights-south-america-covid-19.html,OK,Indexable,Market insights: Monitoring the business impacts of COVID-19 on South America | EDC
https://www.edc.ca/en/blog/market-insights-southeast-asia-covid-19.html,OK,Indexable,Market insights: Managing COVID-19 business risks in Southeast Asia | EDC
https://www.edc.ca/en/blog/market-insights-united-kingdom-covid-19.html,OK,Indexable,Monitoring the business impacts of COVID-19 on the United Kingdom | EDC
https://www.edc.ca/en/blog/marketing-champions.html,OK,Indexable,5 ways your customers can be your best marketing champions | EDC
https://www.edc.ca/en/blog/mastering-digital-marketing.html,OK,Indexable,Mastering Digital Marketing in 5 easy steps | EDC
https://www.edc.ca/en/blog/mentoring-women-trade.html,OK,Indexable,6 Ways to Mentor Women in Trade | Export Development Canada
https://www.edc.ca/en/blog/minesense-cleantech-one-to-watch-2019.html,OK,Indexable,Sorting the good from the bad with ground-breaking technology | EDC
https://www.edc.ca/en/blog/miovision-cleantech-export-star.html,OK,Indexable,Smarter intersections: Traffic management gets pulled into the right lane | EDC
https://www.edc.ca/en/blog/most-common-export-trade-question.html,OK,Indexable,What’s the most common trade-related question Canadian companies ask? It’s not what you think! | EDC
https://www.edc.ca/en/blog/moving-operations-to-us.html,OK,Indexable,5 questions to ask before moving operations to the United States | EDC
https://www.edc.ca/en/blog/mysa-cleantech-one-to-watch-2021.html,OK,Indexable,Mysa Smart Thermostats | EDC
https://www.edc.ca/en/blog/nafta-economic-growth.html,OK,Indexable,3 reasons the economy will grow in spite of NAFTA | EDC
https://www.edc.ca/en/blog/nafta-renegotiation-and-modernization.html,OK,Indexable,NAFTA renegotiation: Foreign affairs minister Chrystia Freeland talks NAFTA modernization | EDC
https://www.edc.ca/en/blog/navigating-opportunities-in-asia.html,OK,Indexable,Navigating opportunities in Southeast Asia | EDC
https://www.edc.ca/en/blog/network-benefits-for-women-in-trade.html,OK,Indexable,Benefits of global networks for women in trade| EDC
https://www.edc.ca/en/blog/new-technology-for-canadian-exporters.html,OK,Indexable,Microgrids: A new technology opportunity for Canada
https://www.edc.ca/en/blog/oil-and-gas-services.html,OK,Indexable,Overcoming exporting challenges in oil and gas services | EDC
https://www.edc.ca/en/blog/opportunities-for-canadian-businesses-in-china.html,OK,Indexable,5 sector opportunities for Canadians in China | EDC
https://www.edc.ca/en/blog/opportunities-in-uae-free-trade-zones.html,OK,Indexable,Offering an oasis of opportunity in UAE free trade zones | EDC
https://www.edc.ca/en/blog/opportunity-awaits-canadian-businesses-in-india.html,OK,Indexable,Opportunity awaits Canadian businesses in India | EDC
https://www.edc.ca/en/blog/outsourcing-for-small-business.html,OK,Indexable,Outsourcing can help you scale your small business | EDC
https://www.edc.ca/en/blog/overcoming-export-challenges-for-quebec.html,OK,Indexable,How Quebec companies can overcome export challenges
https://www.edc.ca/en/blog/partnerships-key-to-success.html,OK,Indexable,Why partnerships and acquisitions are the key to this software company’s success | EDC
https://www.edc.ca/en/blog/perfect-sales-pitch.html,OK,Indexable,4 tips to help craft the perfect sales pitch | EDC
https://www.edc.ca/en/blog/perkuto-tips-for-success.html,OK,Indexable,Flexible work environment | Perkuto | EDC
https://www.edc.ca/en/blog/pop-up-shops-example.html,OK,Indexable,Pop-up shops: How a short-term venture can lead to long-term success | EDC
https://www.edc.ca/en/blog/pop-up-shops.html,OK,Indexable,Pop-up shops: How a short-term venture can lead to long-term success | EDC
https://www.edc.ca/en/blog/positive-outlook-food-beverage-sector.html,OK,Indexable,Canada’s resilient food and beverage industry | EDC
https://www.edc.ca/en/blog/power-of-politics-in-business.html,OK,Indexable,The power of politics in business | EDC
https://www.edc.ca/en/blog/powered-to-grow-exports.html,Found,Non-Indexable,
https://www.edc.ca/en/blog/preparing-business-for-brexit-outcomes.html,OK,Indexable,Brexit saga continues: Preparing your business for the various outcomes | EDC
https://www.edc.ca/en/blog/preserve-business-integrity-covid-19.html,OK,Indexable,How to preserve your business integrity amid COVID-19 | EDC
https://www.edc.ca/en/blog/prince-rupert-port-close-to-asian-markets.html,OK,Indexable,Prince Rupert is North America’s closest port to Asian Markets for exporting
https://www.edc.ca/en/blog/progressive-trade-measures.html,OK,Indexable,Canada champions progressive trade at WTO conference | EDC
https://www.edc.ca/en/blog/protect-intellectual-property-when-exporting.html,OK,Indexable,Protecting your  intellectual property when exporting
https://www.edc.ca/en/blog/protecting-ip-abroad.html,OK,Indexable,Protecting your IP abroad | EDC
https://www.edc.ca/en/blog/publish-book-export-plan.html,OK,Indexable,How to publish your book internationally with an export plan | EDC
https://www.edc.ca/en/blog/quadrogen-cleantech-ones-to-watch-2021.html,OK,Indexable,Quadrogen | EDC
https://www.edc.ca/en/blog/reasons-to-export.html,Moved Permanently,Non-Indexable,
https://www.edc.ca/en/blog/reputation-risk-in-global-supply-chain.html,OK,Indexable,Managing reputational risk in your global supply chain | EDC
https://www.edc.ca/en/blog/reshape-grow-company-with-crowdfunding.html,OK,Indexable,Reshape and grow your company with crowdfunding
https://www.edc.ca/en/blog/rethinking-strategy-fresh-approach.html,OK,Indexable,Rethinking strategy: A fresh approach | EDC
https://www.edc.ca/en/blog/rising-interest-rates.html,OK,Indexable,Rising interest rates trigger defaults in emerging markets | EDC
https://www.edc.ca/en/blog/risk-management-plan-response.html,OK,Indexable,Developing a risk management plan: 4 response options | EDC
https://www.edc.ca/en/blog/risk-reward-in-business-overseas.html,OK,Indexable,Risk and reward in business: Your next overseas market | EDC
https://www.edc.ca/en/blog/rules-of-origin-incoterms-2020.html,Moved Permanently,Non-Indexable,
https://www.edc.ca/en/blog/samples-travel-duty-free-with-carnet-program.html,Moved Permanently,Non-Indexable,
https://www.edc.ca/en/blog/scale-and-go-global.html,OK,Indexable,Tackling complicated scaling challenges with simple solutions | EDC
https://www.edc.ca/en/blog/secrets-to-ecommerce-success.html,OK,Indexable,Let it snow: Manitobah Mukluks warms the way to e-commerce success | EDC
https://www.edc.ca/en/blog/secrets-to-ecommerce-success1.html,OK,Indexable,Let it snow: Manitobah Mukluks warms the way to e-commerce success | EDC
https://www.edc.ca/en/blog/sector-advisor-helps-canadian-automotive-businesses.html,OK,Indexable,How an EDC Sector Advisor helps automotive businesses Grow | EDC
https://www.edc.ca/en/blog/sector-opportunities-german-market.html,OK,Indexable,Top sector opportunities in the German market | EDC
https://www.edc.ca/en/blog/seizing-cleantech-opportunities.html,OK,Indexable,Seizing the opportunities cleantech offers | EDC
https://www.edc.ca/en/blog/selling-internationally-on-ebay.html,OK,Indexable,Selling internationally on eBay: Entrepreneurs boost international sales
https://www.edc.ca/en/blog/selling-online-has-never-been-easier-shopify.html,OK,Indexable,"With Shopify, selling online has never been easier | EDC"
https://www.edc.ca/en/blog/selling-outside-of-canada-shopify-app.html,OK,Indexable,Get the Export Help Hub in the Shopify App Store | EDC
https://www.edc.ca/en/blog/semios-cleantech-export-star-2019.html,OK,Indexable,Outstanding in the field: how technology can help feed the world’s growing population| EDC
https://www.edc.ca/en/blog/service-exporters.html,Found,Non-Indexable,
https://www.edc.ca/en/blog/setting-up-business-in-another-country.html,Found,Non-Indexable,
https://www.edc.ca/en/blog/seven-part-ecommerce-series-to-help-your-company-thrive.html,Found,Non-Indexable,
https://www.edc.ca/en/blog/showing-the-way-forward.html,OK,Indexable,EDC’s stakeholders: showing the way forward | EDC
https://www.edc.ca/en/blog/signs-to-selling-internationally.html,OK,Indexable,4 signs your company should consider selling internationally | EDC
https://www.edc.ca/en/blog/skills-to-grow-internationally.html,OK,Indexable,6 Skills You Need to Grow Your Business | EDC
https://www.edc.ca/en/blog/small-and-medium-enterprises-in-export-markets.html,OK,Indexable,How small and medium enterprises succeed in global markets | EDC
https://www.edc.ca/en/blog/software-as-a-service-growth.html,OK,Indexable,How accelerator organizations boost SaaS growth | EDC
https://www.edc.ca/en/blog/standby-letters-of-credit.html,OK,Indexable,Posting standby letters of credit without tying up cash flow | EDC
https://www.edc.ca/en/blog/strategy-for-doing-business-in-china.html,OK,Indexable,Getting to China: the steps to building the right strategy | EDC
https://www.edc.ca/en/blog/strengthen-brand-with-corporate-social-responsibility.html,OK,Indexable,How corporate social responsibility strengthens your brand | EDC
https://www.edc.ca/en/blog/successful-change-management.html,OK,Indexable,Successful change management tips for a growing organization
https://www.edc.ca/en/blog/supply-chain-diversity.html,OK,Indexable,The importance of supply chain diversity | EDC
https://www.edc.ca/en/blog/supporting-exporters-during-covid.html,OK,Indexable,EDC supports Canadian exporters during COVID-19 | EDC
https://www.edc.ca/en/blog/tackle-covid-19-economy-with-edc-business-pivot-playbook.html,OK,Indexable,Tackle the economy with the Business Pivot Playbook | EDC
https://www.edc.ca/en/blog/taking-your-woman-owned-business-international.html,OK,Indexable,2020: The year you take your woman-owned business international | EDC
https://www.edc.ca/en/blog/tantalus-cleantech-export-star.html,OK,Indexable,Smart grid technology: Connecting to improved systems | EDC
https://www.edc.ca/en/blog/tcs-exporter-solutions.html,OK,Indexable,Exporter Solutions tool from TCS | EDC
https://www.edc.ca/en/blog/ten-resources-for-quebec-exporters.html,OK,Indexable,Ten resources for Quebec exporters
https://www.edc.ca/en/blog/terramera-cleantech-export-stars-2021.html,OK,Indexable,Terramera | EDC
https://www.edc.ca/en/blog/the-art-of-bringing-art-to-the-world.html,OK,Indexable,The art of bringing art to the world | EDC
https://www.edc.ca/en/blog/the-drive-to-diversify.html,OK,Indexable,The drive to diversify | EDC
https://www.edc.ca/en/blog/the-headspace-of-canadian-exporters.html,OK,Indexable,Getting into the headspace of Canadian exporters | EDC
https://www.edc.ca/en/blog/the-power-of-partnerships.html,OK,Indexable,Getting to China: The power of partnerships | EDC
https://www.edc.ca/en/blog/think-long-term-when-exporting-to-the-us.html,OK,Indexable,Thinking long-term when exporting to the U.S. | EDC
https://www.edc.ca/en/blog/time-to-celebrate-small-business.html,OK,Indexable,Time to celebrate small business | EDC
https://www.edc.ca/en/blog/tips-canadian-brewers-sell-outside-canada.html,OK,Indexable,6 tips for brewers looking to sell outside of Canada | EDC
https://www.edc.ca/en/blog/tips-for-breaking-into-us-markets.html,OK,Indexable,Tips for breaking into U.S. markets | EDC
https://www.edc.ca/en/blog/tips-for-building-cleantech-company.html,OK,Indexable,It isn’t easy being green: Tips to build your cleantech company | EDC
https://www.edc.ca/en/blog/tips-for-staying-cool-when-competition-is-hot.html,OK,Indexable,Three tips for staying cool when competition is hot | EDC
https://www.edc.ca/en/blog/tips-on-exporting-cosmetics-from-daniele-henkel.html,OK,Indexable,Daniele Henkel’s Cosmetic Export Success | EDC
https://www.edc.ca/en/blog/tips-startup-new-markets.html,OK,Indexable,11 tips take your startup to new markets | EDC
https://www.edc.ca/en/blog/tips-to-succeed-in-global-manufacturing.html,OK,Indexable,5 tips to succeed in global manufacturing | EDC
https://www.edc.ca/en/blog/tools-to-avoid-bribery-risk.html,OK,Indexable,Tool to avoid bribery risk
https://www.edc.ca/en/blog/tools-to-size-global-competition.html,OK,Indexable,4 tools to help size up your global competition | EDC
https://www.edc.ca/en/blog/top-five-webinars-of-2020.html,OK,Indexable,Top 5 webinars of 2020 | EDC
https://www.edc.ca/en/blog/top-performing-businesses.html,OK,Indexable,Top-performing businesses: who they are and how they play | EDC
https://www.edc.ca/en/blog/top-summer-exports.html,OK,Indexable,Top summer exports you can’t get enough of | EDC
https://www.edc.ca/en/blog/top-tropical-markets.html,Found,Non-Indexable,
https://www.edc.ca/en/blog/tourism-service-exports-canada.html,OK,Indexable,Bridging Canada and the world | EDC
https://www.edc.ca/en/blog/trade-despite-protectionism.html,OK,Indexable,"Canadian companies shouldn't let protectionism, CUSMA fears stop their trade efforts - EDC"
https://www.edc.ca/en/blog/trade-mission-benefits.html,OK,Indexable,Why trade missions can help grow your business | EDC
https://www.edc.ca/en/blog/trade-show-marketing-strategy.html,OK,Indexable,Tips for using trade shows to market your business and get customers | EDC
https://www.edc.ca/en/blog/trade-show-preparation-competition.html,OK,Indexable,Trade show preparation: 5 ways you can stand out | EDC
https://www.edc.ca/en/blog/trade-turbulence-weighs-on-exporters-card.html,Found,Non-Indexable,
https://www.edc.ca/en/blog/trade-turbulence-weighs-on-exporters.html,OK,Indexable,Trade turbulence weighs on exporters’ confidence | EDC
https://www.edc.ca/en/blog/trends-canadian-goods-exports.html,OK,Indexable,Trends in Canada’s goods export trade | EDC
https://www.edc.ca/en/blog/trends-in-maritime-transport.html,OK,Indexable,Port of Montreal: Trade trends in maritime transport
https://www.edc.ca/en/blog/understanding-country-risk-quarterly.html,OK,Indexable,Country Risk Quarterly: Rating the risks of going global | EDC
https://www.edc.ca/en/blog/understanding-intellectual-property.html,OK,Indexable,Understanding your intellectual property | EDC
https://www.edc.ca/en/blog/unique-selling-proposition.html,OK,Indexable,Competitive advantage: Defining your unique selling proposition for new markets | EDC
https://www.edc.ca/en/blog/united-arab-emirates-business-etiquette.html,OK,Indexable,Doing Business in the United Arab Emirates: Etiquette tips | EDC
https://www.edc.ca/en/blog/unleashing-the-power-of-women-entrepreneurs.html,OK,Indexable,Unleashing the power of women entrepreneurs | EDC
https://www.edc.ca/en/blog/unlocking-doors-in-latin-america.html,OK,Indexable,Sera4: Unlocking doors in Latin America | EDC
https://www.edc.ca/en/blog/us-ecommerce-market-regulations.html,OK,Indexable,"The U.S. e-commerce market: Rules, regulations and logistics | EDC"
https://www.edc.ca/en/blog/us-infrastructure-opportunity.html,OK,Indexable,Building opportunity: Capitalizing on U.S. infrastructure needs | EDC
https://www.edc.ca/en/blog/us-steel-and-aluminum-tariffs.html,Moved Permanently,Non-Indexable,
https://www.edc.ca/en/blog/using-consultants-in-talent-pool.html,OK,Indexable,5 ways to successfully use consultants in your talent pool | EDC
https://www.edc.ca/en/blog/usmca-protects-copyright.html,OK,Indexable,New USMCA deal will protect your copyright | EDC
https://www.edc.ca/en/blog/valentines-day-exports.html,OK,Indexable,Valentine's Day exports | Importing & exporting romance
https://www.edc.ca/en/blog/vivecrop-cleantech-one-to-watch-2019.html,OK,Indexable,Canadian SME uses nanotechnology to help boost crop yields | EDC
https://www.edc.ca/en/blog/web-social-trends-international-audience.html,OK,Indexable,Web and social trends of your international audience | EDC
https://www.edc.ca/en/blog/website-tips-to-enter-new-markets.html,OK,Indexable,3 website tips to help you break into a new market | EDC
https://www.edc.ca/en/blog/what-innovation-means-for-canadian-businesses.html,OK,Indexable,What does innovation mean? Hear from Canadian businesses
https://www.edc.ca/en/blog/what-is-blockchain.html,OK,Indexable,Unlocking the power of Blockchain technology | EDC
https://www.edc.ca/en/blog/what-is-export-credit-agency.html,OK,Indexable,How an Export Credit Agency can help you sell globally | EDC
https://www.edc.ca/en/blog/why-canadian-exporters-must-diversify.html,OK,Indexable,Why Canadian exporters must diversify and where they should go
https://www.edc.ca/en/blog/why-exporters-are-more-successful.html,OK,Indexable,7 reasons why exporters do better | Export Development Canada
https://www.edc.ca/en/blog/why-exporters-do-better.html,OK,Indexable,Why exporters do better | EDC
https://www.edc.ca/en/blog/winter-olympics-canadian-trade.html,OK,Indexable,Pyeongchang hosts Canadian trade and Olympic athletes
https://www.edc.ca/en/blog/women-entrepreneurs-connect-globally.html,OK,Indexable,"GroYourBiz: Women entrepreneurs connect, share and grow globally | EDC"
https://www.edc.ca/en/blog/women-entrepreneurs-excel-through-collaboration.html,OK,Indexable,Women entrepreneurs can excel through collaboration | EDC
https://www.edc.ca/en/blog/women-in-international-trade-share-advice.html,OK,Indexable,9 women in international trade share advice on going global | EDC
https://www.edc.ca/en/blog/women-in-trade-success-tips.html,Found,Non-Indexable,
https://www.edc.ca/en/blog/xpertsea-cleantech-export-stars-2021.html,OK,Indexable,XpertSea | EDC
https://www.edc.ca/en/blog/your-step-by-step-ecommerce-summary.html,OK,Indexable,Your step-by-step e-commerce summary | EDC
https://www.edc.ca/en/campaign.html,Found,Non-Indexable,
https://www.edc.ca/en/campaign/9-ways-access-financing.html,Found,Non-Indexable,
https://www.edc.ca/en/campaign/accelerate-your-international-growth.html,OK,Indexable,Accelerate your international growth | EDC
https://www.edc.ca/en/campaign/account-performance-security-guarantee-qa.html,OK,Non-Indexable,Q&A: Account Performance Security Guarantee | EDC
https://www.edc.ca/en/campaign/agri-food.html,OK,Non-Indexable,Building resilience in agri-food | EDC
https://www.edc.ca/en/campaign/anti-corruption.html,OK,Indexable,EDC’s Anti-Corruption Resource Centre | EDC
https://www.edc.ca/en/campaign/bcap-guarantee-financing.html,Moved Permanently,Non-Indexable,
https://www.edc.ca/en/campaign/bcap-guarantee-mid-market.html,OK,Non-Indexable,EDC Business Credit Availability Program (BCAP) Guarantee | EDC
https://www.edc.ca/en/campaign/bcap-guarantee.html,OK,Non-Indexable,EDC’s new BCAP Guarantee in response to COVID-19 | EDC
https://www.edc.ca/en/campaign/black-exporters.html,OK,Indexable,Black entrepreneurs | EDC
https://www.edc.ca/en/campaign/canada-exporting.html,OK,Indexable,Confidently enter new global markets | EDC
https://www.edc.ca/en/campaign/cleantech-export-week.html,Found,Non-Indexable,
https://www.edc.ca/en/campaign/coralus.html,Found,Non-Indexable,
https://www.edc.ca/en/campaign/coronavirus-covid-19-bcap.html,OK,Non-Indexable,Cash flow guide: Resources for business recovery | EDC
https://www.edc.ca/en/campaign/coronavirus-covid-19-card.html,Found,Non-Indexable,
https://www.edc.ca/en/campaign/coronavirus-covid-19-resources-card.html,Found,Non-Indexable,
https://www.edc.ca/en/campaign/coronavirus-covid-19-resources.html,Found,Non-Indexable,
https://www.edc.ca/en/campaign/coronavirus-covid-19.html,Found,Non-Indexable,
https://www.edc.ca/en/campaign/covid-19-business-resources.html,Moved Permanently,Non-Indexable,
https://www.edc.ca/en/campaign/covid-support-and-resources.html,Moved Permanently,Non-Indexable,
https://www.edc.ca/en/campaign/credit-insurance.html,OK,Indexable,Non-payment risks and how to avoid them | EDC
https://www.edc.ca/en/campaign/delivering-the-wow-factor.html,Found,Non-Indexable,
https://www.edc.ca/en/campaign/desjardins.html,OK,Indexable,EDC Desjardins Partnership | EDC
https://www.edc.ca/en/campaign/edc-export-guarantee-program-cg1.html,Moved Permanently,Non-Indexable,
https://www.edc.ca/en/campaign/edc-simplified-credit-insurance.html,OK,Non-Indexable,Changes to EDC Credit Insurance | EDC
https://www.edc.ca/en/campaign/export-impact.html,Moved Permanently,Non-Indexable,
https://www.edc.ca/en/campaign/export-indo-pacific.html,OK,Indexable,Plan your growth to the Indo-Pacific | EDC
https://www.edc.ca/en/campaign/exporter-advantage-program-invite.html,OK,Indexable,Indo-Pacific Exporter Advantage Program | EDC
https://www.edc.ca/en/campaign/global-growth.html,OK,Indexable,Nothing can contain us | EDC
https://www.edc.ca/en/campaign/guide-3-avenues-boost-capital.html,OK,Non-Indexable,3 avenues to boost capital | EDC
https://www.edc.ca/en/campaign/guide-mitigate-client-payment-risk-credit-insurance.html,OK,Non-Indexable,8 ways to make sure you get paid | EDC
https://www.edc.ca/en/campaign/indigenous-business.html,OK,Non-Indexable,Indigenous entrepreneurs | EDC
https://www.edc.ca/en/campaign/market-diversification-report.html,OK,Non-Indexable,Custom Export Market Report | EDC
https://www.edc.ca/en/campaign/mitigate-client-payment-risk-credit-insurance.html,OK,Indexable,Free guide: 8 ways to make sure you get paid during COVID-19 | EDC
https://www.edc.ca/en/campaign/mmgb-explained.html,OK,Non-Indexable,"The Mid-Market Growth Businesses Team, Explained | EDC"
https://www.edc.ca/en/campaign/mmgb-welcome.html,OK,Non-Indexable,Welcome to Mid-Market Growth Businesses | EDC
https://www.edc.ca/en/campaign/not-needed-edc-simplified-credit-insurance.html,OK,Indexable,EDC Portfolio Credit Insurance – Broker information
https://www.edc.ca/en/campaign/opportunities-for-canadian-agri-food.html,OK,Non-Indexable,Opportunities for Canadian agri-food sector | EDC
https://www.edc.ca/en/campaign/rethink-export.html,OK,Indexable,Rethink Export | EDC
https://www.edc.ca/en/campaign/risk-experts.html,OK,Indexable,Export Development Canada
https://www.edc.ca/en/campaign/risk-to-reward.html,OK,Indexable,Export risk & reward with Arlene Dickinson & Danièle Henkel
https://www.edc.ca/en/campaign/sci-onboarding-benefits.html,OK,Non-Indexable,Select Credit Insurance – Onboarding | EDC
https://www.edc.ca/en/campaign/sci-onboarding.html,OK,Non-Indexable,Select Credit Insurance – Onboarding | Export Financing Solutions from EDC
https://www.edc.ca/en/campaign/seafood-connections.html,OK,Non-Indexable,Seafood connections | EDC
https://www.edc.ca/en/campaign/select-credit-insurance-faq.html,OK,Indexable,EDC Select Credit Insurance | FAQs
https://www.edc.ca/en/campaign/select-credit-insurance-quick-quote-calculator.html,OK,Indexable,Select Credit Insurance quick quote calculator | EDC
https://www.edc.ca/en/campaign/sem.html,Found,Non-Indexable,
https://www.edc.ca/en/campaign/sem/export-guarantee-program.html,OK,Non-Indexable,Export Guarantee Program | EDC
https://www.edc.ca/en/campaign/simplified-credit-insurance-export.html,OK,Non-Indexable,Simplified Credit Insurance | EDC
https://www.edc.ca/en/campaign/simplified-credit-insurance.html,OK,Non-Indexable,Simplified Credit Insurance | EDC
https://www.edc.ca/en/campaign/strategies-building-resilience-in-uncertain-times.html,OK,Non-Indexable,Strategies for building trade resilience in uncertain times | EDC
https://www.edc.ca/en/campaign/trade-accelerator-program.html,OK,Indexable,Canada’s Trade Accelerator Program | EDC
https://www.edc.ca/en/campaign/trade-accelerator-program/trade-accelerator-program-resources.html,OK,Non-Indexable,Trade Accelerator Program Resources | EDC
https://www.edc.ca/en/campaign/trade-resiliency-uncertain-times.html,OK,Indexable,Trade resiliency beyond the U.S. market | EDC
https://www.edc.ca/en/campaign/trade-support-canadian-companies.html,OK,Indexable,EDC Trade Impact Program | EDC
https://www.edc.ca/en/campaign/ups.html,OK,Non-Indexable,Go global while managing risk with UPS and EDC | EDC
https://www.edc.ca/en/campaign/us-export.html,OK,Indexable,Exporting to the U.S | EDC
https://www.edc.ca/en/campaign/women-in-trade-card.html,Found,Non-Indexable,
https://www.edc.ca/en/campaign/women-in-trade.html,OK,Non-Indexable,Women entrepreneurs | EDC
https://www.edc.ca/en/community-guidelines.html,OK,Indexable,Social Media Content & Community Guidelines | EDC
https://www.edc.ca/en/contact-us.html,OK,Indexable,Contact us | EDC
https://www.edc.ca/en/contact-us/your-credit-insurance.html,Found,Non-Indexable,
https://www.edc.ca/en/contact-us/your-credit-insurance/billing-issues.html,OK,Indexable,Contact us – Billing Issues | EDC
https://www.edc.ca/en/contact-us/your-credit-insurance/buyers-and-credit-limits.html,OK,Indexable,Contact us – Buyers and Credit Limits | EDC
https://www.edc.ca/en/contact-us/your-credit-insurance/existing-policies-and-ongoing-applications.html,OK,Indexable,Contact us – Existing policies and ongoing applications | EDC
https://www.edc.ca/en/contact-us/your-credit-insurance/select-credit-insurance-support.html,OK,Indexable,Contact us – Select Credit Insurance support | EDC
https://www.edc.ca/en/country-info.html,OK,Indexable,Global market search | EDC
https://www.edc.ca/en/country-info/country.html,Found,Non-Indexable,
https://www.edc.ca/en/country-info/country/afghanistan.html,OK,Indexable,Country Information on Afghanistan | Export Development Canada
https://www.edc.ca/en/country-info/country/albania.html,OK,Indexable,Country Information on Albania | Export Development Canada
https://www.edc.ca/en/country-info/country/algeria.html,OK,Indexable,Country information on Algeria | EDC
https://www.edc.ca/en/country-info/country/angola.html,OK,Indexable,Country information on Angola | EDC
https://www.edc.ca/en/country-info/country/antigua-barbuda.html,OK,Indexable,Country Information on Antigua and Barbuda | Export Development Canada
https://www.edc.ca/en/country-info/country/argentina.html,OK,Indexable,Country information on Argentina | EDC
https://www.edc.ca/en/country-info/country/armenia.html,OK,Indexable,Country Information on Armenia | Export Development Canada
https://www.edc.ca/en/country-info/country/aruba.html,OK,Indexable,Country Information on Aruba | Export Development Canada
https://www.edc.ca/en/country-info/country/australia.html,OK,Indexable,Country information on Australia | EDC
https://www.edc.ca/en/country-info/country/austria.html,OK,Indexable,Country information on Austria | EDC
https://www.edc.ca/en/country-info/country/azerbaijan.html,OK,Indexable,Country Information on Azerbaijan | Export Development Canada
https://www.edc.ca/en/country-info/country/bahamas.html,OK,Indexable,Country information on Bahamas | EDC
https://www.edc.ca/en/country-info/country/bahrain.html,OK,Indexable,Country Information on Bahrain | Export Development Canada
https://www.edc.ca/en/country-info/country/bangladesh.html,OK,Indexable,Country Information on Bangladesh | Export Development Canada
https://www.edc.ca/en/country-info/country/barbados.html,OK,Indexable,Country information on Barbados | EDC
https://www.edc.ca/en/country-info/country/belarus.html,OK,Indexable,Country Information on Belarus | Export Development Canada
https://www.edc.ca/en/country-info/country/belgium.html,OK,Indexable,Country information on Belgium | EDC
https://www.edc.ca/en/country-info/country/belize.html,OK,Indexable,Country Information on Belize | Export Development Canada
https://www.edc.ca/en/country-info/country/benin.html,OK,Indexable,Country Information on Benin | Export Development Canada
https://www.edc.ca/en/country-info/country/bermuda.html,OK,Indexable,Country information on Bermuda | EDC
https://www.edc.ca/en/country-info/country/bhutan.html,OK,Indexable,Country Information on Bhutan | Export Development Canada
https://www.edc.ca/en/country-info/country/bolivia.html,OK,Indexable,Country information on Bolivia | EDC
https://www.edc.ca/en/country-info/country/bosnia-herzegovina.html,OK,Indexable,Country Information on Bosnia and Herzegovina | Export Development Canada
https://www.edc.ca/en/country-info/country/botswana.html,OK,Indexable,Country information on Bostwana | EDC
https://www.edc.ca/en/country-info/country/brazil.html,OK,Indexable,Country information on Brazil | EDC
https://www.edc.ca/en/country-info/country/brunei-darussalam.html,OK,Indexable,Country Information on Brunei Darussalam | Export Development Canada
https://www.edc.ca/en/country-info/country/bulgaria.html,OK,Indexable,Country Information on Bulgaria | Export Development Canada
https://www.edc.ca/en/country-info/country/burkina-faso.html,OK,Indexable,Country Information on Burkina Faso | Export Development Canada
https://www.edc.ca/en/country-info/country/burundi.html,OK,Indexable,Country Information on Burundi | Export Development Canada
https://www.edc.ca/en/country-info/country/cabo-verde.html,OK,Indexable,Country Information on Cabo Verde | Export Development Canada
https://www.edc.ca/en/country-info/country/cambodia.html,OK,Indexable,Country Information on Cambodia | Export Development Canada
https://www.edc.ca/en/country-info/country/cameroon.html,OK,Indexable,Country Information on Cameroon | Export Development Canada
https://www.edc.ca/en/country-info/country/central-african-republic.html,OK,Indexable,Country Information on Central African Republic | Export Development Canada
https://www.edc.ca/en/country-info/country/chad.html,OK,Indexable,Country Information on Chad | Export Development Canada
https://www.edc.ca/en/country-info/country/chile.html,OK,Indexable,Country information on Chile | EDC
https://www.edc.ca/en/country-info/country/china.html,OK,Indexable,Country information on China | EDC
https://www.edc.ca/en/country-info/country/colombia.html,OK,Indexable,Country information on Colombia | EDC
https://www.edc.ca/en/country-info/country/comoros.html,OK,Indexable,Country Information on Comoros | Export Development Canada
https://www.edc.ca/en/country-info/country/congo-drc.html,OK,Indexable,Country Information on Democratic Republic of the Congo | Export Development Canada
https://www.edc.ca/en/country-info/country/congo-republic-of.html,OK,Indexable,Country Information on the Republic of Congo | Export Development Canada
https://www.edc.ca/en/country-info/country/costa-rica.html,OK,Indexable,Country Information on Costa Rica | Export Development Canada
https://www.edc.ca/en/country-info/country/cote-divoire.html,OK,Indexable,Country information on Côte d’Ivoire | EDC
https://www.edc.ca/en/country-info/country/croatia.html,OK,Indexable,Country information on Croatia | EDC
https://www.edc.ca/en/country-info/country/cuba.html,OK,Indexable,Country information on Cuba | EDC
https://www.edc.ca/en/country-info/country/curacao.html,OK,Indexable,Country Information on Curaçao | Export Development Canada
https://www.edc.ca/en/country-info/country/cyprus.html,OK,Indexable,Country Information on Cyprus | Export Development Canada
https://www.edc.ca/en/country-info/country/czech-republic.html,OK,Indexable,Country information on Czech Republic | EDC
https://www.edc.ca/en/country-info/country/denmark.html,OK,Indexable,Country information on Denmark | EDC
https://www.edc.ca/en/country-info/country/djibouti.html,OK,Indexable,Country Information on Djibouti | Export Development Canada
https://www.edc.ca/en/country-info/country/dominica.html,OK,Indexable,Country Information on Dominica | Export Development Canada
https://www.edc.ca/en/country-info/country/dominican-republic.html,OK,Indexable,Country information on Dominican Republic | EDC
https://www.edc.ca/en/country-info/country/ecuador.html,OK,Indexable,Country information on Ecuador | EDC
https://www.edc.ca/en/country-info/country/egypt.html,OK,Indexable,Country information on Egypt | EDC
https://www.edc.ca/en/country-info/country/el-salvador.html,OK,Indexable,Country Information on El Salvador | Export Development Canada
https://www.edc.ca/en/country-info/country/equatorial-guinea.html,OK,Indexable,Country Information on Equatorial Guinea | Export Development Canada
https://www.edc.ca/en/country-info/country/eritrea.html,OK,Indexable,Country Information on Eritrea | Export Development Canada
https://www.edc.ca/en/country-info/country/estonia.html,OK,Indexable,Country Information on Estonia | Export Development Canada
https://www.edc.ca/en/country-info/country/ethiopia.html,OK,Indexable,Country information on Ethiopia | EDC
https://www.edc.ca/en/country-info/country/fiji.html,OK,Indexable,Country Information on Fiji | Export Development Canada
https://www.edc.ca/en/country-info/country/finland.html,OK,Indexable,Country information on Finland | EDC
https://www.edc.ca/en/country-info/country/france.html,OK,Indexable,Country information on France | EDC
https://www.edc.ca/en/country-info/country/gabon.html,OK,Indexable,Country Information on Gabon | Export Development Canada
https://www.edc.ca/en/country-info/country/gambia.html,OK,Indexable,Country Information on Gambia | Export Development Canada
https://www.edc.ca/en/country-info/country/georgia.html,OK,Indexable,Country Information on Georgia | Export Development Canada
https://www.edc.ca/en/country-info/country/germany.html,OK,Indexable,Country information on Germany | EDC
https://www.edc.ca/en/country-info/country/ghana.html,OK,Indexable,Country information on Ghana | EDC
https://www.edc.ca/en/country-info/country/greece.html,OK,Indexable,Country Information on Greece | Export Development Canada
https://www.edc.ca/en/country-info/country/grenada.html,OK,Indexable,Country Information on Grenada | Export Development Canada
https://www.edc.ca/en/country-info/country/guatemala.html,OK,Indexable,Country Information on Guatemala | Export Development Canada
https://www.edc.ca/en/country-info/country/guinea-bissau.html,OK,Indexable,Country Information on Guinea-Bissau | Export Development Canada
https://www.edc.ca/en/country-info/country/guinea.html,OK,Indexable,Country Information on Guinea | Export Development Canada
https://www.edc.ca/en/country-info/country/guyana.html,OK,Indexable,Country Information on Guyana | Export Development Canada
https://www.edc.ca/en/country-info/country/haiti.html,OK,Indexable,Country Information on Haiti | Export Development Canada
https://www.edc.ca/en/country-info/country/honduras.html,OK,Indexable,Country Information on Honduras | Export Development Canada
https://www.edc.ca/en/country-info/country/hong-kong.html,OK,Indexable,Country information on Hong Kong | EDC
https://www.edc.ca/en/country-info/country/hungary.html,OK,Indexable,Country Information on Hungary | Export Development Canada
https://www.edc.ca/en/country-info/country/iceland.html,OK,Indexable,Country Information on Iceland | Export Development Canada
https://www.edc.ca/en/country-info/country/india.html,OK,Indexable,Country information on India | EDC
https://www.edc.ca/en/country-info/country/indonesia.html,OK,Indexable,Country information on Indonesia | EDC
https://www.edc.ca/en/country-info/country/iran.html,OK,Indexable,Country Information on Iran | Export Development Canada
https://www.edc.ca/en/country-info/country/iraq.html,OK,Indexable,Country Information on Iraq | Export Development Canada
https://www.edc.ca/en/country-info/country/ireland.html,OK,Indexable,Country Information on Ireland | Export Development Canada
https://www.edc.ca/en/country-info/country/israel.html,OK,Indexable,Country information on Israel | EDC
https://www.edc.ca/en/country-info/country/italy.html,OK,Indexable,Country information on Italy | EDC
https://www.edc.ca/en/country-info/country/jamaica.html,OK,Indexable,Country information on Jamaica | EDC
https://www.edc.ca/en/country-info/country/japan.html,OK,Indexable,Country information on Japan | EDC
https://www.edc.ca/en/country-info/country/jordan.html,OK,Indexable,Country Information on Jordan | Export Development Canada
https://www.edc.ca/en/country-info/country/kazakhstan.html,OK,Indexable,Country information on Kazakhstan | EDC
https://www.edc.ca/en/country-info/country/kenya.html,OK,Indexable,Country information on Kenya | EDC
https://www.edc.ca/en/country-info/country/kiribati.html,OK,Indexable,Country Information on Kiribati | Export Development Canada
https://www.edc.ca/en/country-info/country/kuwait.html,OK,Indexable,Country information on Kuwait | EDC
https://www.edc.ca/en/country-info/country/kyrgyz-republic.html,OK,Indexable,Country Information on Kyrgyz Republic | Export Development Canada
https://www.edc.ca/en/country-info/country/laos.html,OK,Indexable,Country Information on Laos | Export Development Canada
https://www.edc.ca/en/country-info/country/latvia.html,OK,Indexable,Country Information on Latvia | Export Development Canada
https://www.edc.ca/en/country-info/country/lebanon.html,OK,Indexable,Country Information on Lebanon | Export Development Canada
https://www.edc.ca/en/country-info/country/lesotho.html,OK,Indexable,Country Information on Lesotho | Export Development Canada
https://www.edc.ca/en/country-info/country/liberia.html,OK,Indexable,Country Information on Liberia | Export Development Canada
https://www.edc.ca/en/country-info/country/libya.html,OK,Indexable,Country Information on Libya | Export Development Canada
https://www.edc.ca/en/country-info/country/liechtenstein.html,OK,Indexable,Country Information on Liechtenstein | Export Development Canada
https://www.edc.ca/en/country-info/country/lithuania.html,OK,Indexable,Country Information on Lithuania | Export Development Canada
https://www.edc.ca/en/country-info/country/luxembourg.html,OK,Indexable,Country Information on Luxembourg | Export Development Canada
https://www.edc.ca/en/country-info/country/macao.html,OK,Indexable,Country information on Macao | EDC
https://www.edc.ca/en/country-info/country/macedonia.html,OK,Indexable,Country Information on North Macedonia (Macedonia) | Export Development Canada
https://www.edc.ca/en/country-info/country/madagascar.html,OK,Indexable,Country Information on Madagascar | Export Development Canada
https://www.edc.ca/en/country-info/country/malawi.html,OK,Indexable,Country Information on Malawi | Export Development Canada
https://www.edc.ca/en/country-info/country/malaysia.html,OK,Indexable,Country information on Malaysia | EDC
https://www.edc.ca/en/country-info/country/maldives.html,OK,Indexable,Country Information on Maldives | Export Development Canada
https://www.edc.ca/en/country-info/country/mali.html,OK,Indexable,Country Information on Mali | Export Development Canada
https://www.edc.ca/en/country-info/country/malta.html,OK,Indexable,Country Information on Malta | Export Development Canada
https://www.edc.ca/en/country-info/country/marshall-islands.html,OK,Indexable,Country Information on Marshall Islands | Export Development Canada
https://www.edc.ca/en/country-info/country/mauritania.html,OK,Indexable,Country Information on Mauritania | Export Development Canada
https://www.edc.ca/en/country-info/country/mauritius.html,OK,Indexable,Country Information on Mauritius | Export Development Canada
https://www.edc.ca/en/country-info/country/mexico.html,OK,Indexable,Country information on Mexico City | EDC
https://www.edc.ca/en/country-info/country/micronesia.html,OK,Indexable,Country Information on Micronesia | Export Development Canada
https://www.edc.ca/en/country-info/country/moldova.html,OK,Indexable,Country Information on Moldova | Export Development Canada
https://www.edc.ca/en/country-info/country/mongolia.html,OK,Indexable,Country Information on Mongolia | Export Development Canada
https://www.edc.ca/en/country-info/country/montenegro.html,OK,Indexable,Country Information on Montenegro | Export Development Canada
https://www.edc.ca/en/country-info/country/morocco.html,OK,Indexable,Country information on Morocco | EDC
https://www.edc.ca/en/country-info/country/mozambique.html,OK,Indexable,Country Information on Mozambique | Export Development Canada
https://www.edc.ca/en/country-info/country/myanmar.html,OK,Indexable,Country Information on Myanmar | Export Development Canada
https://www.edc.ca/en/country-info/country/namibia.html,OK,Indexable,Country Information on Namibia | Export Development Canada
https://www.edc.ca/en/country-info/country/nauru.html,OK,Indexable,Country Information on Nauru | Export Development Canada
https://www.edc.ca/en/country-info/country/nepal.html,OK,Indexable,Country Information on Nepal | Export Development Canada
https://www.edc.ca/en/country-info/country/netherlands.html,OK,Indexable,Country Information on Netherlands | Export Development Canada
https://www.edc.ca/en/country-info/country/new-zealand.html,OK,Indexable,Country information on New Zealand | EDC
https://www.edc.ca/en/country-info/country/nicaragua.html,OK,Indexable,Country Information on Nicaragua | Export Development Canada
https://www.edc.ca/en/country-info/country/niger.html,OK,Indexable,Country Information on Niger | Export Development Canada
https://www.edc.ca/en/country-info/country/nigeria.html,OK,Indexable,Country information on Nigeria | EDC
https://www.edc.ca/en/country-info/country/north-korea.html,OK,Indexable,Country Information on North Korea | Export Development Canada
https://www.edc.ca/en/country-info/country/norway.html,OK,Indexable,Country Information on Norway | Export Development Canada
https://www.edc.ca/en/country-info/country/oman.html,OK,Indexable,Country information on Oman | EDC
https://www.edc.ca/en/country-info/country/pakistan.html,OK,Indexable,Country information on Pakistan | EDC
https://www.edc.ca/en/country-info/country/palau.html,OK,Indexable,Country Information on Palau | Export Development Canada
https://www.edc.ca/en/country-info/country/panama.html,OK,Indexable,Country information on Panama | EDC
https://www.edc.ca/en/country-info/country/papua-new-guinea.html,OK,Indexable,Country Information on Papua New Guinea | Export Development Canada
https://www.edc.ca/en/country-info/country/paraguay.html,OK,Indexable,Country information on Paraguay | EDC
https://www.edc.ca/en/country-info/country/peru.html,OK,Indexable,Country information on Peru | EDC
https://www.edc.ca/en/country-info/country/philippines.html,OK,Indexable,Country information on Phillipines | EDC
https://www.edc.ca/en/country-info/country/poland.html,OK,Indexable,Country Information on Poland | Export Development Canada
https://www.edc.ca/en/country-info/country/portugal.html,OK,Indexable,Country Information on Portugal | Export Development Canada
https://www.edc.ca/en/country-info/country/qatar.html,OK,Indexable,Country information on Qatar | EDC
https://www.edc.ca/en/country-info/country/romania.html,OK,Indexable,Country Information on Romania | Export Development Canada
https://www.edc.ca/en/country-info/country/russia.html,OK,Indexable,Country Information on Russia | Export Development Canada
https://www.edc.ca/en/country-info/country/rwanda.html,OK,Indexable,Country Information on Rwanda | Export Development Canada
https://www.edc.ca/en/country-info/country/saint-kitts-nevis.html,OK,Indexable,Country Information on Saint Kitts and Nevis | Export Development Canada
https://www.edc.ca/en/country-info/country/saint-lucia.html,OK,Indexable,Country Information on Saint Lucia | Export Development Canada
https://www.edc.ca/en/country-info/country/saint-vincent-grenadines.html,OK,Indexable,Country Information on Saint Vincent and Grenadines | Export Development Canada
https://www.edc.ca/en/country-info/country/samoa.html,OK,Indexable,Country Information on Samoa | Export Development Canada
https://www.edc.ca/en/country-info/country/sao-tome-principe.html,OK,Indexable,Country Information on Sao Tome and Principe | Export Development Canada
https://www.edc.ca/en/country-info/country/saudi-arabia.html,OK,Indexable,Country Information on Saudi Arabia | Export Development Canada
https://www.edc.ca/en/country-info/country/senegal.html,OK,Indexable,Country information on Senegal | EDC
https://www.edc.ca/en/country-info/country/serbia.html,OK,Indexable,Country information on Serbia | EDC
https://www.edc.ca/en/country-info/country/seychelles.html,OK,Indexable,Country Information on Seychelles | Export Development Canada
https://www.edc.ca/en/country-info/country/sierra-leone.html,OK,Indexable,Country Information on Sierra Leone | Export Development Canada
https://www.edc.ca/en/country-info/country/singapore.html,OK,Indexable,Country information on Singapore | EDC
https://www.edc.ca/en/country-info/country/sint-maarten-dutch.html,OK,Indexable,Country Information on Sint Maarten (Dutch) | Export Development Canada
https://www.edc.ca/en/country-info/country/slovakia.html,OK,Indexable,Country Information on Slovakia | Export Development Canada
https://www.edc.ca/en/country-info/country/slovenia.html,OK,Indexable,Country Information on Slovenia | Export Development Canada
https://www.edc.ca/en/country-info/country/solomon-islands.html,OK,Indexable,Country Information on Solomon Islands | Export Development Canada
https://www.edc.ca/en/country-info/country/somalia.html,OK,Indexable,Country Information on Somalia | Export Development Canada
https://www.edc.ca/en/country-info/country/south-africa.html,OK,Indexable,Country information on South Africa | EDC
https://www.edc.ca/en/country-info/country/south-korea.html,OK,Indexable,Country information on South Korea | EDC
https://www.edc.ca/en/country-info/country/south-sudan.html,OK,Indexable,Country Information on South Sudan | Export Development Canada
https://www.edc.ca/en/country-info/country/spain.html,OK,Indexable,Country information on Spain | EDC
https://www.edc.ca/en/country-info/country/sri-lanka.html,OK,Indexable,Country information on Sri Lanka | EDC
https://www.edc.ca/en/country-info/country/state-of-palestine.html,OK,Indexable,Country Information on The State of Palestine | EDC
https://www.edc.ca/en/country-info/country/sudan.html,OK,Indexable,Country Information on Sudan | Export Development Canada
https://www.edc.ca/en/country-info/country/suriname.html,OK,Indexable,Country Information on Suriname | Export Development Canada
https://www.edc.ca/en/country-info/country/swaziland.html,OK,Indexable,Country Information on Eswatini (Swaziland) | EDC
https://www.edc.ca/en/country-info/country/sweden.html,OK,Indexable,Country Information on Sweden | Export Development Canada
https://www.edc.ca/en/country-info/country/switzerland.html,OK,Indexable,Country information on Switzerland | EDC
https://www.edc.ca/en/country-info/country/syria.html,OK,Indexable,Country Information on Syria | Export Development Canada
https://www.edc.ca/en/country-info/country/taiwan.html,OK,Indexable,Country information on Taiwan | EDC
https://www.edc.ca/en/country-info/country/tajikistan.html,OK,Indexable,Country Information on Tajikistan | Export Development Canada
https://www.edc.ca/en/country-info/country/tanzania.html,OK,Indexable,Country information on Tanzania | EDC
https://www.edc.ca/en/country-info/country/thailand.html,OK,Indexable,Country information on Thailand | EDC
https://www.edc.ca/en/country-info/country/timor-leste.html,OK,Indexable,Country Information on Timor-Leste | Export Development Canada
https://www.edc.ca/en/country-info/country/togo.html,OK,Indexable,Country Information on Togo | Export Development Canada
https://www.edc.ca/en/country-info/country/tonga.html,OK,Indexable,Country Information on Tonga | Export Development Canada
https://www.edc.ca/en/country-info/country/trinidad-tobago.html,OK,Indexable,Country Information on Trinidad and Tobago | Export Development Canada
https://www.edc.ca/en/country-info/country/tunisia.html,OK,Indexable,Country information on Tunisia | EDC
https://www.edc.ca/en/country-info/country/turkey.html,OK,Indexable,Country information on Turkey | EDC
https://www.edc.ca/en/country-info/country/turkmenistan.html,OK,Indexable,Country Information on Turkmenistan | Export Development Canada
https://www.edc.ca/en/country-info/country/tuvalu.html,OK,Indexable,Country Information on Tuvalu | Export Development Canada
https://www.edc.ca/en/country-info/country/uganda.html,OK,Indexable,Country Information on Uganda | Export Development Canada
https://www.edc.ca/en/country-info/country/ukraine.html,OK,Indexable,Country Information on Ukraine | Export Development Canada
https://www.edc.ca/en/country-info/country/united-arab-emirates.html,OK,Indexable,Country information on United Arab Emirates | EDC
https://www.edc.ca/en/country-info/country/united-kingdom.html,OK,Indexable,Country information on the United Kingdom | EDC
https://www.edc.ca/en/country-info/country/united-states.html,OK,Indexable,Country information on United States | EDC
https://www.edc.ca/en/country-info/country/uruguay.html,OK,Indexable,Country information on Uruguay | EDC
https://www.edc.ca/en/country-info/country/uzbekistan.html,OK,Indexable,Country Information on Uzbekistan | Export Development Canada
https://www.edc.ca/en/country-info/country/vanuatu.html,OK,Indexable,Country Information on Vanuatu | Export Development Canada
https://www.edc.ca/en/country-info/country/venezuela.html,OK,Indexable,Country Information on Venezuela | Export Development Canada
https://www.edc.ca/en/country-info/country/vietnam.html,OK,Indexable,Country information on Vietnam | EDC
https://www.edc.ca/en/country-info/country/yemen.html,OK,Indexable,Country Information on Yemen | Export Development Canada
https://www.edc.ca/en/country-info/country/zambia.html,OK,Indexable,Country Information on Zambia | Export Development Canada
https://www.edc.ca/en/country-info/country/zimbabwe.html,OK,Indexable,Country Information on Zimbabwe | Export Development Canada
https://www.edc.ca/en/economic-resources.html,OK,Indexable,EDC Economics: Connecting Canada to the world | EDC
https://www.edc.ca/en/errors.html,OK,Indexable,errors
https://www.edc.ca/en/errors/401.html,OK,Indexable,401
https://www.edc.ca/en/errors/403.html,OK,Indexable,403
https://www.edc.ca/en/errors/404.html,OK,Indexable,404
https://www.edc.ca/en/errors/500.html,OK,Indexable,500
https://www.edc.ca/en/errors/myaccount-system-error.html,Internal Server Error,Non-Indexable,
https://www.edc.ca/en/events.html,OK,Indexable,Webinars  | EDC
https://www.edc.ca/en/events/export-growth-connections.html,OK,Indexable,Export Growth Hub | EDC
https://www.edc.ca/en/events/webinar.html,Moved Permanently,Non-Indexable,
https://www.edc.ca/en/events/webinar/2026-find-buyers-in-new-markets.html,OK,Indexable,Finding buyers in new markets webinar | EDC
https://www.edc.ca/en/events/webinar/2026-global-economic-outlook-for-exporters.html,OK,Indexable,Global Economic Outlook for Canadian exporters webinar | EDC
https://www.edc.ca/en/events/webinar/2026-manage-trade-uncertainty.html,OK,Indexable,Managing trade uncertainty webinar for exporters | EDC
https://www.edc.ca/en/events/webinar/ask-edc-exploring-canadas-ev-industry.html,Found,Non-Indexable,
https://www.edc.ca/en/events/webinar/canada-opportunity-indo-pacific-markets.html,OK,Indexable,Breaking borders: Unlocking Indo-Pacific markets | EDC
https://www.edc.ca/en/events/webinar/discover-global-economic-trends-2025.html,OK,Indexable,Webinar - Discover global economic trends for 2025 | EDC
https://www.edc.ca/en/events/webinar/diversify-your-global-markets-to-hedge-against-risks.html,OK,Indexable,Diversify your global markets to hedge against risks | EDC
https://www.edc.ca/en/events/webinar/embracing-ai-to-enhance-business-growth.html,OK,Indexable,Embracing AI to enhance global business growth | EDC
https://www.edc.ca/en/events/webinar/expanding-business-south-of-the-border.html,Found,Non-Indexable,
https://www.edc.ca/en/events/webinar/export-financing-enter-new-markets.html,OK,Indexable,Explore export financing to enter new markets | EDC
https://www.edc.ca/en/events/webinar/export-strategy-2026-outlook.html,OK,Indexable,Global Economic Outlook: Export strategy insights | EDC
https://www.edc.ca/en/events/webinar/export-to-europe-with-canadas-ftas.html,OK,Indexable,Export to Europe with Canada’s FTAs webinar | EDC
https://www.edc.ca/en/events/webinar/export-to-european-markets.html,OK,Indexable,Export to Europe: Find new markets beyond the U.S. | EDC
https://www.edc.ca/en/events/webinar/exporting-to-mexico-and-latin-america-with-ftas.html,Found,Non-Indexable,
https://www.edc.ca/en/events/webinar/finance-international-expansion.html,OK,Indexable,How to finance your global growth | EDC
https://www.edc.ca/en/events/webinar/foreign-currency-risk-mitigation-webinar.html,OK,Non-Indexable,Buck stops here: Protect your profits from currency risk | EDC
https://www.edc.ca/en/events/webinar/future-of-your-business-in-southeast-asia.html,OK,Indexable,Find the future of your business in Southeast Asia | EDC
https://www.edc.ca/en/events/webinar/get-financing-to-grow-your-business.html,OK,Indexable,Webinar - From local to global: Get financing to grow your business | EDC
https://www.edc.ca/en/events/webinar/global-economic-outlook-manage-trade-tariff-risks.html,OK,Indexable,Webinar - Global Market Intelligence: tariffs and trade risk | EDC
https://www.edc.ca/en/events/webinar/global-economic-outlook.html,OK,Indexable,2024 Global Economic Outlook with Stuart Bergman | EDC
https://www.edc.ca/en/events/webinar/grow-your-global-business-with-canada-trade-team.html,OK,Indexable,Webinar - Grow your global business with Canada's trade team | EDC
https://www.edc.ca/en/events/webinar/how-indigenous-companies-can-get-support-for-exporting.html,OK,Indexable,Webinar - How Indigenous companies can get support for exporting | EDC
https://www.edc.ca/en/events/webinar/how-the-us-election-could-impact-trade.html,OK,Indexable,Webinar - How the U.S. election could impact trade | EDC
https://www.edc.ca/en/events/webinar/how-to-adapt-esg-principles-in-supply-chains.html,OK,Indexable,ESG: Advantages of sustainable supply chains | EDC
https://www.edc.ca/en/events/webinar/how-women-led-companies-can-access-new-markets-and-capital.html,OK,Indexable,Webinar - How women-led companies can access new markets & capital | EDC
https://www.edc.ca/en/events/webinar/indo-pacific-agri-food-export-strategy.html,OK,Indexable,Indo-Pacific export strategy webinar for agri-food | EDC
https://www.edc.ca/en/events/webinar/key-markets-strategic-trade-diversification.html,OK,Indexable,Webinar - Key markets for strategic trade diversification | EDC
https://www.edc.ca/en/events/webinar/managing-supply-chain-risks-2025.html,OK,Indexable,Webinar - Managing supply chain risks in 2025 | EDC
https://www.edc.ca/en/events/webinar/marketing-strategies-for-canadian-companies-in-foreign-markets.html,OK,Indexable,Land and expand: Marketing strategies in foreign markets | EDC
https://www.edc.ca/en/events/webinar/mastering-incoterms-2020-to-succeed-internationally.html,OK,Indexable,Mastering Incoterms 2020 for Canadian exporters | EDC
https://www.edc.ca/en/events/webinar/mastering-international-contracts.html,OK,Indexable,Webinar - Mastering international contracts: From strategy to success | EDC
https://www.edc.ca/en/events/webinar/mastering-logistics-of-export-success.html,OK,Indexable,Mastering the logistics of export success | EDC
https://www.edc.ca/en/events/webinar/navigating-tariffs-customs-regulations.html,OK,Indexable,Webinar - Navigating tariffs and customs regulations | EDC
https://www.edc.ca/en/events/webinar/negotiating-payment-terms-for-cash-flow.html,OK,Indexable,Negotiating payment terms for optimal cash flow | EDC
https://www.edc.ca/en/events/webinar/path-to-net-zero-how-canadas-indigenous-businesses-can-benefit.html,OK,Indexable,Path to net zero: How Indigenous companies can benefit | EDC
https://www.edc.ca/en/events/webinar/planning-expansion-changing-global-market.html,OK,Indexable,Webinar - Planning for expansion in a changing global market | EDC
https://www.edc.ca/en/events/webinar/scale-exports-with-digital-tools-and-ai.html,OK,Indexable,Scale exports with digital tools and AI webinar | EDC
https://www.edc.ca/en/events/webinar/stimulating-growth-with-supplier-diversity.html,OK,Indexable,Growing your business with diverse suppliers | EDC
https://www.edc.ca/en/events/webinar/strategic-global-pricing-exporters.html,OK,Indexable,Strategic pricing for exporters to manage global risks | EDC
https://www.edc.ca/en/events/webinar/strategies-for-global-expansion.html,OK,Indexable,Webinar - Craft strategies for profitable global expansion | EDC
https://www.edc.ca/en/events/webinar/strategies-to-grow-your-business-globally.html,OK,Indexable,Webinar - Women in trade: Strategies to grow your business globally | EDC
https://www.edc.ca/en/events/webinar/strikeup-2023.html,OK,Indexable,StrikeUP 2023: Strategies for women entrepreneurs to grow | EDC
https://www.edc.ca/en/events/webinar/stronger-together-benefits-of-indigenous-partnerships.html,OK,Indexable,Webinar - Stronger together: Benefits of Indigenous partnerships | EDC
https://www.edc.ca/en/events/webinar/template-for-success.html,OK,Indexable,A template for success: Create your export vision to grow globally | EDC
https://www.edc.ca/en/events/webinar/the-new-nafta-how-to-leverage-cusma-to-enter-new-markets.html,OK,Indexable,Webinar - The New NAFTA: How to leverage CUSMA to enter new markets | EDC
https://www.edc.ca/en/events/webinar/unlock-new-markets-with-mergers-and-acquisitions.html,OK,Indexable,Webinar - Unlock new markets with mergers & acquisitions | EDC
https://www.edc.ca/en/expand-your-global-presence.html,OK,Indexable,Expand Your Global Presence | EDC
https://www.edc.ca/en/export-knowledge.html,Found,Non-Indexable,
https://www.edc.ca/en/export-knowledge/get-started.html,OK,Indexable,Get Started
https://www.edc.ca/en/export-knowledge/get-started/exporting-101.html,OK,Indexable,Export 101
https://www.edc.ca/en/export-knowledge/get-started/exporting-101/about-exporting.html,OK,Indexable,About exporting | How to export | EDC
https://www.edc.ca/en/export-knowledge/get-started/exporting-101/exporter-definition.html,OK,Non-Indexable,Definition of an Exporter | EDC
https://www.edc.ca/en/export-knowledge/podcast.html,OK,Indexable,The Export Impact Podcast | EDC
https://www.edc.ca/en/export-knowledge/podcast/disclaimer.html,OK,Indexable,Podcast Legal Disclosure | EDC
https://www.edc.ca/en/export-knowledge/podcast/episode-01-joseph-mimran.html,OK,Indexable,Meet the Export Impact Podcast host: Joseph Mimran | EDC
https://www.edc.ca/en/export-knowledge/podcast/episode-01-season-2-bruce-croxon.html,OK,Indexable,Meet the new Export Impact Podcast host: Bruce Croxon | EDC
https://www.edc.ca/en/export-knowledge/podcast/episode-02-season-2-big-mountain-growing-plant-based-business.html,OK,Indexable,Growing a plant-based food business in new markets | EDC
https://www.edc.ca/en/export-knowledge/podcast/episode-02-season-3-urban-sustainability-alveole.html,OK,Indexable,Urban sustainability with Alvéole | EDC
https://www.edc.ca/en/export-knowledge/podcast/episode-02-sustainable-fishing.html,OK,Indexable,Sustainable fishing with Chris Flanagan | EDC
https://www.edc.ca/en/export-knowledge/podcast/episode-03-feeding-the-future.html,OK,Indexable,Agri-food: The sector feeding the future | EDC
https://www.edc.ca/en/export-knowledge/podcast/episode-04-season-2-carbonet-inspiring-sustainability.html,OK,Indexable,CarboNet: Leading with sustainability | EDC
https://www.edc.ca/en/export-knowledge/podcast/episode-04-sustainable-innovation.html,OK,Indexable,Innovating for a cleaner future with Pyrowave | EDC
https://www.edc.ca/en/export-knowledge/podcast/episode-05-conscious-consuming.html,OK,Indexable,Success through sustainable modern living with Goodee | EDC
https://www.edc.ca/en/export-knowledge/podcast/episode-05-season-2-loulou-lollipop-navigating-export-hurdles.html,OK,Indexable,LouLou Lollipop: From startup to global lifestyle brand | EDC
https://www.edc.ca/en/export-knowledge/podcast/episode-06-opportunities-in-south-korea.html,OK,Indexable,South Korea: A world of business potential | EDC
https://www.edc.ca/en/export-knowledge/podcast/episode-06-season-2-scaling-global-photography-business.html,OK,Indexable,Scaling Flytographer’s global photography business | EDC
https://www.edc.ca/en/export-knowledge/podcast/episode-07-creating-media-with-diversity.html,OK,Indexable,Creating media through international connections | EDC
https://www.edc.ca/en/export-knowledge/podcast/episode-07-season-2-genetec-barriers-indo-pacific-markets.html,OK,Indexable,Genetec's global expansion in security solutions | EDC
https://www.edc.ca/en/export-knowledge/podcast/episode-08-100-years-of-success.html,OK,Indexable,Exporting Canadian knowledge and expertise all over the world | EDC
https://www.edc.ca/en/export-knowledge/podcast/episode-08-season-2-exporting-edtech-solutions-globally.html,OK,Indexable,Exporting edtech solutions globally | EDC
https://www.edc.ca/en/export-knowledge/podcast/episode-09-overcoming-underwater-fibre-optic-challenges.html,OK,Indexable,Empowering communications around the world | EDC
https://www.edc.ca/en/export-knowledge/podcast/episode-09-season-2-building-customer-loyalty-men-clothing.html,OK,Indexable,Manmade: How a Canadian apparel brand started exporting | EDC
https://www.edc.ca/en/export-knowledge/podcast/episode-10-season-2-exporting-asian-food-latin-america.html,OK,Indexable,Exporting Asian food to Latin America | EDC
https://www.edc.ca/en/export-knowledge/podcast/episode-10-using-storytelling-to-expand-globally.html,OK,Indexable,Mid-Day Squares uses storytelling to go global | EDC
https://www.edc.ca/en/export-knowledge/podcast/episode-11-balancing-motherhood-and-entrepreneurship.html,OK,Indexable,Work-life balance: Two mompreneurs share their tips | EDC
https://www.edc.ca/en/export-knowledge/podcast/episode-11-season-2-scaling-cybersecurity-services-globally.html,OK,Indexable,Scaling Canadian cybersecurity services globally | EDC
https://www.edc.ca/en/export-knowledge/podcast/episode-12-season-2-navigating-furniture-tariffs-in-the-us-and-mexico.html,OK,Indexable,Navigating furniture tariffs in U.S. and Mexico | EDC
https://www.edc.ca/en/export-knowledge/podcast/episode-12-trading-in-the-indo-pacific.html,OK,Indexable,Miovision: A deep dive into the Indo-Pacific | EDC
https://www.edc.ca/en/export-knowledge/podcast/episode-13-competing-on-quality.html,OK,Non-Indexable,Competing on quality in global markets | EDC
https://www.edc.ca/en/export-knowledge/podcast/episode-14-finding-opportunity-in-adversity.html,OK,Indexable,Dalcini Stainless: Finding opportunity in adversity | EDC
https://www.edc.ca/en/export-knowledge/podcast/episode-15-building-trust-globally.html,OK,Indexable,Mastering data privacy & simplicity for global success | EDC
https://www.edc.ca/en/export-knowledge/podcast/episode-16-business-relationships-in-india.html,OK,Indexable,Exploring business opportunities in India | EDC
https://www.edc.ca/en/export-knowledge/podcast/episode-17-international-success-in-niche-markets.html,OK,Indexable,Trade knowledge: A foundation for internal success | EDC
https://www.edc.ca/en/export-knowledge/podcast/episode-19-opportunities-in-southeast-asia.html,OK,Indexable,Opportunities for Canadian business in Southeast Asia | EDC
https://www.edc.ca/en/export-knowledge/podcast/episode-20-mini-tipi-cultural-threads.html,OK,Indexable,Mini Tipi: Extending the global reach of Indigenous art | EDC
https://www.edc.ca/en/export-knowledge/podcast/episode-21-investing-in-tech-abroad.html,OK,Indexable,Growing global market share | EDC
https://www.edc.ca/en/export-knowledge/podcast/episode-22-investing-in-southeast-asia.html,OK,Indexable,Southeast Asia: A wealth of opportunities | EDC
https://www.edc.ca/en/export-knowledge/podcast/episode-23-edc-podcast-mimran-season-highlights.html,OK,Indexable,Discover highlights from EDC podcast’s first season | EDC
https://www.edc.ca/en/export-knowledge/tools.html,Moved Permanently,Non-Indexable,
https://www.edc.ca/en/export-knowledge/tools/search-international-companies.html,OK,Indexable,EDC Company InSight | EDC
https://www.edc.ca/en/export-knowledge/tools/search-international-companies/australia-due-diligence.html,OK,Non-Indexable,Company InSight Market Due Diligence Australia | EDC
https://www.edc.ca/en/export-knowledge/tools/search-international-companies/china-due-diligence.html,OK,Non-Indexable,Company InSight Market Due Diligence China | EDC
https://www.edc.ca/en/export-knowledge/tools/search-international-companies/general-due-diligence.html,OK,Non-Indexable,Company InSight Market Due Diligence General | EDC
https://www.edc.ca/en/export-knowledge/tools/search-international-companies/india-due-diligence.html,OK,Non-Indexable,Company InSight Market Due Diligence India | EDC
https://www.edc.ca/en/export-knowledge/tools/search-international-companies/japan-due-diligence.html,OK,Non-Indexable,Company InSight Market Due Diligence Japan | EDC
https://www.edc.ca/en/export-knowledge/tools/search-international-companies/mexico-due-diligence.html,OK,Non-Indexable,Company InSight Market Due Diligence Mexico | EDC
https://www.edc.ca/en/export-knowledge/tools/search-international-companies/saudi-arabia-due-diligence.html,OK,Non-Indexable,Company InSight Market Due Diligence Saudia Arabia | EDC
https://www.edc.ca/en/export-knowledge/tools/search-international-companies/taiwan-due-diligence.html,OK,Non-Indexable,Company InSight Market Due Diligence Taiwan | EDC
https://www.edc.ca/en/export-knowledge/tools/search-international-companies/united-states-due-diligence.html,OK,Non-Indexable,Company InSight Market Due Diligence United States | EDC
https://www.edc.ca/en/financial-institutions.html,OK,Non-Indexable,Financial institutions | EDC
https://www.edc.ca/en/financial-institutions/forms.html,Blocked by robots.txt,Non-Indexable,
https://www.edc.ca/en/financial-institutions/forms/account-performance-security-guarantee.html,Blocked by robots.txt,Non-Indexable,
https://www.edc.ca/en/financial-institutions/forms/account-performance-security-guarantee/request-cover.html,Blocked by robots.txt,Non-Indexable,
https://www.edc.ca/en/financial-institutions/insights.html,Blocked by robots.txt,Non-Indexable,
https://www.edc.ca/en/financial-institutions/insights/article.html,Blocked by robots.txt,Non-Indexable,
https://www.edc.ca/en/financial-institutions/insights/article/fi-bcap-helps-good-natured.html,Blocked by robots.txt,Non-Indexable,
https://www.edc.ca/en/financial-institutions/insights/article/fi-bcap-helps-real-earth-bounty.html,Blocked by robots.txt,Non-Indexable,
https://www.edc.ca/en/financial-institutions/insights/article/fi-effenco-solutions-egp-fxg.html,Blocked by robots.txt,Non-Indexable,
https://www.edc.ca/en/financial-institutions/insights/blog.html,Blocked by robots.txt,Non-Indexable,
https://www.edc.ca/en/financial-institutions/insights/blog/fi-covid-19-edc-summer-survey-findings.html,Blocked by robots.txt,Non-Indexable,
https://www.edc.ca/en/financial-institutions/insights/blog/fi-edc-build-indigenous-trust.html,Blocked by robots.txt,Non-Indexable,
https://www.edc.ca/en/financial-institutions/insights/blog/fi-global-economic-outlook.html,Blocked by robots.txt,Non-Indexable,
https://www.edc.ca/en/financial-institutions/insights/building-the-future-of-canadas-international-trade-economy.html,Blocked by robots.txt,Non-Indexable,
https://www.edc.ca/en/financial-institutions/insights/fi-building-customers-trade-potential.html,Blocked by robots.txt,Non-Indexable,
https://www.edc.ca/en/financial-institutions/insights/fi-delivering-the-wow-factor.html,Blocked by robots.txt,Non-Indexable,
https://www.edc.ca/en/financial-institutions/insights/fi-g2voptics.html,Blocked by robots.txt,Non-Indexable,
https://www.edc.ca/en/financial-institutions/insights/fi-new-oil-and-gas-climate-change-reporting.html,Blocked by robots.txt,Non-Indexable,
https://www.edc.ca/en/financial-institutions/insights/fi-strengthen-client-fxg-strategy.html,Blocked by robots.txt,Non-Indexable,
https://www.edc.ca/en/financial-institutions/insights/fxg-3-case-studies-fi.html,Blocked by robots.txt,Non-Indexable,
https://www.edc.ca/en/financial-institutions/insights/guide.html,Blocked by robots.txt,Non-Indexable,
https://www.edc.ca/en/financial-institutions/insights/partner-roundtable-2022.html,Blocked by robots.txt,Non-Indexable,
https://www.edc.ca/en/financial-institutions/solutions.html,Blocked by robots.txt,Non-Indexable,
https://www.edc.ca/en/financial-institutions/solutions/account-performance-security-guarantee.html,Blocked by robots.txt,Non-Indexable,
https://www.edc.ca/en/financial-institutions/solutions/account-performance-security-guarantee/faqs.html,Blocked by robots.txt,Non-Indexable,
https://www.edc.ca/en/financial-institutions/solutions/account-performance-security-guarantee/frequently-asked-questions.html,Blocked by robots.txt,Non-Indexable,
https://www.edc.ca/en/financial-institutions/solutions/advance-payment-insurance.html,Blocked by robots.txt,Non-Indexable,
https://www.edc.ca/en/financial-institutions/solutions/bcap-fi-guide.html,Blocked by robots.txt,Non-Indexable,
https://www.edc.ca/en/financial-institutions/solutions/bcap-mid-market.html,Blocked by robots.txt,Non-Indexable,
https://www.edc.ca/en/financial-institutions/solutions/bcap-mid-market/frequently-asked-questions-mid-market.html,Blocked by robots.txt,Non-Indexable,
https://www.edc.ca/en/financial-institutions/solutions/credit-insurance.html,Blocked by robots.txt,Non-Indexable,
https://www.edc.ca/en/financial-institutions/solutions/credit-insurance/frequently-asked-questions.html,Blocked by robots.txt,Non-Indexable,
https://www.edc.ca/en/financial-institutions/solutions/export-guarantee-program.html,Blocked by robots.txt,Non-Indexable,
https://www.edc.ca/en/financial-institutions/solutions/export-guarantee-program/frequently-asked-questions.html,Blocked by robots.txt,Non-Indexable,
https://www.edc.ca/en/financial-institutions/solutions/foreign-exchange-facility-guarantee.html,Blocked by robots.txt,Non-Indexable,
https://www.edc.ca/en/financial-institutions/solutions/foreign-exchange-facility-guarantee/frequently-asked-questions.html,Blocked by robots.txt,Non-Indexable,
https://www.edc.ca/en/financial-institutions/solutions/frequently-asked-questions.html,Blocked by robots.txt,Non-Indexable,
https://www.edc.ca/en/financial-institutions/solutions/political-risk-insurance.html,Blocked by robots.txt,Non-Indexable,
https://www.edc.ca/en/financial-institutions/solutions/trade-expansion-lending-program.html,Blocked by robots.txt,Non-Indexable,
https://www.edc.ca/en/financial-institutions/solutions/trade-expansion-lending-program/frequently-asked-questions.html,Blocked by robots.txt,Non-Indexable,
https://www.edc.ca/en/financial-institutions/solutions/trade-impact-program.html,Blocked by robots.txt,Non-Indexable,
https://www.edc.ca/en/financial-institutions/solutions/trade-recovery-guarantee.html,Blocked by robots.txt,Non-Indexable,
https://www.edc.ca/en/financial-institutions/solutions/trade-recovery-guarantee/frequently-asked-questions.html,Blocked by robots.txt,Non-Indexable,
https://www.edc.ca/en/financial-institutions/temp-measures.html,Blocked by robots.txt,Non-Indexable,
https://www.edc.ca/en/financial-institutions/whats-new.html,Blocked by robots.txt,Non-Indexable,
https://www.edc.ca/en/form.html,Moved Permanently,Non-Indexable,
https://www.edc.ca/en/form/broker-terms-conditions.html,Blocked by robots.txt,Non-Indexable,
https://www.edc.ca/en/form/business-credit-availability-program.html,Blocked by robots.txt,Non-Indexable,
https://www.edc.ca/en/form/connections.html,Blocked by robots.txt,Non-Indexable,
https://www.edc.ca/en/form/export-help-request.html,Blocked by robots.txt,Non-Indexable,
https://www.edc.ca/en/form/export-help.html,Blocked by robots.txt,Non-Indexable,
https://www.edc.ca/en/form/freight-forwarder-registry.html,Blocked by robots.txt,Non-Indexable,
https://www.edc.ca/en/form/inquiry.html,Blocked by robots.txt,Non-Indexable,
https://www.edc.ca/en/form/inquiry/future-exporters.html,Blocked by robots.txt,Non-Indexable,
https://www.edc.ca/en/form/inquiry/knowledge-resources.html,Blocked by robots.txt,Non-Indexable,
https://www.edc.ca/en/form/inquiry/non-incorporated.html,Blocked by robots.txt,Non-Indexable,
https://www.edc.ca/en/form/inquiry/partner-resources.html,Blocked by robots.txt,Non-Indexable,
https://www.edc.ca/en/form/inquiry/success1.html,Blocked by robots.txt,Non-Indexable,
https://www.edc.ca/en/form/inquiry/success2.html,Blocked by robots.txt,Non-Indexable,
https://www.edc.ca/en/form/online-payments.html,Blocked by robots.txt,Non-Indexable,
https://www.edc.ca/en/form/referral-consent-form.html,Blocked by robots.txt,Non-Indexable,
https://www.edc.ca/en/form/supplier-registration.html,Blocked by robots.txt,Non-Indexable,
https://www.edc.ca/en/form/trade-expansion-lending-program.html,Blocked by robots.txt,Non-Indexable,
https://www.edc.ca/en/form/unsubscribe-confirmation.html,Blocked by robots.txt,Non-Indexable,
https://www.edc.ca/en/gated.html,Moved Permanently,Non-Indexable,
https://www.edc.ca/en/gated/campaign.html,Internal Server Error,Non-Indexable,
https://www.edc.ca/en/gated/campaign/3-avenues-boost-capital-guide.html,Moved Permanently,Non-Indexable,
https://www.edc.ca/en/gated/campaign/accelerate-your-international-growth.html,Found,Non-Indexable,
https://www.edc.ca/en/gated/campaign/cleantech.html,Found,Non-Indexable,
https://www.edc.ca/en/gated/campaign/coronavirus-covid-19.html,Found,Non-Indexable,
https://www.edc.ca/en/gated/campaign/growing-global-with-coralus-edc.html,Found,Non-Indexable,
https://www.edc.ca/en/gated/campaign/mitigate-client-payment-risk-credit-insurance.html,Found,Non-Indexable,
https://www.edc.ca/en/gated/campaign/opportunities-for-canadian-agri-food.html,Found,Non-Indexable,
https://www.edc.ca/en/gated/campaign/strategies-building-resilience-in-uncertain-times.html,Found,Non-Indexable,
https://www.edc.ca/en/gated/campaign/trade-accelerator-program-resources.html,Moved Permanently,Non-Indexable,
https://www.edc.ca/en/gated/financial-institutions.html,Internal Server Error,Non-Indexable,
https://www.edc.ca/en/gated/financial-institutions/our-solutions.html,Internal Server Error,Non-Indexable,
https://www.edc.ca/en/gated/guide.html,Internal Server Error,Non-Indexable,
https://www.edc.ca/en/gated/guide/business-resiliency-guide.html,Found,Non-Indexable,
https://www.edc.ca/en/gated/guide/credit-risk-management-for-exporters.html,Found,Non-Indexable,
https://www.edc.ca/en/gated/guide/financial-forecasting-101-guide.html,Found,Non-Indexable,
https://www.edc.ca/en/gated/guide/how-to-make-your-fx-hedging-strategy-work-smarter.html,Found,Non-Indexable,
https://www.edc.ca/en/gated/guide/managing-business-risk-guide.html,Found,Non-Indexable,
https://www.edc.ca/en/gated/guide/to-insure-or-not.html,Found,Non-Indexable,
https://www.edc.ca/en/gated/solutions.html,Found,Non-Indexable,
https://www.edc.ca/en/gated/solutions/working-capital.html,Internal Server Error,Non-Indexable,
https://www.edc.ca/en/gated/solutions/working-capital/account-performance-security-guarantee.html,Internal Server Error,Non-Indexable,
https://www.edc.ca/en/gated/solutions/working-capital/foreign-exchange-facility-guarantee.html,Found,Non-Indexable,
https://www.edc.ca/en/get-export-ready.html,OK,Indexable,Get Export Ready – Learn about Exporting | EDC
https://www.edc.ca/en/guide.html,Moved Permanently,Non-Indexable,
https://www.edc.ca/en/guide/banking-tips-for-business-financing.html,OK,Indexable,Banking tips to get better financing for your business | EDC
https://www.edc.ca/en/guide/beyond-exporting.html,OK,Indexable,Beyond Exporting: Building or Buying International Operations - EDC
https://www.edc.ca/en/guide/boost-working-capital-export-guarantees.html,OK,Indexable,Boost Your Working Capital with our Export Guarantees - EDC
https://www.edc.ca/en/guide/building-foreign-exchange-policy.html,OK,Indexable,Building a Foreign Exchange Policy - EDC
https://www.edc.ca/en/guide/business-ethics-101.html,OK,Indexable,Business ethics 101 | EDC
https://www.edc.ca/en/guide/business-ethics-checklist.html,OK,Indexable,Business ethics checklist | EDC
https://www.edc.ca/en/guide/business-resiliency-guide.html,OK,Indexable,Business resiliency guide | EDC
https://www.edc.ca/en/guide/canada-advantage-exports.html,OK,Indexable,Canada’s goods exports | EDC
https://www.edc.ca/en/guide/canada-cultural-exports-potential.html,OK,Indexable,The untapped potential of Canada’s cultural exports | EDC
https://www.edc.ca/en/guide/canada-export-opportunities-india.html,OK,Indexable,India: Land of opportunity for Canadian business | EDC
https://www.edc.ca/en/guide/canada-ice-wine-success.html,OK,Indexable,Canada’s ice wine industry: Grape expectations for global growth | EDC
https://www.edc.ca/en/guide/canada-organic-report.html,OK,Indexable,The organic food market in Canada and its global influence | EDC
https://www.edc.ca/en/guide/canada-private-sector-edc-outlook.html,OK,Indexable,Tracking Canada’s private sector patterns through 2024 | EDC
https://www.edc.ca/en/guide/canada-sustainable-agri-food-sector.html,OK,Indexable,Sustainable agriculture production key for Canada | EDC
https://www.edc.ca/en/guide/canadian-affiliates-opportunities.html,OK,Indexable,Canadian Affiliates Abroad: Impacts and Opportunities - EDC
https://www.edc.ca/en/guide/canadian-agriculture.html,Moved Permanently,Non-Indexable,
https://www.edc.ca/en/guide/canadian-cleantech-powering-progress.html,OK,Indexable,Canadian cleantech: Powering progress | EDC
https://www.edc.ca/en/guide/canadian-goods-exports-recovery.html,OK,Indexable,Canada’s goods exports and COVID-19 | EDC
https://www.edc.ca/en/guide/canadian-services-exports-hit-hard.html,OK,Indexable,Canada’s services trade hit hard by pandemic | EDC
https://www.edc.ca/en/guide/carbon-border-adjustment-impacts.html,OK,Indexable,Exploring the EU’s carbon border adjustment policy | EDC
https://www.edc.ca/en/guide/cash-conversion-cycles-edc-report.html,OK,Indexable,Turning inventory into cash: Understanding the payment cycle
https://www.edc.ca/en/guide/cleantech-report-2025.html,OK,Indexable,Canada’s cleantech advantage: 2025 export report | EDC
https://www.edc.ca/en/guide/commercial-contract-terms.html,OK,Indexable,Commercial Contract Terms - EDC
https://www.edc.ca/en/guide/commodity-tracker.html,OK,Indexable,Manage volatility with EDC’s Commodity Tracker | EDC
https://www.edc.ca/en/guide/competitive-payment-terms.html,OK,Indexable,Boost Your Global Competitiveness with Flexible Payment Terms - EDC
https://www.edc.ca/en/guide/covid-19-aerospace-sector.html,OK,Indexable,COVID-19 grounds aerospace industry | EDC
https://www.edc.ca/en/guide/covid-19-agriculture-sector.html,OK,Indexable,COVID-19: Canada’s agri-food sector yields strong results despite pandemic | EDC
https://www.edc.ca/en/guide/covid-19-auto-sector.html,OK,Indexable,COVID-19 puts the brakes on the auto industry | EDC
https://www.edc.ca/en/guide/covid-19-canadian-survey-impacts.html,OK,Indexable,COVID-19: The impacts on Canadian businesses | EDC
https://www.edc.ca/en/guide/covid-19-cleantech-sector.html,OK,Indexable,COVID-19 causing unprecedented setbacks for cleantech industry | EDC
https://www.edc.ca/en/guide/covid-19-forestry-sector.html,OK,Indexable,Canada’s forestry industry grapples with impacts of COVID-19 | EDC
https://www.edc.ca/en/guide/covid-19-retail-sector-impact.html,OK,Indexable,How COVID-19 is transforming the retail sector | EDC
https://www.edc.ca/en/guide/covid-19-sector-challenges-in-canada.html,OK,Indexable,COVID-19 crisis: Challenges mount for many Canadian sectors | EDC
https://www.edc.ca/en/guide/covid-19-sector-oil-and-gas-crisis.html,OK,Indexable,COVID-19: Navigating the turmoil in Canada’s energy sector | EDC
https://www.edc.ca/en/guide/covid-19-tourism-sector-crisis.html,OK,Indexable,COVID-19 leaves tourism industry reeling | EDC
https://www.edc.ca/en/guide/covid-literature-review.html,OK,Indexable,COVID-19: Understanding the macroeconomic impacts of the global pandemic | EDC
https://www.edc.ca/en/guide/credit-risk-management-for-exporters.html,OK,Non-Indexable,Credit risk management for Canadian exporters | EDC
https://www.edc.ca/en/guide/dealing-with-country-risk.html,OK,Indexable,Dealing with Country Risk - EDC
https://www.edc.ca/en/guide/direct-investment-abroad-canada.html,OK,Indexable,Why Canadian direct investment abroad matters for growth | EDC
https://www.edc.ca/en/guide/discover-new-markets.html,OK,Indexable,Discover New Markets - EDC
https://www.edc.ca/en/guide/diversifying-your-market.html,OK,Indexable,"Diversifying Your Market, One Step at a Time - EDC"
https://www.edc.ca/en/guide/doing-business-in-brazil.html,OK,Indexable,Doing Business in Brazil - EDC
https://www.edc.ca/en/guide/doing-business-in-southeast-asia.html,OK,Indexable,Doing Business in Southeast Asia - EDC
https://www.edc.ca/en/guide/doing-business-with-mexico.html,OK,Indexable,Doing business in Mexico | EDC
https://www.edc.ca/en/guide/doing-business-with-panama.html,OK,Indexable,Doing Business in Panama - EDC
https://www.edc.ca/en/guide/edc-canada-light-manufacturing-sector.html,OK,Indexable,Going forward: Canada’s light manufacturing sector | EDC
https://www.edc.ca/en/guide/edc-cleantech-report.html,OK,Indexable,Cleantech and the impact of artificial intelligence | EDC
https://www.edc.ca/en/guide/edc-cultural-etiquette-tips-africa.html,OK,Indexable,Cultural tips for doing business in Africa | EDC
https://www.edc.ca/en/guide/edc-cultural-etiquette-tips-australia.html,OK,Indexable,Cultural tips for doing business in Australia | EDC
https://www.edc.ca/en/guide/edc-cultural-etiquette-tips-china.html,OK,Indexable,Cultural tips for doing business in China | EDC
https://www.edc.ca/en/guide/edc-cultural-etiquette-tips-gcc.html,OK,Indexable,Cultural tips for doing business in the GCC | EDC
https://www.edc.ca/en/guide/edc-cultural-etiquette-tips-germany.html,OK,Indexable,Cultural tips for doing business in Germany | EDC
https://www.edc.ca/en/guide/edc-cultural-etiquette-tips-india.html,OK,Indexable,Cultural tips for doing business in India | EDC
https://www.edc.ca/en/guide/edc-cultural-etiquette-tips-japan.html,OK,Indexable,Cultural tips for doing business in Japan | EDC
https://www.edc.ca/en/guide/edc-cultural-etiquette-tips-singapore.html,OK,Indexable,Cultural tips for doing business in Singapore | EDC
https://www.edc.ca/en/guide/edc-cultural-etiquette-tips-south-korea.html,OK,Indexable,Cultural tips for doing business in South Korea | EDC
https://www.edc.ca/en/guide/edc-cultural-etiquette-tips-southeast-asia.html,OK,Indexable,Cultural tips for doing business in Southeast Asia | EDC
https://www.edc.ca/en/guide/edc-cultural-etiquette-tips-turkey.html,OK,Indexable,Cultural tips for doing business in Turkey | EDC
https://www.edc.ca/en/guide/edc-cultural-etiquette-tips-united-kingdom.html,OK,Indexable,Cultural tips for doing business in the United Kingdom | EDC
https://www.edc.ca/en/guide/edc-cultural-etiquette-tips-united-states.html,OK,Indexable,Cultural tips for doing business in the United States | EDC
https://www.edc.ca/en/guide/edc-global-trade-digital-impact-report.html,OK,Non-Indexable,"Digital trade: Harnessing technology, data and AI in our post-pandemic economy | EDC"
https://www.edc.ca/en/guide/edc-markets-of-opportunity.html,OK,Indexable,Markets of opportunity for Canadian exporters | EDC
https://www.edc.ca/en/guide/edc-women-in-trade-guide.html,OK,Indexable,Going global: Empowering women through trade | EDC
https://www.edc.ca/en/guide/energy-efficiency-101.html,OK,Indexable,Energy Efficiency 101 | EDC
https://www.edc.ca/en/guide/export-to-us.html,OK,Indexable,Exporting to the United States - EDC
https://www.edc.ca/en/guide/exporting-beyond-us-into-oecd.html,OK,Indexable,Exporting Beyond U.S.: Expanding into OECD Markets - EDC
https://www.edc.ca/en/guide/exporting-to-us-logistics.html,OK,Indexable,Entering the U.S. Market: Logistics and Best Practices - EDC
https://www.edc.ca/en/guide/financial-crime-international-trade.html,OK,Indexable,Financial crime in international trade | EDC
https://www.edc.ca/en/guide/financial-forecasting-101-guide.html,OK,Indexable,Financial forecasting 101 | EDC
https://www.edc.ca/en/guide/finding-keeping-international-customers.html,OK,Indexable,Finding and Keeping International Customers - EDC
https://www.edc.ca/en/guide/finding-training-managing.html,OK,Indexable,"Finding, Training and Managing International Agents and Distributors - EDC"
https://www.edc.ca/en/guide/finding-treasures-whitepaper.html,OK,Indexable,Finding the Treasures in Your Balance Sheet - EDC
https://www.edc.ca/en/guide/fx-hedging-infographic.html,OK,Indexable,Infographic – Manage your FX hedging strategy | EDC
https://www.edc.ca/en/guide/global-economic-outlook.html,OK,Indexable,Global Economic Outlook summer 2026: Energy shock | EDC
https://www.edc.ca/en/guide/global-export-forecast-back-up.html,OK,Indexable,Global Export Forecast - Fall 2018 | EDC
https://www.edc.ca/en/guide/global-export-forecast.html,OK,Indexable,Global Export Forecast—Spring 2026 | EDC
https://www.edc.ca/en/guide/global-financial-markets.html,OK,Indexable,Global Financial Markets | EDC
https://www.edc.ca/en/guide/guide-business-resiliency.html,OK,Non-Indexable,Business resiliency guide | EDC
https://www.edc.ca/en/guide/guide-financial-forecasting-101.html,OK,Non-Indexable,Financial forecasting 101 | EDC
https://www.edc.ca/en/guide/guide-managing-business-risk.html,OK,Non-Indexable,Managing business risk at home and abroad | EDC
https://www.edc.ca/en/guide/health-and-safety-101.html,OK,Indexable,Health and safety 101 | EDC
https://www.edc.ca/en/guide/health-and-safety-checklist.html,OK,Indexable,Health and safety checklist | EDC
https://www.edc.ca/en/guide/how-to-make-your-fx-hedging-strategy-work-smarter-guide.html,OK,Non-Indexable,Manage currency volatility to protect your growth | EDC
https://www.edc.ca/en/guide/how-to-make-your-fx-hedging-strategy-work-smarter.html,OK,Indexable,How to make your FX hedging strategy work smarter | EDC
https://www.edc.ca/en/guide/how-to-qualify-as-a-preferred-vendor.html,OK,Indexable,How to Qualify as a Preferred Vendor - EDC
https://www.edc.ca/en/guide/human-rights-101.html,OK,Indexable,Human Rights 101 | EDC
https://www.edc.ca/en/guide/implications-for-buy-american-policy.html,OK,Indexable,Biden’s Buy American plan at a glance | EDC
https://www.edc.ca/en/guide/latin-america-business-etiquette-tips.html,OK,Indexable,Cultural tips for doing business in Latin America | EDC
https://www.edc.ca/en/guide/managing-business-and-export-risk.html,Moved Permanently,Non-Indexable,
https://www.edc.ca/en/guide/managing-business-risk-guide.html,OK,Indexable,Managing business risk at home and abroad | EDC
https://www.edc.ca/en/guide/market-diversification.html,OK,Indexable,Market diversification: A key strategy for exporters | EDC
https://www.edc.ca/en/guide/market-intelligence-europe-eu-uk.html,OK,Indexable,2026 Europe market intelligence for Canadian Businesses | EDC
https://www.edc.ca/en/guide/market-intelligence-indo-pacific.html,OK,Indexable,Market intelligence for Asia-Pacific | EDC
https://www.edc.ca/en/guide/market-intelligence-united-states.html,OK,Indexable,U.S. market intelligence | EDC
https://www.edc.ca/en/guide/medical-cannabis-edc-report.html,OK,Indexable,High hopes for medical cannabis market in Canada | EDC
https://www.edc.ca/en/guide/opportunities-for-canadian-agri-food.html,OK,Non-Indexable,How to manage agri-food export risk in 2026 | EDC
https://www.edc.ca/en/guide/path-to-net-zero-canada-companies.html,OK,Indexable,The path to net zero | EDC
https://www.edc.ca/en/guide/rcep-trade-deal-implications.html,OK,Indexable,Asia-Pacific trade deal | EDC
https://www.edc.ca/en/guide/responsible-business-conduct-in-brazil.html,OK,Indexable,Sustainable and responsible business conduct in Brazil | EDC
https://www.edc.ca/en/guide/risk-and-cash-flow-mgmt.html,OK,Indexable,Risk and Cash Flow Management - EDC
https://www.edc.ca/en/guide/seafood-export-diversification.html,OK,Indexable,Canadian seafood exports: Diversify to reduce market risk | EDC
https://www.edc.ca/en/guide/sectors-in-focus-report.html,OK,Indexable,Sectors in focus report | EDC
https://www.edc.ca/en/guide/service-export-sector-opportunities.html,OK,Indexable,The untapped potential to grow Canada’s commercial service export sector | EDC
https://www.edc.ca/en/guide/sustainability-management-101.html,OK,Indexable,Sustainability management 101 | EDC
https://www.edc.ca/en/guide/sustainability-management-checklist.html,OK,Indexable,Sustainability management checklist | EDC
https://www.edc.ca/en/guide/to-insure-or-not-to-insure.html,OK,Non-Indexable,How to calculate cost versus benefit of insuring sales | EDC
https://www.edc.ca/en/guide/to-insure-or-not.html,OK,Indexable,To Insure or Not to Insure? - EDC
https://www.edc.ca/en/guide/tracking-canadian-innovation.html,OK,Indexable,Tracking Canadian innovation and entrepreneurship | EDC
https://www.edc.ca/en/guide/trade-show-investment.html,OK,Indexable,How to Get the Most from Your Trade Show Investment - EDC
https://www.edc.ca/en/guide/understanding-canada-goods-exporters.html,OK,Indexable,Understanding Canada’s goods exporters | EDC
https://www.edc.ca/en/guide/understanding-incoterms.html,OK,Indexable,Incoterms Explained: Avoid Shipping Risks | EDC
https://www.edc.ca/en/guide/unique-selling-proposition.html,OK,Indexable,Creating a Unique Sales Proposition - EDC
https://www.edc.ca/en/guide/us-canada-infrastructure-opportunities.html,OK,Indexable,U.S. infrastructure opportunities for Canadian firms | EDC
https://www.edc.ca/en/guide/us-exports-with-ach-ace.html,OK,Indexable,ACH / ACE: Key Systems for trade and payments | EDC
https://www.edc.ca/en/guide/waste-management-and-pollution-101.html,OK,Indexable,Waste management and pollution 101 | EDC
https://www.edc.ca/en/help-me-choose.html,OK,Non-Indexable,Credit insurance recommendation | EDC
https://www.edc.ca/en/help-me-choose/hmc-pci-mmc.html,OK,Non-Indexable,Insurance recommendation for active exporters | EDC
https://www.edc.ca/en/help-me-choose/hmc-pci-sme.html,OK,Non-Indexable,Credit insurance for small-medium business | EDC
https://www.edc.ca/en/help-me-choose/hmc-resources-mmc.html,OK,Non-Indexable,Recommendation for mid-market domestic business | EDC
https://www.edc.ca/en/help-me-choose/hmc-resources-sme.html,OK,Non-Indexable,Recommendation for domestic business | EDC
https://www.edc.ca/en/help-me-choose/hmc-sci-mmc.html,OK,Non-Indexable,Insurance recommendation for infrequent exporting | EDC
https://www.edc.ca/en/help-me-choose/hmc-sci-sme.html,OK,Non-Indexable,Insurance recommendation for occasional exporters | EDC
https://www.edc.ca/en/holding.html,OK,Indexable,holding
https://www.edc.ca/en/homepage-old.html,OK,Indexable,Homepage
https://www.edc.ca/en/homepage.html,Moved Permanently,Non-Indexable,
https://www.edc.ca/en/important-notices.html,OK,Non-Indexable,Important notices | Export Development Canada (EDC)
https://www.edc.ca/en/information-and-advice.html,Found,Non-Indexable,
https://www.edc.ca/en/information-and-advice/0-2mill-2-10mill.html,OK,Non-Indexable,Trade information and advice for small and medium businesses | EDC
https://www.edc.ca/en/information-and-advice/0-2mill-2-10mill1.html,OK,Non-Indexable,Trade information and advice for small and medium businesses | EDC
https://www.edc.ca/en/information-and-advice/over-10mil.html,OK,Non-Indexable,Trade information and advice for corporate business | EDC
https://www.edc.ca/en/insurance-brokers.html,OK,Indexable,For insurance brokers | EDC
https://www.edc.ca/en/legal-privacy.html,OK,Indexable,Legal | EDC
https://www.edc.ca/en/legal-privacy/covid-19-disclaimer.html,OK,Indexable,COVID-19 Business Resource Disclaimer | EDC
https://www.edc.ca/en/legal-privacy/myedc-user-account-agreement.html,OK,Indexable,MyEDC User Account Agreement | EDC
https://www.edc.ca/en/legal-privacy/privacy-notice-job-applicants.html,OK,Non-Indexable,Privacy Notice Job Applicants | EDC
https://www.edc.ca/en/legal-privacy/website-terms-of-use.html,OK,Indexable,Website Terms of Use | EDC
https://www.edc.ca/en/navigate-global-trade.html,OK,Indexable,Navigate Global Trade with Confidence | EDC
https://www.edc.ca/en/newsroom.html,OK,Indexable,newsroom
https://www.edc.ca/en/official-contest-rules.html,OK,Non-Indexable,Expand your business globally travel voucher contest rules | EDC
https://www.edc.ca/en/official-sial-contest-rules.html,OK,Non-Indexable,SIAL 2024 event travel voucher contest rules | EDC
https://www.edc.ca/en/pci-signup.html,Found,Non-Indexable,
https://www.edc.ca/en/portfolio-credit-insurance-faq.html,Found,Non-Indexable,
https://www.edc.ca/en/premium.html,Moved Permanently,Non-Indexable,
https://www.edc.ca/en/premium/campaign.html,Blocked by robots.txt,Non-Indexable,
https://www.edc.ca/en/premium/campaign/coronavirus-covid-19.html,Blocked by robots.txt,Non-Indexable,
https://www.edc.ca/en/premium/campaign/credit-insurance.html,Blocked by robots.txt,Non-Indexable,
https://www.edc.ca/en/premium/ebook.html,Found,Non-Indexable,
https://www.edc.ca/en/premium/ebook/build-your-international-network.html,Found,Non-Indexable,
https://www.edc.ca/en/premium/ebook/build-your-international-network/context.html,OK,Indexable,International networks in context - EDC
https://www.edc.ca/en/premium/ebook/build-your-international-network/develop-business-network.html,OK,Indexable,How to develop a solid international network - EDC
https://www.edc.ca/en/premium/ebook/build-your-international-network/resources-canadian-exporters.html,OK,Indexable,Resources for business networking - EDC
https://www.edc.ca/en/premium/ebook/doing-business-in-the-european-union.html,Found,Non-Indexable,
https://www.edc.ca/en/premium/ebook/doing-business-in-the-european-union/canada-and-ceta.html,OK,Indexable,"Canada, the EU and CETA - EDC"
https://www.edc.ca/en/premium/ebook/doing-business-in-the-european-union/following-trade-rules.html,OK,Indexable,Following the rules of the EU trade deal - EDC
https://www.edc.ca/en/premium/ebook/doing-business-in-the-european-union/help-and-information.html,OK,Indexable,Finding help and information to sell in Euope - EDC
https://www.edc.ca/en/premium/ebook/doing-business-in-the-european-union/key-opportunity-sectors.html,OK,Indexable,Opportunity sectors in the EU - EDC
https://www.edc.ca/en/premium/ebook/doing-business-in-the-european-union/market-entry-strategies.html,OK,Indexable,Market entry strategies for the EU - EDC
https://www.edc.ca/en/premium/ebook/doing-business-in-the-united-states.html,Found,Non-Indexable,
https://www.edc.ca/en/premium/ebook/doing-business-in-the-united-states/help-and-information.html,OK,Indexable,Finding help and information when exporting to the U.S. - EDC
https://www.edc.ca/en/premium/ebook/doing-business-in-the-united-states/logistics.html,OK,Indexable,Logistics of trade with the U.S. - EDC
https://www.edc.ca/en/premium/ebook/doing-business-in-the-united-states/market-access.html,OK,Indexable,The U.S. market - EDC
https://www.edc.ca/en/premium/ebook/doing-business-in-the-united-states/planning-market-entry.html,OK,Indexable,Planning your market entry to the U.S. - EDC
https://www.edc.ca/en/premium/ebook/doing-business-in-the-united-states/regional-markets.html,OK,Indexable,Regional markets of the United States - EDC
https://www.edc.ca/en/premium/ebook/doing-business-in-the-united-states/trade-compliance.html,OK,Indexable,Trade compliance - EDC
https://www.edc.ca/en/premium/ebook/getting-most-from-free-trade-agreements.html,Found,Non-Indexable,
https://www.edc.ca/en/premium/ebook/getting-most-from-free-trade-agreements/canada-trade-deals.html,OK,Indexable,Canada's FTAs - EDC
https://www.edc.ca/en/premium/ebook/getting-most-from-free-trade-agreements/foreign-investment-agreements-fipa.html,OK,Indexable,Foreign investment promotion and protection agreements - EDC
https://www.edc.ca/en/premium/ebook/getting-most-from-free-trade-agreements/free-trade-agreements.html,OK,Indexable,Free trade agreements - EDC
https://www.edc.ca/en/premium/ebook/grow-exports-with-credit-insurance.html,Not Found,Non-Indexable,
https://www.edc.ca/en/premium/ebook/grow-exports-with-credit-insurance/grow-exports-with-credit-insurance.html,Moved Permanently,Non-Indexable,
https://www.edc.ca/en/premium/ebook/increase-your-innovation.html,Found,Non-Indexable,
https://www.edc.ca/en/premium/ebook/increase-your-innovation/barriers-to-innovation.html,OK,Indexable,Barriers to innovation - EDC
https://www.edc.ca/en/premium/ebook/increase-your-innovation/boosting-innovation-in-your-company.html,OK,Indexable,Boosting innovation in your company - EDC
https://www.edc.ca/en/premium/ebook/increase-your-innovation/finding-innovation.html,OK,Indexable,Finding Innovation - EDC
https://www.edc.ca/en/premium/ebook/increase-your-innovation/funding-innovation.html,OK,Indexable,Funding innovation - EDC
https://www.edc.ca/en/premium/ebook/increase-your-innovation/innovating-your-way-to-an-edge-in-the-global-economy.html,OK,Indexable,Innovating your way to an edge  in the global economy - EDC
https://www.edc.ca/en/premium/ebook/increase-your-innovation/innovation-at-work.html,OK,Indexable,Innovation at work - EDC
https://www.edc.ca/en/premium/ebook/increase-your-innovation/the-commercialization-conundrum.html,OK,Indexable,The commercialization conundrum - EDC
https://www.edc.ca/en/premium/ebook/increase-your-international-market-knowledge.html,Found,Non-Indexable,
https://www.edc.ca/en/premium/ebook/increase-your-international-market-knowledge/choosing-your-strategy.html,OK,Indexable,Choosing your market entry strategy - EDC
https://www.edc.ca/en/premium/ebook/increase-your-international-market-knowledge/identifying-screening.html,OK,Indexable,Identifying and screening potential markets - EDC
https://www.edc.ca/en/premium/ebook/increase-your-international-market-knowledge/tailoring-your-strategy.html,OK,Indexable,Tailoring your market strategy - EDC
https://www.edc.ca/en/premium/ebook/increase-your-international-market-knowledge/targeting-your-niche.html,OK,Indexable,Targeting your market niche - EDC
https://www.edc.ca/en/premium/ebook/increase-your-international-market-knowledge/understanding-key.html,OK,Indexable,Why understanding your market is key - EDC
https://www.edc.ca/en/premium/ebook/joining-electronic-marketplace.html,Not Found,Non-Indexable,
https://www.edc.ca/en/premium/ebook/joining-electronic-marketplace/basics-ecommerce-success.html,OK,Indexable,Basics of e-commerce success - EDC
https://www.edc.ca/en/premium/ebook/joining-electronic-marketplace/benefits.html,OK,Indexable,Benefits of international e-commerce - EDC
https://www.edc.ca/en/premium/ebook/joining-electronic-marketplace/beyond-storefront-template.html,OK,Indexable,Beyond the storefront template - EDC
https://www.edc.ca/en/premium/ebook/joining-electronic-marketplace/building-success.html,OK,Indexable,Building on e-commerce success - EDC
https://www.edc.ca/en/premium/ebook/joining-electronic-marketplace/challenges.html,OK,Indexable,Challenges of international e-commerce - EDC
https://www.edc.ca/en/premium/ebook/joining-electronic-marketplace/promise.html,OK,Indexable,The promise of international e-commerce - EDC
https://www.edc.ca/en/premium/ebook/joining-electronic-marketplace/understanding-international-customers.html,OK,Indexable,Understanding international customers - EDC
https://www.edc.ca/en/premium/ebook/managing-business-and-export-risk.html,Found,Non-Indexable,
https://www.edc.ca/en/premium/ebook/managing-business-and-export-risk/5-stay-secure-cyber-risk.html,OK,Indexable,Stay secure - Cyber risk - EDC
https://www.edc.ca/en/premium/ebook/managing-business-and-export-risk/assess.html,OK,Indexable,Are you at risk - EDC
https://www.edc.ca/en/premium/ebook/managing-business-and-export-risk/country.html,OK,Indexable,Know your market - Country risk - EDC
https://www.edc.ca/en/premium/ebook/managing-business-and-export-risk/export-plan.html,OK,Indexable,Be prepared - Plan for export risk - EDC
https://www.edc.ca/en/premium/ebook/managing-business-and-export-risk/financial.html,OK,Indexable,Manage your money matters - Financial Risk - EDC
https://www.edc.ca/en/premium/ebook/managing-business-and-export-risk/political.html,OK,Indexable,Plan for the possibilities of political risk - EDC
https://www.edc.ca/en/premium/ebook/managing-business-and-export-risk/supply-chain.html,OK,Indexable,Safeguard your company - Supply chain risk - EDC
https://www.edc.ca/en/premium/ebook/protecting-your-intellectual-property.html,Found,Non-Indexable,
https://www.edc.ca/en/premium/ebook/protecting-your-intellectual-property/profiting-from-assets.html,OK,Indexable,Profiting from intellectual property assets | EDC
https://www.edc.ca/en/premium/ebook/protecting-your-intellectual-property/what-is-intellectual-property.html,OK,Indexable,Protecting your intellectual property | EDC
https://www.edc.ca/en/premium/ebook/protecting-your-intellectual-property/your-export-plan.html,OK,Indexable,Protecting your intellectual property abroad | EDC
https://www.edc.ca/en/premium/ebook/strengthen-your-skilled-talent.html,Found,Non-Indexable,
https://www.edc.ca/en/premium/ebook/strengthen-your-skilled-talent/canada-innovative-agile-workforce.html,OK,Indexable,Canada needs an innovative and agile workforce - EDC
https://www.edc.ca/en/premium/ebook/strengthen-your-skilled-talent/finding-skilled-executives.html,OK,Indexable,Finding skilled executives to lead the change - EDC
https://www.edc.ca/en/premium/ebook/strengthen-your-skilled-talent/skilled-talent-global-competitive-advantage.html,OK,Indexable,Skilled talent and your competitive advantage - EDC
https://www.edc.ca/en/premium/ebook/strengthen-your-skilled-talent/specialized-tech-talent.html,OK,Indexable,The search for specialized tech talent - EDC
https://www.edc.ca/en/premium/ebook/strengthen-your-skilled-talent/talent-management-global-digital-economy.html,OK,Indexable,Talent management in the global digital economy - EDC
https://www.edc.ca/en/premium/ebook/why-some-companies-buy-credit-insurance-and-some-dont.html,Found,Non-Indexable,
https://www.edc.ca/en/premium/guide.html,Found,Non-Indexable,
https://www.edc.ca/en/premium/guide/canada-agriculture-report.html,OK,Indexable,Canadian agriculture a bright spot for trade - EDC
https://www.edc.ca/en/premium/guide/canadian-agriculture-oldmockup.html,OK,Indexable,Canadian agriculture a bright spot for trade - EDC
https://www.edc.ca/en/premium/guide/edc-black-exporter-guide.html,OK,Indexable,Black exporter guide | EDC
https://www.edc.ca/en/premium/guide/energy-efficiency-checklist.html,OK,Indexable,Energy efficiency checklist | EDC
https://www.edc.ca/en/premium/guide/free-trade-agreements.html,OK,Non-Indexable,Profiting from Canada’s free trade agreements | EDC
https://www.edc.ca/en/premium/guide/human-rights-checklist.html,OK,Indexable,Human rights checklist | EDC
https://www.edc.ca/en/premium/guide/international-trade-expert.html,OK,Non-Indexable,international-trade-expert
https://www.edc.ca/en/premium/guide/to-insure-or-not.html,OK,Indexable,How to calculate cost versus benefit of insuring sales | EDC
https://www.edc.ca/en/premium/guide/waste-management-and-pollution-checklist.html,OK,Indexable,Waste management and pollution checklist | EDC
https://www.edc.ca/en/premium/success-stories.html,Blocked by robots.txt,Non-Indexable,
https://www.edc.ca/en/premium/success-stories/real-by-fake.html,Blocked by robots.txt,Non-Indexable,
https://www.edc.ca/en/premium/tool.html,Blocked by robots.txt,Non-Indexable,
https://www.edc.ca/en/premium/tool/build-your-strategy.html,Blocked by robots.txt,Non-Indexable,
https://www.edc.ca/en/premium/tool/company-insight.html,Blocked by robots.txt,Non-Indexable,
https://www.edc.ca/en/premium/tool/company-insight/company-profile.html,Blocked by robots.txt,Non-Indexable,
https://www.edc.ca/en/premium/tool/company-insight/company.html,Blocked by robots.txt,Non-Indexable,
https://www.edc.ca/en/premium/tool/company-insight/form.html,Blocked by robots.txt,Non-Indexable,
https://www.edc.ca/en/premium/tool/company-insight/guide.html,Blocked by robots.txt,Non-Indexable,
https://www.edc.ca/en/premium/tool/company-insight/guide/company.html,Blocked by robots.txt,Non-Indexable,
https://www.edc.ca/en/premium/tool/company-insight/guide/resources.html,Blocked by robots.txt,Non-Indexable,
https://www.edc.ca/en/premium/tool/company-insight/search-results.html,Blocked by robots.txt,Non-Indexable,
https://www.edc.ca/en/premium/tool/country-risk-quarterly.html,Blocked by robots.txt,Non-Indexable,
https://www.edc.ca/en/premium/tool/edc-learn.html,Blocked by robots.txt,Non-Indexable,
https://www.edc.ca/en/premium/tool/edc-learn/adapting-products-and-services.html,Blocked by robots.txt,Non-Indexable,
https://www.edc.ca/en/premium/tool/edc-learn/analyzing-and-mitigating-commercial-risk.html,Blocked by robots.txt,Non-Indexable,
https://www.edc.ca/en/premium/tool/edc-learn/analyzing-and-mitigating-currency-foreign-exchange-risk.html,Blocked by robots.txt,Non-Indexable,
https://www.edc.ca/en/premium/tool/edc-learn/cash-flow-management.html,Blocked by robots.txt,Non-Indexable,
https://www.edc.ca/en/premium/tool/edc-learn/conducting-cost-and-pricing-analysis.html,Blocked by robots.txt,Non-Indexable,
https://www.edc.ca/en/premium/tool/edc-learn/crossing-borders-and-managing-customs.html,Blocked by robots.txt,Non-Indexable,
https://www.edc.ca/en/premium/tool/edc-learn/documents-and-the-international-trade-transaction.html,Blocked by robots.txt,Non-Indexable,
https://www.edc.ca/en/premium/tool/edc-learn/establishing-sales-channels-to-international-markets.html,Blocked by robots.txt,Non-Indexable,
https://www.edc.ca/en/premium/tool/edc-learn/intellectual-property-protection.html,Blocked by robots.txt,Non-Indexable,
https://www.edc.ca/en/premium/tool/edc-learn/international-contracts-and-partnership-agreements.html,Blocked by robots.txt,Non-Indexable,
https://www.edc.ca/en/premium/tool/edc-learn/marketing-with-digital-technology.html,Blocked by robots.txt,Non-Indexable,
https://www.edc.ca/en/premium/tool/edc-learn/selecting-a-market-entry-strategy.html,Blocked by robots.txt,Non-Indexable,
https://www.edc.ca/en/premium/tool/export-help-team.html,Blocked by robots.txt,Non-Indexable,
https://www.edc.ca/en/premium/tool/inlist.html,Blocked by robots.txt,Non-Indexable,
https://www.edc.ca/en/premium/tool/inlist/provider.html,Blocked by robots.txt,Non-Indexable,
https://www.edc.ca/en/privacy-notice.html,OK,Indexable,Privacy notice | EDC
https://www.edc.ca/en/privacy-notice/all-countries-except-canada.html,OK,Indexable,Privacy Notice – All Countries except Canada | EDC
https://www.edc.ca/en/pro.html,OK,Non-Indexable,Alternative Premium Page | EDC
https://www.edc.ca/en/pro/tool.html,Blocked by robots.txt,Non-Indexable,
https://www.edc.ca/en/pro/tool/company-insight.html,Blocked by robots.txt,Non-Indexable,
https://www.edc.ca/en/pro/tool/connections.html,Blocked by robots.txt,Non-Indexable,
https://www.edc.ca/en/pro/tool/export-help-hub.html,Blocked by robots.txt,Non-Indexable,
https://www.edc.ca/en/pro/tool/inlist.html,Blocked by robots.txt,Non-Indexable,
https://www.edc.ca/en/protect-my-sales.html,Found,Non-Indexable,
https://www.edc.ca/en/protect-my-sales/2-10mil.html,OK,Non-Indexable,Sales protection for small and medium business | EDC
https://www.edc.ca/en/protect-my-sales/not-exporting.html,OK,Non-Indexable,Sales protection resources for small business | EDC
https://www.edc.ca/en/protect-my-sales/over-10mil.html,OK,Non-Indexable,Sales protection for Canadian exporters | EDC
https://www.edc.ca/en/protect-your-profits-with-edc-credit-insurance.html,OK,Non-Indexable,Protect your profits with EDC Credit Insurance | EDC
https://www.edc.ca/en/sci-signup.html,Found,Non-Indexable,
https://www.edc.ca/en/search-results.html,OK,Indexable,Search result | EDC
https://www.edc.ca/en/sitemap.html,OK,Indexable,Sitemap | EDC
https://www.edc.ca/en/solutions-finder.html,OK,Non-Indexable,Solutions finder | EDC
https://www.edc.ca/en/solutions.html,OK,Indexable,What we do | EDC
https://www.edc.ca/en/solutions/financing.html,OK,Indexable,Loans for exporters and buyers | EDC
https://www.edc.ca/en/solutions/financing/buyer-financing.html,OK,Indexable,Buyer Financing | EDC
https://www.edc.ca/en/solutions/financing/direct-lending.html,OK,Indexable,Direct lending | EDC
https://www.edc.ca/en/solutions/financing/inclusive-trade-investments-program-card.html,Found,Non-Indexable,
https://www.edc.ca/en/solutions/financing/inclusive-trade-investments-program.html,Moved Permanently,Non-Indexable,
https://www.edc.ca/en/solutions/financing/investment-matching-program.html,Moved Permanently,Non-Indexable,
https://www.edc.ca/en/solutions/financing/investments.html,OK,Indexable,Investments | EDC
https://www.edc.ca/en/solutions/financing/purchase-order-financing.html,Moved Permanently,Non-Indexable,
https://www.edc.ca/en/solutions/financing/structured-project-finance.html,OK,Indexable,Structured and Project Finance | EDC
https://www.edc.ca/en/solutions/insurance.html,Found,Non-Indexable,
https://www.edc.ca/en/solutions/insurance/credit-insurance.html,OK,Indexable,Trade credit insurance | EDC
https://www.edc.ca/en/solutions/insurance/credit-insurance/portfolio-credit-insurance.html,OK,Indexable,Portfolio Credit Insurance | EDC
https://www.edc.ca/en/solutions/insurance/credit-insurance/select-credit-insurance.html,OK,Indexable,Select Credit Insurance | EDC
https://www.edc.ca/en/solutions/insurance/edc-select-credit-insurance.html,Moved Permanently,Non-Indexable,
https://www.edc.ca/en/solutions/insurance/portfolio-credit-insurance.html,Moved Permanently,Non-Indexable,
https://www.edc.ca/en/solutions/knowledge-and-advisory.html,OK,Non-Indexable,Knowledge & Advisory | EDC
https://www.edc.ca/en/solutions/knowledge-and-advisory/connect-to-global-opportunities.html,OK,Non-Indexable,Connect to Global Opportunities | EDC
https://www.edc.ca/en/solutions/knowledge-and-advisory/coralus.html,Found,Non-Indexable,
https://www.edc.ca/en/solutions/knowledge-and-advisory/find-qualified-service-providers.html,OK,Non-Indexable,Find Qualified Freight Forwarders | EDC
https://www.edc.ca/en/solutions/knowledge-and-advisory/get-export-help-and-trade-advice.html,OK,Non-Indexable,Get Export Help & Trade Advice | EDC
https://www.edc.ca/en/solutions/knowledge-and-advisory/learn-with-edc-x-fitt-lite-learning-series.html,OK,Non-Indexable,Learn with EDC x FITT Lite Learning Series | EDC
https://www.edc.ca/en/solutions/knowledge-and-advisory/myedc.html,OK,Non-Indexable,MyEDC | EDC
https://www.edc.ca/en/solutions/knowledge-and-advisory/search-international-companies.html,OK,Non-Indexable,Search International Companies | EDC
https://www.edc.ca/en/solutions/working-capital-guarantees.html,OK,Indexable,Working capital guarantees | EDC
https://www.edc.ca/en/solutions/working-capital-guarantees/account-performance-security-guarantee.html,OK,Indexable,Account Performance Security Guarantee | EDC
https://www.edc.ca/en/solutions/working-capital-guarantees/export-guarantee-program.html,OK,Indexable,Export Guarantee Program | EDC
https://www.edc.ca/en/solutions/working-capital-guarantees/foreign-exchange-facility-guarantee.html,OK,Indexable,Foreign Exchange Facility Guarantee | EDC
https://www.edc.ca/en/solutions/working-capital-guarantees/trade-expansion-lending-program.html,OK,Indexable,Trade Expansion Lending Program | EDC
https://www.edc.ca/en/solutions/working-capital.html,Moved Permanently,Non-Indexable,
https://www.edc.ca/en/solutions/working-capital/bcap-guarantee.html,OK,Non-Indexable,EDC Business Credit Availability Program (BCAP) Guarantee | EDC
https://www.edc.ca/en/solutions/working-capital/foreign-exchange-facility-guarantee-guide.html,OK,Non-Indexable,Is your FX hedging strategy working for you? | EDC
https://www.edc.ca/en/solutions/working-capital/guide-account-performance-security-guarantee.html,OK,Non-Indexable,Export working capital solutions: Free up cash to grow  | EDC
https://www.edc.ca/en/solutions/working-capital/surety-bond-insurance.html,OK,Indexable,Surety Bond Insurance | Export Development Canada
https://www.edc.ca/en/solutions/working-capital/trade-recovery-guarantee.html,OK,Non-Indexable,Trade Recovery Guarantee | EDC
https://www.edc.ca/en/solutions/working-capital/working-capital-guarantees.html,Found,Non-Indexable,
https://www.edc.ca/en/solutions/working-capital/working-capital-guarantees/account-performance-security-guarantee.html,Found,Non-Indexable,
https://www.edc.ca/en/solutions/working-capital/working-capital-guarantees/export-guarantee-program.html,Found,Non-Indexable,
https://www.edc.ca/en/solutions/working-capital/working-capital-guarantees/foreign-exchange-facility-guarantee.html,Found,Non-Indexable,
https://www.edc.ca/en/solutions/working-capital/working-capital-guarantees/trade-expansion-lending-program.html,Found,Non-Indexable,
https://www.edc.ca/en/subscribe.html,OK,Indexable,Subscribe | EDC
https://www.edc.ca/en/success-stories.html,OK,Indexable,Success Stories | EDC
https://www.edc.ca/en/success-stories/acadian-seaplants.html,OK,Indexable,Acadian Seaplants Limited | EDC
https://www.edc.ca/en/success-stories/ackroo.html,OK,Indexable,Ackroo | EDC
https://www.edc.ca/en/success-stories/aka-cleantech-apsg.html,OK,Indexable,AKA: Charting their course to success | EDC
https://www.edc.ca/en/success-stories/aquatic-life.html,OK,Indexable,Aquatic Life | EDC
https://www.edc.ca/en/success-stories/aspin-kemp-and-associates.html,OK,Indexable,Aspin Kemp & Associates | EDC
https://www.edc.ca/en/success-stories/avenex-coating-technologies-inc.html,OK,Indexable,AvenEx Coating Technologies Inc. | EDC
https://www.edc.ca/en/success-stories/averna-solutions.html,OK,Indexable,Averna | EDC
https://www.edc.ca/en/success-stories/baanto.html,OK,Indexable,Baanto | EDC
https://www.edc.ca/en/success-stories/bcap-helps-real-earth-bounty.html,OK,Indexable,"Company navigates COVID-19 with RBC, EDC help | EDC"
https://www.edc.ca/en/success-stories/canadian-coffee-exporter-scales-sustainably.html,OK,Indexable,Canadian coffee exporter scales sustainably | EDC
https://www.edc.ca/en/success-stories/ciele-athletics.html,OK,Indexable,"Ciele Athletics: Performance, protection and seamless style | EDC"
https://www.edc.ca/en/success-stories/clarius-success-story.html,OK,Indexable,Clarius: Scanning the globe for opportunities | EDC
https://www.edc.ca/en/success-stories/compass-food-sales-global-trade.html,OK,Indexable,Compass Food Sales global trade | EDC
https://www.edc.ca/en/success-stories/coulson-aviation-indo-pacific-expansion.html,OK,Indexable,Coulson Aviation expands in the Asia-Pacific | EDC
https://www.edc.ca/en/success-stories/creos.html,OK,Indexable,Creos | EDC
https://www.edc.ca/en/success-stories/cubehx.html,OK,Indexable,CubeHX | EDC
https://www.edc.ca/en/success-stories/deebees-organics.html,OK,Indexable,DeeBee’s Organics Inc. | EDC
https://www.edc.ca/en/success-stories/dialogue.html,OK,Indexable,Dialogue: Making health care accessible from your smartphone | EDC
https://www.edc.ca/en/success-stories/ecopia.html,Moved Permanently,Non-Indexable,
https://www.edc.ca/en/success-stories/effenco-cleantech.html,Found,Non-Indexable,
https://www.edc.ca/en/success-stories/effenco-fxg.html,OK,Non-Indexable,Effenco: Foreign exchange solution for a heavy-duty customer | EDC
https://www.edc.ca/en/success-stories/energold-drilling.html,OK,Indexable,Energold Drilling Corp. | EDC
https://www.edc.ca/en/success-stories/escape-manor.html,OK,Indexable,Escape Manor | EDC
https://www.edc.ca/en/success-stories/expanding-to-mexico-storkcraft-global-diversification-strategy.html,OK,Indexable,Expanding to Mexico: Storkcraft’s diversification strategy | EDC
https://www.edc.ca/en/success-stories/exporting-sustainable-mining-technology-worldwide.html,OK,Indexable,Exporting sustainable mining technology worldwide | EDC
https://www.edc.ca/en/success-stories/fiix.html,OK,Indexable,Fiix | EDC
https://www.edc.ca/en/success-stories/food-trucks-international.html,OK,Indexable,Food Trucks International | EDC
https://www.edc.ca/en/success-stories/g2v-cleantech.html,OK,Indexable,G2V Optics: Casting light on critical sectors | EDC
https://www.edc.ca/en/success-stories/genecis-bioindustries-takes-circular-economy-to-the-next-level.html,OK,Indexable,Genecis Bioindustries Success story | EDC
https://www.edc.ca/en/success-stories/gidney-fisheries.html,OK,Indexable,Gidney Fisheries Limited | EDC
https://www.edc.ca/en/success-stories/gobolt-scaling-sustainable-logistics-across-borders.html,OK,Indexable,GoBolt: Scaling sustainable logistics across borders | EDC
https://www.edc.ca/en/success-stories/grace-and-stella.html,OK,Indexable,Grace and Stella Co. | EDC
https://www.edc.ca/en/success-stories/green-power-labs-inc.html,OK,Indexable,Green Power Labs Inc. | EDC
https://www.edc.ca/en/success-stories/h2tek-meeting-giants.html,OK,Indexable,H2 Tek: Getting a meeting with the giants | EDC
https://www.edc.ca/en/success-stories/handling-specialty.html,OK,Indexable,Handling Specialty | EDC
https://www.edc.ca/en/success-stories/imax.html,OK,Indexable,IMAX: Canada’s cinematic storytellers | EDC
https://www.edc.ca/en/success-stories/indigenous-entrepreneur-reconnects-people-to-land.html,OK,Indexable,Yukon Soaps Company reconnects people to the land | EDC
https://www.edc.ca/en/success-stories/intelcan.html,OK,Indexable,Intelcan Technosystems Inc. | EDC
https://www.edc.ca/en/success-stories/konrad.html,OK,Indexable,Konrad Group | EDC
https://www.edc.ca/en/success-stories/kraken-robotics.html,OK,Indexable,Kraken Robotics Inc. | EDC
https://www.edc.ca/en/success-stories/led-roadway-lighting.html,OK,Indexable,LED Roadway Lighting | EDC
https://www.edc.ca/en/success-stories/maxy-media.html,OK,Indexable,Maxy Media | EDC
https://www.edc.ca/en/success-stories/mellohawk.html,OK,Indexable,MELLOHAWK Logistics | EDC
https://www.edc.ca/en/success-stories/metocean-telematics.html,OK,Indexable,MetOcean Telematics | EDC
https://www.edc.ca/en/success-stories/miovision-sustainability-opportunities-ahead.html,OK,Indexable,Miovision: sustainability opportunities ahead | EDC
https://www.edc.ca/en/success-stories/mltc-indigenous-economic-development-corporation.html,OK,Indexable,Customer stories: Meadow Lake Tribal Council | EDC
https://www.edc.ca/en/success-stories/muttluks.html,OK,Indexable,Muttluks: How a dog accessory company went global | EDC
https://www.edc.ca/en/success-stories/nanometrics.html,OK,Indexable,Nanometrics: Finding opportunity in uncertain places | EDC
https://www.edc.ca/en/success-stories/natursource-export-success-in-indo-pacific-markets.html,OK,Indexable,naturSource: Export success in Indo-Pacific markets | EDC
https://www.edc.ca/en/success-stories/nix-sensor.html,OK,Indexable,Nix Sensor | EDC
https://www.edc.ca/en/success-stories/nova-craft-canoe.html,OK,Indexable,Nova Craft Canoe – balancing commerce with culture | EDC
https://www.edc.ca/en/success-stories/open-farm.html,OK,Indexable,Open Farm | EDC
https://www.edc.ca/en/success-stories/perkuto.html,OK,Indexable,Solving marketing challenges took Perkuto to international markets - EDC
https://www.edc.ca/en/success-stories/real-by-fake.html,OK,Indexable,Planting a flag in Hollywood | EDC
https://www.edc.ca/en/success-stories/sea-star-seafoods.html,OK,Indexable,Sea Star Seafoods: The Atlantic’s Flagship | EDC
https://www.edc.ca/en/success-stories/simmons-edeco.html,OK,Indexable,"‘Confidence, connections and cash’ helped this energy company succeed internationally | EDC"
https://www.edc.ca/en/success-stories/smart-sweets.html,OK,Indexable,Smart Sweets | EDC
https://www.edc.ca/en/success-stories/solace-power.html,OK,Indexable,Solace Power | EDC
https://www.edc.ca/en/success-stories/targray.html,OK,Indexable,Targray | EDC
https://www.edc.ca/en/success-stories/three-farmers-indo-pacific-expansion.html,OK,Indexable,Three Farmers Foods explores the Asia-Pacific | EDC
https://www.edc.ca/en/success-stories/tilesinspired.html,OK,Indexable,"TilesInspired hits a wall with trade questions, gets answers from EDC | EDC"
https://www.edc.ca/en/success-stories/titan-environmental-containment.html,OK,Indexable,Titan Environmental  Containment | EDC
https://www.edc.ca/en/success-stories/tornado-spectral-systems.html,OK,Indexable,Tornado Spectral Systems: Shedding light on chemical measurement around the globe | EDC
https://www.edc.ca/en/success-stories/vive-crop-protection.html,OK,Indexable,Vive Crop Protection | EDC
https://www.edc.ca/en/success-stories/waterax.html,OK,Indexable,WATERAX Inc. | EDC
https://www.edc.ca/en/success-stories/wuxly.html,OK,Indexable,Wuxly | EDC
https://www.edc.ca/en/support.html,Found,Non-Indexable,
https://www.edc.ca/en/support/topics.html,Found,Non-Indexable,
https://www.edc.ca/en/support/topics/credit-insurance.html,OK,Indexable,Credit insurance help & support | EDC
https://www.edc.ca/en/support/topics/credit-insurance/contact.html,OK,Indexable,Contact Us | Credit insurance | EDC
https://www.edc.ca/en/support/topics/credit-insurance/enhanced-pci-platform.html,OK,Indexable,Using the Enhanced PCI Platform – Support | EDC
https://www.edc.ca/en/support/topics/credit-insurance/forms.html,OK,Indexable,Forms & Resources | EDC
https://www.edc.ca/en/support/topics/credit-insurance/managing-your-policy.html,OK,Indexable,Managing your policy | EDC
https://www.edc.ca/en/support/topics/credit-insurance/managing-your-policy/benefits.html,OK,Indexable,Policy benefits | EDC
https://www.edc.ca/en/support/topics/credit-insurance/managing-your-policy/declaring-sales.html,OK,Indexable,Declaring sales | EDC
https://www.edc.ca/en/support/topics/credit-insurance/managing-your-policy/documents.html,OK,Indexable,Policy documents | EDC
https://www.edc.ca/en/support/topics/credit-insurance/managing-your-policy/establishing-credit-limits.html,OK,Indexable,Establishing credit limits | EDC
https://www.edc.ca/en/support/topics/credit-insurance/managing-your-policy/pay-premium-fees.html,OK,Indexable,Pay premium and fees | EDC
https://www.edc.ca/en/support/topics/credit-insurance/managing-your-policy/preventing-minimizing-loss.html,OK,Indexable,Submitting overdue accounts and claims | EDC
https://www.edc.ca/en/support/topics/credit-insurance/managing-your-policy/verifying-sale.html,OK,Indexable,Verifying your sale | EDC
https://www.edc.ca/en/support/topics/credit-insurance/using-credit-insurance-platform.html,OK,Indexable,Using the credit insurance platform | EDC
https://www.edc.ca/en/support/topics/credit-insurance/using-credit-insurance-platform/declarations.html,OK,Indexable,Declarations | Credit insurance | EDC
https://www.edc.ca/en/support/topics/credit-insurance/using-credit-insurance-platform/declarations/amend-declaration.html,OK,Indexable,How to amend a declaration | EDC
https://www.edc.ca/en/support/topics/credit-insurance/using-credit-insurance-platform/declarations/make-declaration.html,OK,Indexable,How to make a declaration | EDC
https://www.edc.ca/en/support/topics/credit-insurance/using-credit-insurance-platform/discretionary-credit-limit.html,OK,Indexable,Discretionary Credit Limit | EDC
https://www.edc.ca/en/support/topics/credit-insurance/using-credit-insurance-platform/getting-started.html,OK,Indexable,Getting started with credit insurance | EDC
https://www.edc.ca/en/support/topics/credit-insurance/using-credit-insurance-platform/getting-started/add-user.html,OK,Indexable,How to add a user | EDC
https://www.edc.ca/en/support/topics/credit-insurance/using-credit-insurance-platform/getting-started/login.html,OK,Indexable,How to login | Credit insurance | EDC
https://www.edc.ca/en/support/topics/credit-insurance/using-credit-insurance-platform/getting-started/set-user-preferences.html,OK,Indexable,How to set user preferences | EDC
https://www.edc.ca/en/support/topics/credit-insurance/using-credit-insurance-platform/invoicing-statements.html,OK,Indexable,Invoicing and statements (Ebilling) | EDC
https://www.edc.ca/en/support/topics/credit-insurance/using-credit-insurance-platform/invoicing-statements/login.html,OK,Indexable,How to login (Ebilling) | EDC
https://www.edc.ca/en/support/topics/credit-insurance/using-credit-insurance-platform/invoicing-statements/register-pre-authorized-debit-payments.html,OK,Indexable,How to sign up for pre-authorized debit | EDC
https://www.edc.ca/en/support/topics/credit-insurance/using-credit-insurance-platform/invoicing-statements/view-account-balance.html,OK,Indexable,How to view your account balance | EDC
https://www.edc.ca/en/support/topics/credit-insurance/using-credit-insurance-platform/invoicing-statements/view-invoices.html,OK,Indexable,How to view your invoices | EDC
https://www.edc.ca/en/support/topics/credit-insurance/using-credit-insurance-platform/invoicing-statements/view-past-due-amounts.html,OK,Indexable,How to view past dues | EDC
https://www.edc.ca/en/support/topics/credit-insurance/using-credit-insurance-platform/invoicing-statements/view-payment-history.html,OK,Indexable,How to view your payment history | EDC
https://www.edc.ca/en/support/topics/credit-insurance/using-credit-insurance-platform/invoicing-statements/view-statement-of-account.html,OK,Indexable,How to view your statement of account | EDC
https://www.edc.ca/en/support/topics/credit-insurance/using-credit-insurance-platform/manage-buyers.html,OK,Indexable,Manage buyers | EDC
https://www.edc.ca/en/support/topics/credit-insurance/using-credit-insurance-platform/manage-buyers/add-bank-request-credit-approval.html,OK,Indexable,How to add a bank and request a credit approval | EDC
https://www.edc.ca/en/support/topics/credit-insurance/using-credit-insurance-platform/manage-buyers/additional-information-credit-approval.html,OK,Indexable,How to add additional info to your credit request | EDC
https://www.edc.ca/en/support/topics/credit-insurance/using-credit-insurance-platform/manage-buyers/change-credit-limit.html,OK,Indexable,"How to increase, decrease or cancel a credit limit on a buyer | EDC"
https://www.edc.ca/en/support/topics/credit-insurance/using-credit-insurance-platform/manage-buyers/credit-limit-status.html,OK,Indexable,How to review the status of a credit approval | EDC
https://www.edc.ca/en/support/topics/credit-insurance/using-credit-insurance-platform/manage-buyers/provide-additional-information-for-credit-approval-requests.html,OK,Indexable,How to provide more information for a credit request | EDC
https://www.edc.ca/en/support/topics/credit-insurance/using-credit-insurance-platform/manage-buyers/request-credit-approval.html,OK,Indexable,How to add a buyer and request a credit approval | EDC
https://www.edc.ca/en/support/topics/credit-insurance/using-credit-insurance-platform/manage-buyers/view-approve-buyers.html,OK,Indexable,How to view your list of approved buyers | EDC
https://www.edc.ca/en/support/topics/credit-insurance/using-credit-insurance-platform/overdues-claims.html,OK,Indexable,Overdues and claims | Credit insurance | EDC
https://www.edc.ca/en/support/topics/credit-insurance/using-credit-insurance-platform/overdues-claims/report-overdue-buyer.html,OK,Indexable,How to report an overdue buyer | EDC
https://www.edc.ca/en/support/topics/credit-insurance/using-credit-insurance-platform/overdues-claims/submit-claim.html,OK,Indexable,How to submit a claim | EDC
https://www.edc.ca/en/support/topics/credit-insurance/using-credit-insurance-platform/policy-details.html,OK,Indexable,Policy details | EDC
https://www.edc.ca/en/support/topics/credit-insurance/using-credit-insurance-platform/policy-details/accept-reject-policy-offer.html,OK,Indexable,How to accept or decline a policy offer | EDC
https://www.edc.ca/en/support/topics/credit-insurance/using-credit-insurance-platform/policy-details/change-policy.html,OK,Indexable,How to make changes to your policy | EDC
https://www.edc.ca/en/support/topics/credit-insurance/using-credit-insurance-platform/policy-details/my-alerts.html,OK,Indexable,Using My Alerts | EDC
https://www.edc.ca/en/support/topics/credit-insurance/using-credit-insurance-platform/policy-details/renewal.html,OK,Indexable,How to renew your policy | EDC
https://www.edc.ca/en/support/topics/credit-insurance/using-credit-insurance-platform/policy-details/request-direction-to-pay.html,OK,Indexable,How to request or change a direction to pay | EDC
https://www.edc.ca/en/support/topics/credit-insurance/using-credit-insurance-platform/policy-details/view-policy-details.html,OK,Indexable,How to view policy details | EDC
https://www.edc.ca/en/support/topics/credit-insurance/using-credit-insurance-platform/register-apply.html,OK,Indexable,Register and apply | EDC
https://www.edc.ca/en/support/topics/credit-insurance/using-credit-insurance-platform/register-apply/application.html,Found,Non-Indexable,
https://www.edc.ca/en/support/topics/credit-insurance/using-credit-insurance-platform/register-apply/completing-submission.html,OK,Indexable,Completing the application submission | EDC
https://www.edc.ca/en/support/topics/credit-insurance/using-credit-insurance-platform/register-apply/locating-form-status.html,OK,Indexable,Locate your application form and status | EDC
https://www.edc.ca/en/support/topics/credit-insurance/using-credit-insurance-platform/tracking-reporting.html,OK,Indexable,Tracking and reporting | EDC
https://www.edc.ca/en/support/topics/credit-insurance/using-credit-insurance-platform/tracking-reporting/access-email-archive.html,OK,Indexable,How to access email archive | EDC
https://www.edc.ca/en/support/topics/credit-insurance/using-credit-insurance-platform/tracking-reporting/view-buyer-reports.html,OK,Indexable,How to view buyer reports | EDC
https://www.edc.ca/en/support/topics/credit-insurance/whats-new.html,OK,Indexable,What’s new | EDC
https://www.edc.ca/en/tag.html,Moved Permanently,Non-Indexable,
https://www.edc.ca/en/tag/accessing-capital-rd.html,Blocked by robots.txt,Non-Indexable,
https://www.edc.ca/en/tag/accessing-more-money.html,Blocked by robots.txt,Non-Indexable,
https://www.edc.ca/en/tag/account-performance-security-guarantee.html,Blocked by robots.txt,Non-Indexable,
https://www.edc.ca/en/tag/acquire-new.html,Blocked by robots.txt,Non-Indexable,
https://www.edc.ca/en/tag/advanced-security.html,Blocked by robots.txt,Non-Indexable,
https://www.edc.ca/en/tag/aerospace.html,Blocked by robots.txt,Non-Indexable,
https://www.edc.ca/en/tag/afghanistan.html,Blocked by robots.txt,Non-Indexable,
https://www.edc.ca/en/tag/africa-middle-east.html,Blocked by robots.txt,Non-Indexable,
https://www.edc.ca/en/tag/agriculture.html,Blocked by robots.txt,Non-Indexable,
https://www.edc.ca/en/tag/aland-islands.html,Blocked by robots.txt,Non-Indexable,
https://www.edc.ca/en/tag/albania.html,Blocked by robots.txt,Non-Indexable,
https://www.edc.ca/en/tag/alberta.html,Blocked by robots.txt,Non-Indexable,
https://www.edc.ca/en/tag/algeria.html,Blocked by robots.txt,Non-Indexable,
https://www.edc.ca/en/tag/american-samoa.html,Blocked by robots.txt,Non-Indexable,
https://www.edc.ca/en/tag/andean.html,Blocked by robots.txt,Non-Indexable,
https://www.edc.ca/en/tag/andorra.html,Blocked by robots.txt,Non-Indexable,
https://www.edc.ca/en/tag/angola.html,Blocked by robots.txt,Non-Indexable,
https://www.edc.ca/en/tag/anguilla.html,Blocked by robots.txt,Non-Indexable,
https://www.edc.ca/en/tag/anti-corruption.html,Blocked by robots.txt,Non-Indexable,
https://www.edc.ca/en/tag/antigua-barbuda.html,Blocked by robots.txt,Non-Indexable,
https://www.edc.ca/en/tag/argentina.html,Blocked by robots.txt,Non-Indexable,
https://www.edc.ca/en/tag/armenia.html,Blocked by robots.txt,Non-Indexable,
https://www.edc.ca/en/tag/aruba.html,Blocked by robots.txt,Non-Indexable,
https://www.edc.ca/en/tag/asia-pacific.html,Blocked by robots.txt,Non-Indexable,
https://www.edc.ca/en/tag/australia.html,Blocked by robots.txt,Non-Indexable,
https://www.edc.ca/en/tag/austria.html,Blocked by robots.txt,Non-Indexable,
https://www.edc.ca/en/tag/automotive-heavy-truck.html,Blocked by robots.txt,Non-Indexable,
https://www.edc.ca/en/tag/azerbaijan.html,Blocked by robots.txt,Non-Indexable,
https://www.edc.ca/en/tag/bahamas.html,Blocked by robots.txt,Non-Indexable,
https://www.edc.ca/en/tag/bahrain.html,Blocked by robots.txt,Non-Indexable,
https://www.edc.ca/en/tag/bangladesh.html,Blocked by robots.txt,Non-Indexable,
https://www.edc.ca/en/tag/barbados.html,Blocked by robots.txt,Non-Indexable,
https://www.edc.ca/en/tag/bcap-mid-market.html,Blocked by robots.txt,Non-Indexable,
https://www.edc.ca/en/tag/being-competitive.html,Blocked by robots.txt,Non-Indexable,
https://www.edc.ca/en/tag/belarus.html,Blocked by robots.txt,Non-Indexable,
https://www.edc.ca/en/tag/belgium.html,Blocked by robots.txt,Non-Indexable,
https://www.edc.ca/en/tag/belize.html,Blocked by robots.txt,Non-Indexable,
https://www.edc.ca/en/tag/benin.html,Blocked by robots.txt,Non-Indexable,
https://www.edc.ca/en/tag/bermuda.html,Blocked by robots.txt,Non-Indexable,
https://www.edc.ca/en/tag/bhutan.html,Blocked by robots.txt,Non-Indexable,
https://www.edc.ca/en/tag/bio-refinery-products.html,Blocked by robots.txt,Non-Indexable,
https://www.edc.ca/en/tag/bolivia.html,Blocked by robots.txt,Non-Indexable,
https://www.edc.ca/en/tag/bonaire-sint-eustatius-saba.html,Blocked by robots.txt,Non-Indexable,
https://www.edc.ca/en/tag/bosnia-herzegovina.html,Blocked by robots.txt,Non-Indexable,
https://www.edc.ca/en/tag/botswana.html,Blocked by robots.txt,Non-Indexable,
https://www.edc.ca/en/tag/bouvet-island.html,Blocked by robots.txt,Non-Indexable,
https://www.edc.ca/en/tag/brazil-southern-cone.html,Blocked by robots.txt,Non-Indexable,
https://www.edc.ca/en/tag/brazil.html,Blocked by robots.txt,Non-Indexable,
https://www.edc.ca/en/tag/brexit.html,Blocked by robots.txt,Non-Indexable,
https://www.edc.ca/en/tag/british-columbia.html,Blocked by robots.txt,Non-Indexable,
https://www.edc.ca/en/tag/british-indian-ocean-territory.html,Blocked by robots.txt,Non-Indexable,
https://www.edc.ca/en/tag/brunei-darussalam.html,Blocked by robots.txt,Non-Indexable,
https://www.edc.ca/en/tag/build-an-export-plan.html,Blocked by robots.txt,Non-Indexable,
https://www.edc.ca/en/tag/build-business-plan.html,Blocked by robots.txt,Non-Indexable,
https://www.edc.ca/en/tag/build-networks-in-market.html,Blocked by robots.txt,Non-Indexable,
https://www.edc.ca/en/tag/building-commercialization-infrastructure.html,Blocked by robots.txt,Non-Indexable,
https://www.edc.ca/en/tag/bulgaria.html,Blocked by robots.txt,Non-Indexable,
https://www.edc.ca/en/tag/burkina-faso.html,Blocked by robots.txt,Non-Indexable,
https://www.edc.ca/en/tag/burundi.html,Blocked by robots.txt,Non-Indexable,
https://www.edc.ca/en/tag/cabo-verde.html,Blocked by robots.txt,Non-Indexable,
https://www.edc.ca/en/tag/cambodia.html,Blocked by robots.txt,Non-Indexable,
https://www.edc.ca/en/tag/cameroon.html,Blocked by robots.txt,Non-Indexable,
https://www.edc.ca/en/tag/canada.html,Blocked by robots.txt,Non-Indexable,
https://www.edc.ca/en/tag/caribbean.html,Blocked by robots.txt,Non-Indexable,
https://www.edc.ca/en/tag/cayman-islands.html,Blocked by robots.txt,Non-Indexable,
https://www.edc.ca/en/tag/central-african-republic.html,Blocked by robots.txt,Non-Indexable,
https://www.edc.ca/en/tag/central-america.html,Blocked by robots.txt,Non-Indexable,
https://www.edc.ca/en/tag/ceta.html,Blocked by robots.txt,Non-Indexable,
https://www.edc.ca/en/tag/chad.html,Blocked by robots.txt,Non-Indexable,
https://www.edc.ca/en/tag/chile.html,Blocked by robots.txt,Non-Indexable,
https://www.edc.ca/en/tag/china.html,Blocked by robots.txt,Non-Indexable,
https://www.edc.ca/en/tag/christmas-island.html,Blocked by robots.txt,Non-Indexable,
https://www.edc.ca/en/tag/cleantech.html,Blocked by robots.txt,Non-Indexable,
https://www.edc.ca/en/tag/cocos-keeling-islands.html,Blocked by robots.txt,Non-Indexable,
https://www.edc.ca/en/tag/colombia.html,Blocked by robots.txt,Non-Indexable,
https://www.edc.ca/en/tag/comoros.html,Blocked by robots.txt,Non-Indexable,
https://www.edc.ca/en/tag/congo-drc.html,Blocked by robots.txt,Non-Indexable,
https://www.edc.ca/en/tag/congo-republic-of.html,Blocked by robots.txt,Non-Indexable,
https://www.edc.ca/en/tag/construction-infrastructure.html,Blocked by robots.txt,Non-Indexable,
https://www.edc.ca/en/tag/consumer-goods.html,Blocked by robots.txt,Non-Indexable,
https://www.edc.ca/en/tag/cook-islands.html,Blocked by robots.txt,Non-Indexable,
https://www.edc.ca/en/tag/costa-rica.html,Blocked by robots.txt,Non-Indexable,
https://www.edc.ca/en/tag/cote-divoire.html,Blocked by robots.txt,Non-Indexable,
https://www.edc.ca/en/tag/covid-19.html,Blocked by robots.txt,Non-Indexable,
https://www.edc.ca/en/tag/creating-contracts.html,Blocked by robots.txt,Non-Indexable,
https://www.edc.ca/en/tag/creating-international-strategy.html,Blocked by robots.txt,Non-Indexable,
https://www.edc.ca/en/tag/croatia.html,Blocked by robots.txt,Non-Indexable,
https://www.edc.ca/en/tag/cuba.html,Blocked by robots.txt,Non-Indexable,
https://www.edc.ca/en/tag/culture-language-differences.html,Blocked by robots.txt,Non-Indexable,
https://www.edc.ca/en/tag/curacao.html,Blocked by robots.txt,Non-Indexable,
https://www.edc.ca/en/tag/cusma.html,Blocked by robots.txt,Non-Indexable,
https://www.edc.ca/en/tag/customs-requirements.html,Blocked by robots.txt,Non-Indexable,
https://www.edc.ca/en/tag/cyprus.html,Blocked by robots.txt,Non-Indexable,
https://www.edc.ca/en/tag/czech-republic.html,Blocked by robots.txt,Non-Indexable,
https://www.edc.ca/en/tag/delivering-your-goods.html,Blocked by robots.txt,Non-Indexable,
https://www.edc.ca/en/tag/denmark.html,Blocked by robots.txt,Non-Indexable,
https://www.edc.ca/en/tag/djibouti.html,Blocked by robots.txt,Non-Indexable,
https://www.edc.ca/en/tag/dominica.html,Blocked by robots.txt,Non-Indexable,
https://www.edc.ca/en/tag/dominican-republic.html,Blocked by robots.txt,Non-Indexable,
https://www.edc.ca/en/tag/e-commerce.html,Blocked by robots.txt,Non-Indexable,
https://www.edc.ca/en/tag/eastern-europe.html,Blocked by robots.txt,Non-Indexable,
https://www.edc.ca/en/tag/economic-insights.html,Blocked by robots.txt,Non-Indexable,
https://www.edc.ca/en/tag/ecuador.html,Blocked by robots.txt,Non-Indexable,
https://www.edc.ca/en/tag/edc-api-capex.html,Blocked by robots.txt,Non-Indexable,
https://www.edc.ca/en/tag/edc-at-75.html,Blocked by robots.txt,Non-Indexable,
https://www.edc.ca/en/tag/edc-bcap-guarantee.html,Blocked by robots.txt,Non-Indexable,
https://www.edc.ca/en/tag/edc-credit-insurance.html,Blocked by robots.txt,Non-Indexable,
https://www.edc.ca/en/tag/efta.html,Blocked by robots.txt,Non-Indexable,
https://www.edc.ca/en/tag/egypt.html,Blocked by robots.txt,Non-Indexable,
https://www.edc.ca/en/tag/el-salvador.html,Blocked by robots.txt,Non-Indexable,
https://www.edc.ca/en/tag/enhance-expertise.html,Blocked by robots.txt,Non-Indexable,
https://www.edc.ca/en/tag/ensuring-customers-pay.html,Blocked by robots.txt,Non-Indexable,
https://www.edc.ca/en/tag/enter-target-markets.html,Blocked by robots.txt,Non-Indexable,
https://www.edc.ca/en/tag/environmental-social-and-governance.html,Blocked by robots.txt,Non-Indexable,
https://www.edc.ca/en/tag/equatorial-guinea.html,Blocked by robots.txt,Non-Indexable,
https://www.edc.ca/en/tag/eritrea.html,Blocked by robots.txt,Non-Indexable,
https://www.edc.ca/en/tag/estonia.html,Blocked by robots.txt,Non-Indexable,
https://www.edc.ca/en/tag/ethiopia.html,Blocked by robots.txt,Non-Indexable,
https://www.edc.ca/en/tag/europe-cis.html,Blocked by robots.txt,Non-Indexable,
https://www.edc.ca/en/tag/executive-insights.html,Blocked by robots.txt,Non-Indexable,
https://www.edc.ca/en/tag/export-guarantee-program.html,Blocked by robots.txt,Non-Indexable,
https://www.edc.ca/en/tag/exporting-101.html,Blocked by robots.txt,Non-Indexable,
https://www.edc.ca/en/tag/falkl-islands-malvinas.html,Blocked by robots.txt,Non-Indexable,
https://www.edc.ca/en/tag/faroe-islands.html,Blocked by robots.txt,Non-Indexable,
https://www.edc.ca/en/tag/fiji.html,Blocked by robots.txt,Non-Indexable,
https://www.edc.ca/en/tag/financial-institutions.html,Blocked by robots.txt,Non-Indexable,
https://www.edc.ca/en/tag/finding-customers.html,Blocked by robots.txt,Non-Indexable,
https://www.edc.ca/en/tag/finding-local-agents-legal-reps.html,Blocked by robots.txt,Non-Indexable,
https://www.edc.ca/en/tag/finding-skilled-talent.html,Blocked by robots.txt,Non-Indexable,
https://www.edc.ca/en/tag/finding-suppliers-partners.html,Blocked by robots.txt,Non-Indexable,
https://www.edc.ca/en/tag/finland.html,Blocked by robots.txt,Non-Indexable,
https://www.edc.ca/en/tag/fisheries.html,Blocked by robots.txt,Non-Indexable,
https://www.edc.ca/en/tag/fluctuating-currency.html,Blocked by robots.txt,Non-Indexable,
https://www.edc.ca/en/tag/food-beverage.html,Blocked by robots.txt,Non-Indexable,
https://www.edc.ca/en/tag/foreign-exchange-facility-guarantee.html,Blocked by robots.txt,Non-Indexable,
https://www.edc.ca/en/tag/forestry.html,Blocked by robots.txt,Non-Indexable,
https://www.edc.ca/en/tag/france.html,Blocked by robots.txt,Non-Indexable,
https://www.edc.ca/en/tag/french-guiana.html,Blocked by robots.txt,Non-Indexable,
https://www.edc.ca/en/tag/french-polynesia.html,Blocked by robots.txt,Non-Indexable,
https://www.edc.ca/en/tag/french-southern-territories.html,Blocked by robots.txt,Non-Indexable,
https://www.edc.ca/en/tag/gabon.html,Blocked by robots.txt,Non-Indexable,
https://www.edc.ca/en/tag/gambia.html,Blocked by robots.txt,Non-Indexable,
https://www.edc.ca/en/tag/general.html,Blocked by robots.txt,Non-Indexable,
https://www.edc.ca/en/tag/georgia.html,Blocked by robots.txt,Non-Indexable,
https://www.edc.ca/en/tag/germany.html,Blocked by robots.txt,Non-Indexable,
https://www.edc.ca/en/tag/ghana.html,Blocked by robots.txt,Non-Indexable,
https://www.edc.ca/en/tag/gibraltar.html,Blocked by robots.txt,Non-Indexable,
https://www.edc.ca/en/tag/grants.html,Blocked by robots.txt,Non-Indexable,
https://www.edc.ca/en/tag/greece.html,Blocked by robots.txt,Non-Indexable,
https://www.edc.ca/en/tag/greenland.html,Blocked by robots.txt,Non-Indexable,
https://www.edc.ca/en/tag/grenada.html,Blocked by robots.txt,Non-Indexable,
https://www.edc.ca/en/tag/grow-export-sales.html,Blocked by robots.txt,Non-Indexable,
https://www.edc.ca/en/tag/grow-volume.html,Blocked by robots.txt,Non-Indexable,
https://www.edc.ca/en/tag/guadeloupe.html,Blocked by robots.txt,Non-Indexable,
https://www.edc.ca/en/tag/guam.html,Blocked by robots.txt,Non-Indexable,
https://www.edc.ca/en/tag/guatemala.html,Blocked by robots.txt,Non-Indexable,
https://www.edc.ca/en/tag/guernsey.html,Blocked by robots.txt,Non-Indexable,
https://www.edc.ca/en/tag/guinea-bissau.html,Blocked by robots.txt,Non-Indexable,
https://www.edc.ca/en/tag/guinea.html,Blocked by robots.txt,Non-Indexable,
https://www.edc.ca/en/tag/guyana.html,Blocked by robots.txt,Non-Indexable,
https://www.edc.ca/en/tag/haiti.html,Blocked by robots.txt,Non-Indexable,
https://www.edc.ca/en/tag/heard-island-mcdonald-islands.html,Blocked by robots.txt,Non-Indexable,
https://www.edc.ca/en/tag/holy-see.html,Blocked by robots.txt,Non-Indexable,
https://www.edc.ca/en/tag/honduras.html,Blocked by robots.txt,Non-Indexable,
https://www.edc.ca/en/tag/hong-kong.html,Blocked by robots.txt,Non-Indexable,
https://www.edc.ca/en/tag/hungary.html,Blocked by robots.txt,Non-Indexable,
https://www.edc.ca/en/tag/iceland.html,Blocked by robots.txt,Non-Indexable,
https://www.edc.ca/en/tag/identify-target-markets.html,Blocked by robots.txt,Non-Indexable,
https://www.edc.ca/en/tag/india.html,Blocked by robots.txt,Non-Indexable,
https://www.edc.ca/en/tag/indonesia.html,Blocked by robots.txt,Non-Indexable,
https://www.edc.ca/en/tag/innovation.html,Blocked by robots.txt,Non-Indexable,
https://www.edc.ca/en/tag/iran.html,Blocked by robots.txt,Non-Indexable,
https://www.edc.ca/en/tag/iraq.html,Blocked by robots.txt,Non-Indexable,
https://www.edc.ca/en/tag/ireland.html,Blocked by robots.txt,Non-Indexable,
https://www.edc.ca/en/tag/isle-of-man.html,Blocked by robots.txt,Non-Indexable,
https://www.edc.ca/en/tag/israel.html,Blocked by robots.txt,Non-Indexable,
https://www.edc.ca/en/tag/italy.html,Blocked by robots.txt,Non-Indexable,
https://www.edc.ca/en/tag/jamaica.html,Blocked by robots.txt,Non-Indexable,
https://www.edc.ca/en/tag/japan.html,Blocked by robots.txt,Non-Indexable,
https://www.edc.ca/en/tag/jersey.html,Blocked by robots.txt,Non-Indexable,
https://www.edc.ca/en/tag/jordan.html,Blocked by robots.txt,Non-Indexable,
https://www.edc.ca/en/tag/kazakhstan.html,Blocked by robots.txt,Non-Indexable,
https://www.edc.ca/en/tag/kenya.html,Blocked by robots.txt,Non-Indexable,
https://www.edc.ca/en/tag/kiribati.html,Blocked by robots.txt,Non-Indexable,
https://www.edc.ca/en/tag/knowledge-about-markets.html,Blocked by robots.txt,Non-Indexable,
https://www.edc.ca/en/tag/knowledge-based-industries.html,Blocked by robots.txt,Non-Indexable,
https://www.edc.ca/en/tag/knowledge-financing-requirements.html,Blocked by robots.txt,Non-Indexable,
https://www.edc.ca/en/tag/kosovo.html,Blocked by robots.txt,Non-Indexable,
https://www.edc.ca/en/tag/kuwait.html,Blocked by robots.txt,Non-Indexable,
https://www.edc.ca/en/tag/kyrgyz-republic.html,Blocked by robots.txt,Non-Indexable,
https://www.edc.ca/en/tag/laos.html,Blocked by robots.txt,Non-Indexable,
https://www.edc.ca/en/tag/latvia.html,Blocked by robots.txt,Non-Indexable,
https://www.edc.ca/en/tag/lebanon.html,Blocked by robots.txt,Non-Indexable,
https://www.edc.ca/en/tag/lesotho.html,Blocked by robots.txt,Non-Indexable,
https://www.edc.ca/en/tag/liberia.html,Blocked by robots.txt,Non-Indexable,
https://www.edc.ca/en/tag/libya.html,Blocked by robots.txt,Non-Indexable,
https://www.edc.ca/en/tag/liechtenstein.html,Blocked by robots.txt,Non-Indexable,
https://www.edc.ca/en/tag/lithuania.html,Blocked by robots.txt,Non-Indexable,
https://www.edc.ca/en/tag/luxembourg.html,Blocked by robots.txt,Non-Indexable,
https://www.edc.ca/en/tag/macao.html,Blocked by robots.txt,Non-Indexable,
https://www.edc.ca/en/tag/macedonia.html,Blocked by robots.txt,Non-Indexable,
https://www.edc.ca/en/tag/madagascar.html,Blocked by robots.txt,Non-Indexable,
https://www.edc.ca/en/tag/maintaining-cash-flow.html,Blocked by robots.txt,Non-Indexable,
https://www.edc.ca/en/tag/malawi.html,Blocked by robots.txt,Non-Indexable,
https://www.edc.ca/en/tag/malaysia.html,Blocked by robots.txt,Non-Indexable,
https://www.edc.ca/en/tag/maldives.html,Blocked by robots.txt,Non-Indexable,
https://www.edc.ca/en/tag/mali.html,Blocked by robots.txt,Non-Indexable,
https://www.edc.ca/en/tag/malta.html,Blocked by robots.txt,Non-Indexable,
https://www.edc.ca/en/tag/manage-risk.html,Blocked by robots.txt,Non-Indexable,
https://www.edc.ca/en/tag/managing-debt.html,Blocked by robots.txt,Non-Indexable,
https://www.edc.ca/en/tag/managing-market-risks.html,Blocked by robots.txt,Non-Indexable,
https://www.edc.ca/en/tag/managing-rising-business-costs.html,Blocked by robots.txt,Non-Indexable,
https://www.edc.ca/en/tag/managing-supply-chains.html,Blocked by robots.txt,Non-Indexable,
https://www.edc.ca/en/tag/manitoba.html,Blocked by robots.txt,Non-Indexable,
https://www.edc.ca/en/tag/market-diversification.html,Blocked by robots.txt,Non-Indexable,
https://www.edc.ca/en/tag/marshall-islands.html,Blocked by robots.txt,Non-Indexable,
https://www.edc.ca/en/tag/martinique.html,Blocked by robots.txt,Non-Indexable,
https://www.edc.ca/en/tag/mauritania.html,Blocked by robots.txt,Non-Indexable,
https://www.edc.ca/en/tag/mauritius.html,Blocked by robots.txt,Non-Indexable,
https://www.edc.ca/en/tag/mayotte.html,Blocked by robots.txt,Non-Indexable,
https://www.edc.ca/en/tag/media-entertainment.html,Blocked by robots.txt,Non-Indexable,
https://www.edc.ca/en/tag/mexico.html,Blocked by robots.txt,Non-Indexable,
https://www.edc.ca/en/tag/micronesia.html,Blocked by robots.txt,Non-Indexable,
https://www.edc.ca/en/tag/middle-east.html,Blocked by robots.txt,Non-Indexable,
https://www.edc.ca/en/tag/mining-metals.html,Blocked by robots.txt,Non-Indexable,
https://www.edc.ca/en/tag/moldova.html,Blocked by robots.txt,Non-Indexable,
https://www.edc.ca/en/tag/monaco.html,Blocked by robots.txt,Non-Indexable,
https://www.edc.ca/en/tag/mongolia.html,Blocked by robots.txt,Non-Indexable,
https://www.edc.ca/en/tag/montenegro.html,Blocked by robots.txt,Non-Indexable,
https://www.edc.ca/en/tag/montserrat.html,Blocked by robots.txt,Non-Indexable,
https://www.edc.ca/en/tag/morocco.html,Blocked by robots.txt,Non-Indexable,
https://www.edc.ca/en/tag/mozambique.html,Blocked by robots.txt,Non-Indexable,
https://www.edc.ca/en/tag/myanmar.html,Blocked by robots.txt,Non-Indexable,
https://www.edc.ca/en/tag/nafta.html,Blocked by robots.txt,Non-Indexable,
https://www.edc.ca/en/tag/namibia.html,Blocked by robots.txt,Non-Indexable,
https://www.edc.ca/en/tag/nauru.html,Blocked by robots.txt,Non-Indexable,
https://www.edc.ca/en/tag/nepal.html,Blocked by robots.txt,Non-Indexable,
https://www.edc.ca/en/tag/netherlands.html,Blocked by robots.txt,Non-Indexable,
https://www.edc.ca/en/tag/new-brunswick.html,Blocked by robots.txt,Non-Indexable,
https://www.edc.ca/en/tag/new-caledonia.html,Blocked by robots.txt,Non-Indexable,
https://www.edc.ca/en/tag/new-zealand.html,Blocked by robots.txt,Non-Indexable,
https://www.edc.ca/en/tag/newfoundl-labrador.html,Blocked by robots.txt,Non-Indexable,
https://www.edc.ca/en/tag/nicaragua.html,Blocked by robots.txt,Non-Indexable,
https://www.edc.ca/en/tag/niger.html,Blocked by robots.txt,Non-Indexable,
https://www.edc.ca/en/tag/nigeria.html,Blocked by robots.txt,Non-Indexable,
https://www.edc.ca/en/tag/niue.html,Blocked by robots.txt,Non-Indexable,
https://www.edc.ca/en/tag/non-industrial-services.html,Blocked by robots.txt,Non-Indexable,
https://www.edc.ca/en/tag/norfolk-island.html,Blocked by robots.txt,Non-Indexable,
https://www.edc.ca/en/tag/north-africa.html,Blocked by robots.txt,Non-Indexable,
https://www.edc.ca/en/tag/north-america.html,Blocked by robots.txt,Non-Indexable,
https://www.edc.ca/en/tag/north-east-asia.html,Blocked by robots.txt,Non-Indexable,
https://www.edc.ca/en/tag/north-korea.html,Blocked by robots.txt,Non-Indexable,
https://www.edc.ca/en/tag/northern-mariana-islands.html,Blocked by robots.txt,Non-Indexable,
https://www.edc.ca/en/tag/northwest-territories.html,Blocked by robots.txt,Non-Indexable,
https://www.edc.ca/en/tag/norway.html,Blocked by robots.txt,Non-Indexable,
https://www.edc.ca/en/tag/nova-scotia.html,Blocked by robots.txt,Non-Indexable,
https://www.edc.ca/en/tag/nunavut.html,Blocked by robots.txt,Non-Indexable,
https://www.edc.ca/en/tag/oceania.html,Blocked by robots.txt,Non-Indexable,
https://www.edc.ca/en/tag/oil-gas.html,Blocked by robots.txt,Non-Indexable,
https://www.edc.ca/en/tag/oman.html,Blocked by robots.txt,Non-Indexable,
https://www.edc.ca/en/tag/ontario.html,Blocked by robots.txt,Non-Indexable,
https://www.edc.ca/en/tag/pakistan.html,Blocked by robots.txt,Non-Indexable,
https://www.edc.ca/en/tag/palau.html,Blocked by robots.txt,Non-Indexable,
https://www.edc.ca/en/tag/panama.html,Blocked by robots.txt,Non-Indexable,
https://www.edc.ca/en/tag/papua-new-guinea.html,Blocked by robots.txt,Non-Indexable,
https://www.edc.ca/en/tag/paraguay.html,Blocked by robots.txt,Non-Indexable,
https://www.edc.ca/en/tag/paying-taxes.html,Blocked by robots.txt,Non-Indexable,
https://www.edc.ca/en/tag/peru.html,Blocked by robots.txt,Non-Indexable,
https://www.edc.ca/en/tag/philippines.html,Blocked by robots.txt,Non-Indexable,
https://www.edc.ca/en/tag/pitcairn.html,Blocked by robots.txt,Non-Indexable,
https://www.edc.ca/en/tag/podcasts.html,Blocked by robots.txt,Non-Indexable,
https://www.edc.ca/en/tag/poland.html,Blocked by robots.txt,Non-Indexable,
https://www.edc.ca/en/tag/portugal.html,Blocked by robots.txt,Non-Indexable,
https://www.edc.ca/en/tag/power.html,Blocked by robots.txt,Non-Indexable,
https://www.edc.ca/en/tag/prince-edward-island.html,Blocked by robots.txt,Non-Indexable,
https://www.edc.ca/en/tag/protecting-my-ip.html,Blocked by robots.txt,Non-Indexable,
https://www.edc.ca/en/tag/puerto-rico.html,Blocked by robots.txt,Non-Indexable,
https://www.edc.ca/en/tag/qatar.html,Blocked by robots.txt,Non-Indexable,
https://www.edc.ca/en/tag/quebec.html,Blocked by robots.txt,Non-Indexable,
https://www.edc.ca/en/tag/reunion.html,Blocked by robots.txt,Non-Indexable,
https://www.edc.ca/en/tag/romania.html,Blocked by robots.txt,Non-Indexable,
https://www.edc.ca/en/tag/russia-cis.html,Blocked by robots.txt,Non-Indexable,
https://www.edc.ca/en/tag/russia.html,Blocked by robots.txt,Non-Indexable,
https://www.edc.ca/en/tag/rwanda.html,Blocked by robots.txt,Non-Indexable,
https://www.edc.ca/en/tag/saint-barthelemy.html,Blocked by robots.txt,Non-Indexable,
https://www.edc.ca/en/tag/saint-kitts-nevis.html,Blocked by robots.txt,Non-Indexable,
https://www.edc.ca/en/tag/saint-lucia.html,Blocked by robots.txt,Non-Indexable,
https://www.edc.ca/en/tag/saint-martin-french.html,Blocked by robots.txt,Non-Indexable,
https://www.edc.ca/en/tag/saint-pierre-miquelon.html,Blocked by robots.txt,Non-Indexable,
https://www.edc.ca/en/tag/saint-vincent-grenadines.html,Blocked by robots.txt,Non-Indexable,
https://www.edc.ca/en/tag/samoa.html,Blocked by robots.txt,Non-Indexable,
https://www.edc.ca/en/tag/san-marino.html,Blocked by robots.txt,Non-Indexable,
https://www.edc.ca/en/tag/sao-tome-principe.html,Blocked by robots.txt,Non-Indexable,
https://www.edc.ca/en/tag/saskatchewan.html,Blocked by robots.txt,Non-Indexable,
https://www.edc.ca/en/tag/saudi-arabia.html,Blocked by robots.txt,Non-Indexable,
https://www.edc.ca/en/tag/senegal.html,Blocked by robots.txt,Non-Indexable,
https://www.edc.ca/en/tag/serbia.html,Blocked by robots.txt,Non-Indexable,
https://www.edc.ca/en/tag/setting-up-intl-operations.html,Blocked by robots.txt,Non-Indexable,
https://www.edc.ca/en/tag/seychelles.html,Blocked by robots.txt,Non-Indexable,
https://www.edc.ca/en/tag/sierra-leone.html,Blocked by robots.txt,Non-Indexable,
https://www.edc.ca/en/tag/singapore.html,Blocked by robots.txt,Non-Indexable,
https://www.edc.ca/en/tag/sint-maarten-dutch.html,Blocked by robots.txt,Non-Indexable,
https://www.edc.ca/en/tag/slovakia.html,Blocked by robots.txt,Non-Indexable,
https://www.edc.ca/en/tag/slovenia.html,Blocked by robots.txt,Non-Indexable,
https://www.edc.ca/en/tag/small-business.html,Blocked by robots.txt,Non-Indexable,
https://www.edc.ca/en/tag/solomon-islands.html,Blocked by robots.txt,Non-Indexable,
https://www.edc.ca/en/tag/somalia.html,Blocked by robots.txt,Non-Indexable,
https://www.edc.ca/en/tag/south-africa.html,Blocked by robots.txt,Non-Indexable,
https://www.edc.ca/en/tag/south-asia.html,Blocked by robots.txt,Non-Indexable,
https://www.edc.ca/en/tag/south-central-america-the-caribbean.html,Blocked by robots.txt,Non-Indexable,
https://www.edc.ca/en/tag/south-east-asia.html,Blocked by robots.txt,Non-Indexable,
https://www.edc.ca/en/tag/south-georgia-s-sandwich-is.html,Blocked by robots.txt,Non-Indexable,
https://www.edc.ca/en/tag/south-korea.html,Blocked by robots.txt,Non-Indexable,
https://www.edc.ca/en/tag/south-sudan.html,Blocked by robots.txt,Non-Indexable,
https://www.edc.ca/en/tag/spain.html,Blocked by robots.txt,Non-Indexable,
https://www.edc.ca/en/tag/sri-lanka.html,Blocked by robots.txt,Non-Indexable,
https://www.edc.ca/en/tag/st-helena-ascension-tristan.html,Blocked by robots.txt,Non-Indexable,
https://www.edc.ca/en/tag/sub-saharan-africa.html,Blocked by robots.txt,Non-Indexable,
https://www.edc.ca/en/tag/success-story.html,Blocked by robots.txt,Non-Indexable,
https://www.edc.ca/en/tag/sudan.html,Blocked by robots.txt,Non-Indexable,
https://www.edc.ca/en/tag/suriname.html,Blocked by robots.txt,Non-Indexable,
https://www.edc.ca/en/tag/svalbard-jan-mayen.html,Blocked by robots.txt,Non-Indexable,
https://www.edc.ca/en/tag/swaziland.html,Blocked by robots.txt,Non-Indexable,
https://www.edc.ca/en/tag/sweden.html,Blocked by robots.txt,Non-Indexable,
https://www.edc.ca/en/tag/switzerland.html,Blocked by robots.txt,Non-Indexable,
https://www.edc.ca/en/tag/syria.html,Blocked by robots.txt,Non-Indexable,
https://www.edc.ca/en/tag/taiwan.html,Blocked by robots.txt,Non-Indexable,
https://www.edc.ca/en/tag/tajikistan.html,Blocked by robots.txt,Non-Indexable,
https://www.edc.ca/en/tag/tanzania.html,Blocked by robots.txt,Non-Indexable,
https://www.edc.ca/en/tag/tariffs.html,Blocked by robots.txt,Non-Indexable,
https://www.edc.ca/en/tag/tech.html,Blocked by robots.txt,Non-Indexable,
https://www.edc.ca/en/tag/telecommunications.html,Blocked by robots.txt,Non-Indexable,
https://www.edc.ca/en/tag/thailand.html,Blocked by robots.txt,Non-Indexable,
https://www.edc.ca/en/tag/timor-leste.html,Blocked by robots.txt,Non-Indexable,
https://www.edc.ca/en/tag/togo.html,Blocked by robots.txt,Non-Indexable,
https://www.edc.ca/en/tag/tokelau.html,Blocked by robots.txt,Non-Indexable,
https://www.edc.ca/en/tag/tonga.html,Blocked by robots.txt,Non-Indexable,
https://www.edc.ca/en/tag/trade-matters.html,Blocked by robots.txt,Non-Indexable,
https://www.edc.ca/en/tag/trade-regulations.html,Blocked by robots.txt,Non-Indexable,
https://www.edc.ca/en/tag/trinidad-tobago.html,Blocked by robots.txt,Non-Indexable,
https://www.edc.ca/en/tag/tunisia.html,Blocked by robots.txt,Non-Indexable,
https://www.edc.ca/en/tag/turkey.html,Blocked by robots.txt,Non-Indexable,
https://www.edc.ca/en/tag/turkmenistan.html,Blocked by robots.txt,Non-Indexable,
https://www.edc.ca/en/tag/turks-caicos-islands.html,Blocked by robots.txt,Non-Indexable,
https://www.edc.ca/en/tag/tuvalu.html,Blocked by robots.txt,Non-Indexable,
https://www.edc.ca/en/tag/uganda.html,Blocked by robots.txt,Non-Indexable,
https://www.edc.ca/en/tag/ukraine.html,Blocked by robots.txt,Non-Indexable,
https://www.edc.ca/en/tag/understanding-domestic-growth.html,Blocked by robots.txt,Non-Indexable,
https://www.edc.ca/en/tag/united-arab-emirates.html,Blocked by robots.txt,Non-Indexable,
https://www.edc.ca/en/tag/united-kingdom.html,Blocked by robots.txt,Non-Indexable,
https://www.edc.ca/en/tag/united-states.html,Blocked by robots.txt,Non-Indexable,
https://www.edc.ca/en/tag/uruguay.html,Blocked by robots.txt,Non-Indexable,
https://www.edc.ca/en/tag/us-minor-outlying-islands.html,Blocked by robots.txt,Non-Indexable,
https://www.edc.ca/en/tag/uzbekistan.html,Blocked by robots.txt,Non-Indexable,
https://www.edc.ca/en/tag/vanuatu.html,Blocked by robots.txt,Non-Indexable,
https://www.edc.ca/en/tag/venezuela.html,Blocked by robots.txt,Non-Indexable,
https://www.edc.ca/en/tag/vietnam.html,Blocked by robots.txt,Non-Indexable,
https://www.edc.ca/en/tag/virgin-islands-british.html,Blocked by robots.txt,Non-Indexable,
https://www.edc.ca/en/tag/virgin-isls-us.html,Blocked by robots.txt,Non-Indexable,
https://www.edc.ca/en/tag/wallis-futuna.html,Blocked by robots.txt,Non-Indexable,
https://www.edc.ca/en/tag/water-waste-water.html,Blocked by robots.txt,Non-Indexable,
https://www.edc.ca/en/tag/weekly-commentary.html,Blocked by robots.txt,Non-Indexable,
https://www.edc.ca/en/tag/western-europe.html,Blocked by robots.txt,Non-Indexable,
https://www.edc.ca/en/tag/western-sahara.html,Blocked by robots.txt,Non-Indexable,
https://www.edc.ca/en/tag/women-in-trade.html,Blocked by robots.txt,Non-Indexable,
https://www.edc.ca/en/tag/yemen.html,Blocked by robots.txt,Non-Indexable,
https://www.edc.ca/en/tag/yukon.html,Blocked by robots.txt,Non-Indexable,
https://www.edc.ca/en/tag/zambia.html,Blocked by robots.txt,Non-Indexable,
https://www.edc.ca/en/tag/zimbabwe.html,Blocked by robots.txt,Non-Indexable,
https://www.edc.ca/en/test-page/Test.html,OK,Non-Indexable,TEST
https://www.edc.ca/en/tool.html,Found,Non-Indexable,
https://www.edc.ca/en/tool/build-your-strategy-card.html,Found,Non-Indexable,
https://www.edc.ca/en/tool/build-your-strategy.html,OK,Indexable,Business pivot playbook | EDC
https://www.edc.ca/en/tool/company-insight-card.html,Found,Non-Indexable,
https://www.edc.ca/en/tool/connections.html,OK,Indexable,Connect with global companies | EDC
https://www.edc.ca/en/tool/connections/activating-ecommerce-asia.html,OK,Indexable,Virtual event - Activating e-commerce in Asia for Canadian companies | EDC
https://www.edc.ca/en/tool/connections/agri-food-edition.html,OK,Indexable,Perfect Pitch: Agri-Food Brands Edition | EDC
https://www.edc.ca/en/tool/connections/breaking-into-korea-b2c-market.html,OK,Indexable,Breaking into Korea’s B2C market : Leveraging home shopping for agri-food exports | EDC
https://www.edc.ca/en/tool/connections/business-in-peru.html,OK,Indexable,Doing business in Peru | EDC
https://www.edc.ca/en/tool/connections/central-america-energy.html,OK,Indexable,Central America’s energy landscape and opportunities | EDC
https://www.edc.ca/en/tool/connections/doing-business-in-australia.html,OK,Indexable,Virtual event - Doing business in Australia virtual series | EDC
https://www.edc.ca/en/tool/connections/doing-business-in-colombia.html,OK,Indexable,Doing Business in Colombia - Virtual Event | EDC
https://www.edc.ca/en/tool/connections/doing-business-india.html,OK,Indexable,Virtual event - Doing business in India virtual event | EDC
https://www.edc.ca/en/tool/connections/doing-business-mexico.html,OK,Indexable,Doing business in Mexico virtual series | EDC
https://www.edc.ca/en/tool/connections/edc-trends-in-trade.html,OK,Indexable,EDC Trends in Trade. Learn about sectors of the future in international markets. | EDC
https://www.edc.ca/en/tool/connections/energy-and-mines-2023.html,OK,Indexable,Meet an EDC Industry Expert at Energy and Mines 2023 | EDC
https://www.edc.ca/en/tool/connections/exploring-business-opportunities-vietnam.html,OK,Indexable,Exploring business opportunities in Vietnam | EDC
https://www.edc.ca/en/tool/connections/global-economic-outlook-event.html,OK,Indexable,Global Economic Outlook | EDC
https://www.edc.ca/en/tool/connections/going-global-indo-pacific.html,OK,Indexable,Going global in the indo-pacific | EDC
https://www.edc.ca/en/tool/connections/harvesting-success-brazil.html,OK,Indexable,Harvesting success: Navigating Brazil’s agribusiness landscape | EDC
https://www.edc.ca/en/tool/connections/international-companies-financing.html,OK,Indexable,International Companies with EDC Financing | EDC
https://www.edc.ca/en/tool/connections/market-diversification-seafood.html,OK,Indexable,New horizons: Diversifying seafood exports to high growth global markets | EDC
https://www.edc.ca/en/tool/connections/mining-peru.html,OK,Indexable,Mining in Peru - Virtual Event | EDC
https://www.edc.ca/en/tool/connections/nearshowingshowcase-mexico.html,OK,Indexable,EDC Export Growth Hub: Nearshoring showcase - Mexico | EDC
https://www.edc.ca/en/tool/connections/perfect-your-pitch-to-international-buyers.html,OK,Indexable,Virtual event - Learn how to perfect your company pitch to international buyers | EDC
https://www.edc.ca/en/tool/connections/perfect-your-pitch.html,OK,Indexable,The Perfect Pitch | EDC
https://www.edc.ca/en/tool/connections/sustainable-transformations-mining-chile.html,OK,Indexable,Virtual event: Gain clarity on the sustainable transformation initiatives of Tier 1 mining producers in Chile | EDC
https://www.edc.ca/en/tool/connections/transport-logistics-event.html,OK,Indexable,Transportation & logistics roundtable | EDC
https://www.edc.ca/en/tool/connections/u-s-tradeshow-ready.html,OK,Indexable,Growing your business in the U.S.? Get trade show ready! | EDC
https://www.edc.ca/en/tool/country-risk-quarterly.html,OK,Indexable,Country Risk Quarterly 2026: Exporter market risk | EDC
https://www.edc.ca/en/tool/edc-learn-card.html,Found,Non-Indexable,
https://www.edc.ca/en/tool/edc-learn.html,OK,Indexable,FITT Lite Learning Series | EDC
https://www.edc.ca/en/tool/export-help-hub-card.html,Found,Non-Indexable,
https://www.edc.ca/en/tool/export-help-hub.html,OK,Indexable,Export Help Hub | EDC
https://www.edc.ca/en/tool/inlist-card.html,Found,Non-Indexable,
https://www.edc.ca/en/tool/inlist.html,OK,Indexable,EDC InList | EDC
https://www.edc.ca/en/tool/myedc.html,OK,Indexable,Grow your business with MyEDC | EDC
https://www.edc.ca/en/trade-matters.html,Found,Non-Indexable,
https://www.edc.ca/en/trade-matters/all-eyes-on-Indonesia.html,OK,Non-Indexable,All eyes on Indonesia | EDC
https://www.edc.ca/en/trade-matters/american-economy-exceptionalism-2025.html,OK,Indexable,American exceptionalism: Shaping the global outlook | EDC
https://www.edc.ca/en/trade-matters/biggest-electoral-year-in-history.html,OK,Indexable,2024: The year the world votes | EDC
https://www.edc.ca/en/trade-matters/brazil-outlook-2026-risks-opportunities.html,OK,Indexable,Brazil outlook 2026: Risks and opportunities | EDC
https://www.edc.ca/en/trade-matters/brighter-days-ahead-economy.html,OK,Indexable,Are we there yet? | EDC
https://www.edc.ca/en/trade-matters/canada-ai-digital-services-exports.html,OK,Indexable,Canada’s digital services opportunity in an AI economy | EDC
https://www.edc.ca/en/trade-matters/canada-auto-sector-faces-bumpy-road.html,OK,Indexable,Canada’s auto sector faces bumpy road | EDC
https://www.edc.ca/en/trade-matters/canada-cleantech-export-edge.html,OK,Indexable,"Canada’s cleantech export edge: Scalable, profitable | EDC"
https://www.edc.ca/en/trade-matters/canada-cleantech-export-growth.html,OK,Indexable,Accelerating Canada’s cleantech innovation | EDC
https://www.edc.ca/en/trade-matters/canada-eu-critical-minerals.html,OK,Indexable,Canada–EU critical minerals alliance opportunity | EDC
https://www.edc.ca/en/trade-matters/canada-export-opportunities-philippines.html,OK,Indexable,Canadian exporter opportunities in the Philippines | EDC
https://www.edc.ca/en/trade-matters/canada-france-trade-strategic-partnership.html,OK,Indexable,Canada-France trade: Next phase of partnership | EDC
https://www.edc.ca/en/trade-matters/canada-mexico-agrifood.html,OK,Indexable,Canada Mexico agri-food trade: Key insights and trends | EDC
https://www.edc.ca/en/trade-matters/canada-mexico-trade.html,OK,Indexable,Stronger together: Boosting Canada and Mexico trade | EDC
https://www.edc.ca/en/trade-matters/canada-services-export-potential.html,OK,Indexable,Wildest dreams: Exploring Canada’s services trade | EDC
https://www.edc.ca/en/trade-matters/canada-south-korea-trade.html,OK,Indexable,Decade of trade: Canada-South Korea FTA turns 10 | EDC
https://www.edc.ca/en/trade-matters/canada-why-global-trade-matters.html,OK,Indexable,Trade Matters: Expert insights on international trade | EDC
https://www.edc.ca/en/trade-matters/canadian-expertise-west-africa-infrastructure-gap.html,OK,Indexable,Canadian expertise for West Africa’s infrastructure gap | EDC
https://www.edc.ca/en/trade-matters/canadian-exporters-should-consider-growth-opportunities.html,OK,Indexable,Navigating uncertainty: Canadian exporter opportunities | EDC
https://www.edc.ca/en/trade-matters/canadian-seafood-exports-opportunities.html,OK,Indexable,Canadian seafood exports: New market insights | EDC
https://www.edc.ca/en/trade-matters/ceta-canada-eu-opportunities.html,OK,Indexable,Deep-CETA’d ties | EDC
https://www.edc.ca/en/trade-matters/challenging-outlook-for-us-oil-producers.html,OK,Indexable,U.S. oil producers—A challenging outlook | EDC
https://www.edc.ca/en/trade-matters/chile-economic-outlook-2026.html,OK,Indexable,"Chile’s 2026 outlook: Growth, risk and reform | EDC"
https://www.edc.ca/en/trade-matters/china-economic-transition-exporters.html,OK,Indexable,China’s economic transition and its impact on exporters | EDC
https://www.edc.ca/en/trade-matters/cleantech-sector-artificial-intelligence-innovation.html,OK,Indexable,How artificial intelligence is reshaping cleantech innovation | EDC
https://www.edc.ca/en/trade-matters/colombia-business-opportunities.html,OK,Indexable,Exporting to Colombia: Opportunities for growth | EDC
https://www.edc.ca/en/trade-matters/critical-minerals-canada-germany.html,OK,Indexable,Canada’s critical minerals powering Germany’s transition | EDC
https://www.edc.ca/en/trade-matters/currency-rate-fluctuations-exports.html,OK,Indexable,Currency volatility: Exporters need to be prepared | EDC
https://www.edc.ca/en/trade-matters/economic-nationalism-returns.html,OK,Indexable,Return to economic nationalism: Lessons from history | EDC
https://www.edc.ca/en/trade-matters/economy-impacting-exporter-confidence.html,OK,Indexable,"Geopolitics, economy weigh on exporter confidence | EDC"
https://www.edc.ca/en/trade-matters/edc-risks-we-face-2024.html,OK,Indexable,What’s in store for ’24? | EDC
https://www.edc.ca/en/trade-matters/eu-carbon-policy-opportunities-canadian-exporters.html,OK,Indexable,Bordering on decarbonization | EDC
https://www.edc.ca/en/trade-matters/exporter-productivity-diversification.html,OK,Indexable,Why exporter productivity and diversification matter | EDC
https://www.edc.ca/en/trade-matters/exporter-trade-confidence-2025-drops.html,OK,Indexable,Canadian exporter confidence drops amid tariffs | EDC
https://www.edc.ca/en/trade-matters/exporter-trade-confidence-resilience.html,OK,Indexable,Exporters ready to shrug off post-pandemic malaise | EDC
https://www.edc.ca/en/trade-matters/exporters-cdia-foreign-affiliates.html,OK,Indexable,Canada’s shadow trade sector | EDC
https://www.edc.ca/en/trade-matters/geopolitical-risk-energy-shocks.html,OK,Indexable,Global Economic Outlook spring 2026: Trade risks | EDC
https://www.edc.ca/en/trade-matters/geopolitical-risk-exporters.html,OK,Indexable,Geopolitical risk and your bottom line | EDC
https://www.edc.ca/en/trade-matters/global-economic-outlook-stabilizes.html,OK,Indexable,Global Economic Outlook report | EDC
https://www.edc.ca/en/trade-matters/global-economy-fragile.html,OK,Indexable,"Trade commentary: Tariffs, interest rates & currency trends in 2025 | EDC"
https://www.edc.ca/en/trade-matters/global-economy-trade-tensions-2026.html,OK,Indexable,Global economy: Policy shifts and trade tensions in 2026 | EDC
https://www.edc.ca/en/trade-matters/global-economy-underwhelms.html,OK,Indexable,"Goldilocks outlook: Not too hot, not too cold | EDC"
https://www.edc.ca/en/trade-matters/global-trade-resilience.html,OK,Indexable,Global trade and supply chain resilience | EDC
https://www.edc.ca/en/trade-matters/high-growth-markets-for-canadian-exporters.html,OK,Indexable,High-growth markets for Canadian exporters | EDC
https://www.edc.ca/en/trade-matters/india-export-opportunities-canadian-businesses.html,OK,Indexable,India’s economic growth: Export opportunities for Canada | EDC
https://www.edc.ca/en/trade-matters/japan-opportunities-for-canadian-business.html,OK,Indexable,Canadian business opportunities in Japan | EDC
https://www.edc.ca/en/trade-matters/measuring-geopolitical-risk.html,OK,Indexable,Measuring geopolitical risk | EDC
https://www.edc.ca/en/trade-matters/modest-global-economic-outlook.html,OK,Indexable,Beginning the descent | EDC
https://www.edc.ca/en/trade-matters/navigating-trade-uncertainty.html,OK,Indexable,Trade uncertainty: Navigating economic challenges | EDC
https://www.edc.ca/en/trade-matters/net-zero-pathfinder.html,OK,Indexable,Net zero pathfinder | EDC
https://www.edc.ca/en/trade-matters/oil-market-pressures.html,OK,Indexable,Crude awakening | EDC
https://www.edc.ca/en/trade-matters/r-d-investment-canadian-exporters.html,OK,Indexable,Why R&D investment matters for Canadian exporters | EDC
https://www.edc.ca/en/trade-matters/rising-government-debt-and-global-economic-impact.html,OK,Indexable,Rising government debt and the global economic impact | EDC
https://www.edc.ca/en/trade-matters/risks-challenge-canada-businesses.html,OK,Indexable,Resilience key to thriving in uncertain times | EDC
https://www.edc.ca/en/trade-matters/slow-global-economic-growth-2024.html,OK,Indexable,Global Economic Outlook: A slow-then-grow recovery | EDC
https://www.edc.ca/en/trade-matters/south-korea-canada-export-trade.html,OK,Indexable,ROK-steady | EDC
https://www.edc.ca/en/trade-matters/supply-chain-challenges-red-sea.html,OK,Indexable,"New year, old problems | EDC"
https://www.edc.ca/en/trade-matters/surge-in-gold-prices.html,OK,Indexable,Geopolitical uncertainty drives surge in gold prices | EDC
https://www.edc.ca/en/trade-matters/thailand-market-export-potential.html,OK,Indexable,Thailand’s export market: Economic opportunities | EDC
https://www.edc.ca/en/trade-matters/top-10-global-risks-2026.html,OK,Indexable,Top 10 global trade risks for Canadian exporters | EDC
https://www.edc.ca/en/trade-matters/trade-confidence-edges-up.html,OK,Indexable,Trade confidence edges up as exporters adapt to uncertainty | EDC
https://www.edc.ca/en/trade-matters/trade-enabling-infrastructure-upgrades.html,OK,Indexable,Trade-enabling infrastructure powers growth | EDC
https://www.edc.ca/en/trade-matters/us-dollar-dominance-under-threat.html,OK,Indexable,Reports of the U.S. dollar’s demise greatly exaggerated | EDC
https://www.edc.ca/en/trade-matters/us-tariffs-geopolitics.html,OK,Indexable,Global Economic Outlook report | EDC
https://www.edc.ca/en/trade-matters/vietnam-canada-export-opportunities.html,OK,Indexable,Vietnam offers opportunities for Canadian exporters | EDC
https://www.edc.ca/en/tradeinsights.html,OK,Indexable,TradeInsights | EDC
https://www.edc.ca/en/triage-inquiry.html,OK,Non-Indexable,Funding options for small segment | EDC
https://www.edc.ca/en/weekly-commentary.html,Found,Non-Indexable,
https://www.edc.ca/en/weekly-commentary/10-country-risks-2018.html,OK,Indexable,Top 10 country risks to watch in 2018 | EDC
https://www.edc.ca/en/weekly-commentary/10-risks-canadian-exporters-face-2019.html,OK,Indexable,EDC breaks down the Top 10 risks facing Canadian exporters | EDC
https://www.edc.ca/en/weekly-commentary/2022-review-year-ahead.html,OK,Indexable,What a year it’s been | EDC
https://www.edc.ca/en/weekly-commentary/a-new-deal-for-north-america.html,OK,Indexable,A New Deal for North America  | EDC
https://www.edc.ca/en/weekly-commentary/agriculture-ban-brings-opportunities-for-canadians.html,OK,Indexable,Trade wars and the agriculture outlook | EDC
https://www.edc.ca/en/weekly-commentary/all-systems-go.html,OK,Indexable,All systems go | EDC
https://www.edc.ca/en/weekly-commentary/americas-auto-sector.html,OK,Indexable,America’s red-hot auto sector | Export Development Canada
https://www.edc.ca/en/weekly-commentary/amlo-mexico-election-review.html,OK,Indexable,A Mexico election day review: The populist pivot outcome | EDC
https://www.edc.ca/en/weekly-commentary/and-you-thought-2018-was-fun.html,OK,Indexable,And you thought 2018 was fun! | EDC
https://www.edc.ca/en/weekly-commentary/are-global-exports-faltering.html,OK,Indexable,Are global exports faltering? | EDC
https://www.edc.ca/en/weekly-commentary/as-the-world-diversifies.html,OK,Indexable,"As the world diversifies, will we? | EDC"
https://www.edc.ca/en/weekly-commentary/australia-small-mighty-trade-nation.html,OK,Indexable,"Australia: A small, but mighty, trade nation"
https://www.edc.ca/en/weekly-commentary/auto-sector-and-vehicle-sales.html,OK,Indexable,The auto sector and vehicle sales on auto pilot? | EDC
https://www.edc.ca/en/weekly-commentary/better-than-feared.html,OK,Indexable,"Better than feared, but slow and uneven road ahead | EDC"
https://www.edc.ca/en/weekly-commentary/brazil-opportunity-comes-with-risk.html,OK,Indexable,Brazil: Perpetually emerging | EDC
https://www.edc.ca/en/weekly-commentary/breakthrough-needed-to-end-global-tension.html,OK,Indexable,Needed: Big breakthrough (or two!) | EDC
https://www.edc.ca/en/weekly-commentary/business-finances-going-all-in.html,OK,Indexable,Businesses going all in with their finances
https://www.edc.ca/en/weekly-commentary/canada-asean-opportunities.html,OK,Indexable,Canada’s ASEAN Opportunities | EDC
https://www.edc.ca/en/weekly-commentary/canada-asian-bonanza.html,OK,Indexable,Canada’s Asian Bonanza | EDC
https://www.edc.ca/en/weekly-commentary/canada-cleantech-potential.html,OK,Indexable,Exploring Canada’s cleantech potential | EDC
https://www.edc.ca/en/weekly-commentary/canada-climb-out-covid-chasm.html,OK,Indexable,Canada’s climb out of the COVID-19 chasm | EDC
https://www.edc.ca/en/weekly-commentary/canada-competitive-business-environment.html,OK,Indexable,Canadian competitiveness: Can nice guys finish first? | EDC
https://www.edc.ca/en/weekly-commentary/canada-cultural-sector-export-potential.html,OK,Indexable,Lights! Camera! Export!  | EDC
https://www.edc.ca/en/weekly-commentary/canada-diversification-in-asia.html,OK,Indexable,Canada’s diversification in Asia | EDC
https://www.edc.ca/en/weekly-commentary/canada-economic-confidence-soaring.html,OK,Indexable,High confidence defies general gloom | EDC
https://www.edc.ca/en/weekly-commentary/canada-europe-energy-supply-options.html,OK,Indexable,Power play | EDC
https://www.edc.ca/en/weekly-commentary/canada-export-prospects-2022.html,OK,Indexable,Canada’s 2022 export prospects | EDC
https://www.edc.ca/en/weekly-commentary/canada-exporter-confidence-improving.html,OK,Indexable,Trade confidence rebounds from last year’s lows | EDC
https://www.edc.ca/en/weekly-commentary/canada-exporters-be-bold-informed.html,OK,Indexable,Be bold. Be brave. Be informed. | EDC
https://www.edc.ca/en/weekly-commentary/canada-exports-growth.html,OK,Indexable,What’s Up With Canada’s Exports? | EDC
https://www.edc.ca/en/weekly-commentary/canada-in-world-agri-food-game.html,OK,Indexable,Is Canada in the first-world agri-food game?
https://www.edc.ca/en/weekly-commentary/canada-indo-pacific-strategy.html,OK,Indexable,Indo-Pacific potential | EDC
https://www.edc.ca/en/weekly-commentary/canada-long-term-trade-outlook.html,OK,Indexable,Key issues in Canada’s long-term trade outlook | EDC
https://www.edc.ca/en/weekly-commentary/canada-peru-connection.html,OK,Indexable,The Canada-Peru Connection | Export Development Canada
https://www.edc.ca/en/weekly-commentary/canada-provincial-industrial-export-outlook.html,OK,Indexable,Canada’s provincial industrial export outlook | EDC
https://www.edc.ca/en/weekly-commentary/canada-s-growth-zone.html,OK,Indexable,Canada’s growth zone | EDC
https://www.edc.ca/en/weekly-commentary/canada-trades-with-fast-growing-countries.html,OK,Indexable,"Canada trades with fast-growing, less traditional countries"
https://www.edc.ca/en/weekly-commentary/canadas-next-fish-crisis.html,OK,Indexable,Canada’s next fish crisis | EDC
https://www.edc.ca/en/weekly-commentary/canadian-agri-food-feeds-china.html,OK,Indexable,Canadian agri-food feeds China's appetite
https://www.edc.ca/en/weekly-commentary/canadian-export-outlook.html,OK,Indexable,Canadian export outlook: The provincial perspective | EDC
https://www.edc.ca/en/weekly-commentary/canadian-exporters-brace-for-chill.html,OK,Indexable,Winter’s coming: Canadian exporters brace for chill | EDC
https://www.edc.ca/en/weekly-commentary/canadian-exporters-share-concerns.html,OK,Indexable,What’s keeping Canadian exporters up at night? | EDC
https://www.edc.ca/en/weekly-commentary/canadian-exporters-trade-policy-perspectives.html,OK,Indexable,Trade policy perspectives from Canadian exporters
https://www.edc.ca/en/weekly-commentary/canadian-exports-grow-as-economy-rebounds.html,OK,Indexable,Exports grow as economy rebounds | EDC
https://www.edc.ca/en/weekly-commentary/canadian-provinces-nafta-negotiations.html,OK,Indexable,Canada's provinces in NAFTA negotiations
https://www.edc.ca/en/weekly-commentary/canadian-trade-confidence-record-rebound.html,OK,Indexable,Record rebound in Canadian trade confidence | EDC
https://www.edc.ca/en/weekly-commentary/canadian-trade-confidence-slides-in-2020.html,OK,Indexable,Canadian trade confidence continues to slide | EDC
https://www.edc.ca/en/weekly-commentary/charting-the-course-through-chaos.html,OK,Indexable,Charting the course through chaos  | EDC
https://www.edc.ca/en/weekly-commentary/chicago-bound.html,OK,Indexable,Chicago Bound! | EDC
https://www.edc.ca/en/weekly-commentary/china-2020-trade-outlook.html,OK,Indexable,China’s 2020 outlook | EDC
https://www.edc.ca/en/weekly-commentary/china-at-the-crossroads.html,OK,Indexable,China at the Crossroads | EDC
https://www.edc.ca/en/weekly-commentary/china-canada-trade.html,OK,Indexable,Has Trade Between China and Canada Stalled? | EDC
https://www.edc.ca/en/weekly-commentary/commodity-consumer-inflation-prices.html,OK,Indexable,"Commodity, consumer and QE: Why are prices so tame?"
https://www.edc.ca/en/weekly-commentary/confidence-bucks-trade-turmoil.html,OK,Indexable,Confidence Bucks Trade Turmoil | EDC
https://www.edc.ca/en/weekly-commentary/confidence-checkup.html,OK,Indexable,Confidence checkup | EDC
https://www.edc.ca/en/weekly-commentary/consumer-data-is-strong.html,OK,Indexable,"Cold, cold Christmas for consumers? | EDC"
https://www.edc.ca/en/weekly-commentary/coronavirus-business-investment.html,OK,Indexable,The coronavirus and business investment | EDC
https://www.edc.ca/en/weekly-commentary/coronavirus-consumer.html,OK,Indexable,Coronavirus and the consumer | EDC
https://www.edc.ca/en/weekly-commentary/coronavirus-crunch.html,OK,Indexable,The coronavirus crunch | EDC
https://www.edc.ca/en/weekly-commentary/coronavirus-policy-response.html,OK,Indexable,Coronavirus policy response | EDC
https://www.edc.ca/en/weekly-commentary/country-risk-on-the-mend.html,OK,Indexable,Has country risk finally bottomed out? | EDC
https://www.edc.ca/en/weekly-commentary/country-risk-whats-on-our-radar.html,OK,Indexable,Country risk: What’s on our radar? - EDC
https://www.edc.ca/en/weekly-commentary/country-risks-for-canadian-companies.html,OK,Indexable,Country risks for Canadian companies
https://www.edc.ca/en/weekly-commentary/covid-19-and-country-risk-ratings.html,OK,Indexable,COVID-19 and country risk ratings | EDC
https://www.edc.ca/en/weekly-commentary/covid-19-and-the-auto-sector.html,OK,Indexable,COVID-19 and the auto sector | EDC
https://www.edc.ca/en/weekly-commentary/covid-19-car-craze.html,OK,Indexable,The COVID-19 car craze | EDC
https://www.edc.ca/en/weekly-commentary/covid-19-ceta-anniversary.html,OK,Indexable,COVID-19 and CETA’s third birthday | EDC
https://www.edc.ca/en/weekly-commentary/covid-19-country-risk.html,OK,Indexable,COVID-19 and country risk implications | EDC
https://www.edc.ca/en/weekly-commentary/covid-19-debt-drama.html,OK,Indexable,COVID-19: Debt drama | EDC
https://www.edc.ca/en/weekly-commentary/covid-19-demands-economy.html,OK,Indexable,COVID-19’s demands on the economy | EDC
https://www.edc.ca/en/weekly-commentary/covid-19-disrupts-our-lives.html,OK,Indexable,COVID-19: The surprise of the year | EDC
https://www.edc.ca/en/weekly-commentary/covid-19-economic-recovery-challenging.html,OK,Indexable,Capacity crunch | EDC
https://www.edc.ca/en/weekly-commentary/covid-19-fast-last.html,OK,Indexable,COVID-19: Fast won’t last | EDC
https://www.edc.ca/en/weekly-commentary/covid-19-growth-outlook.html,OK,Indexable,What is post-COVID-19 growth going to look like? | EDC
https://www.edc.ca/en/weekly-commentary/covid-19-impact.html,OK,Indexable,COVID-19’s effects anything but even | EDC
https://www.edc.ca/en/weekly-commentary/covid-19-industry-impact.html,OK,Indexable,COVID-19: The impact on industry | EDC
https://www.edc.ca/en/weekly-commentary/covid-19-job-back.html,OK,Indexable,COVID-19: When do I get my job back? | EDC
https://www.edc.ca/en/weekly-commentary/covid-19-june-data.html,OK,Indexable,COVID-19: A glimmer of hope? | EDC
https://www.edc.ca/en/weekly-commentary/covid-19-mechanization.html,OK,Indexable,COVID-19 and mechanization | EDC
https://www.edc.ca/en/weekly-commentary/covid-19-recovery-inflation.html,OK,Indexable,"COVID-19, recovery, and inflation | EDC"
https://www.edc.ca/en/weekly-commentary/covid-19-recovery-top-concern.html,OK,Indexable,Top concern: Recovery from COVID-19 | EDC
https://www.edc.ca/en/weekly-commentary/covid-19-retail-sector.html,OK,Indexable,Is COVID-19 the biggest test yet for the retail sector? | EDC
https://www.edc.ca/en/weekly-commentary/covid-19-second-wave.html,OK,Indexable,COVID-19: Containing the second wave | EDC
https://www.edc.ca/en/weekly-commentary/covid-19-surveying-the-damage.html,OK,Indexable,COVID-19: Surveying the damage | EDC
https://www.edc.ca/en/weekly-commentary/covid-food-demand.html,OK,Indexable,COVID-19 and the demand for food | EDC
https://www.edc.ca/en/weekly-commentary/covid-gold-rally.html,OK,Indexable,COVID-19 and the gold rally | EDC
https://www.edc.ca/en/weekly-commentary/covid-impacts-vary-across-countries.html,OK,Indexable,COVID-19 impacts vary across countries | EDC
https://www.edc.ca/en/weekly-commentary/covid-pent-up-demand.html,OK,Indexable,COVID-19: The role of pent-up demand | EDC
https://www.edc.ca/en/weekly-commentary/cptpp-trade.html,OK,Indexable,CPTPP: Trade is still in vogue | EDC
https://www.edc.ca/en/weekly-commentary/critical-mineral-supply-chains.html,OK,Indexable,Critical path for critical minerals | EDC
https://www.edc.ca/en/weekly-commentary/critical-need-for-investment.html,OK,Indexable,Critical need for investment | EDC
https://www.edc.ca/en/weekly-commentary/currencies-tumble.html,OK,Indexable,Currencies tumble as markets reprice risk | EDC
https://www.edc.ca/en/weekly-commentary/data-interpretation-for-business-growth.html,OK,Indexable,Importance of data interpretation for business planning | EDC
https://www.edc.ca/en/weekly-commentary/demand-for-vehicles-red-hot.html,OK,Indexable,Vehicle demand is hot | EDC
https://www.edc.ca/en/weekly-commentary/developing-markets-sovereign-debt-risks.html,OK,Indexable,Counting pennies | EDC
https://www.edc.ca/en/weekly-commentary/economic-benefits-of-mechanization.html,OK,Indexable,How mechanization benefits the economy | EDC
https://www.edc.ca/en/weekly-commentary/economic-downturns-much-shorter.html,OK,Indexable,Taking the long view | EDC
https://www.edc.ca/en/weekly-commentary/economic-fallout-ukraine.html,OK,Indexable,Economic fallout of the war in Ukraine | EDC
https://www.edc.ca/en/weekly-commentary/economic-growth-surges-pandemic-lingers.html,OK,Indexable,The fork in the road | EDC
https://www.edc.ca/en/weekly-commentary/economic-recovery-hard.html,OK,Indexable,Economic restart: A piece of cake? | EDC
https://www.edc.ca/en/weekly-commentary/economic-risk-in-export-markets.html,OK,Indexable,"Risky today, riskier tomorrow | EDC"
https://www.edc.ca/en/weekly-commentary/edc-canadian-trade-confidence-rebounds.html,OK,Indexable,Canadian trade confidence rebounds | EDC
https://www.edc.ca/en/weekly-commentary/edc-country-risk-ratings.html,OK,Indexable,Was the world a riskier place in 2021? | EDC
https://www.edc.ca/en/weekly-commentary/edc-global-trade-booming.html,OK,Indexable,"If supply chains are a mess, why is global trade booming? | EDC"
https://www.edc.ca/en/weekly-commentary/edc-industry-forecasting-tool.html,OK,Indexable,EDC's new industry forecasting tool
https://www.edc.ca/en/weekly-commentary/edc-it-takes-a-team.html,OK,Indexable,It takes a team | EDC
https://www.edc.ca/en/weekly-commentary/edc-monitoring-country-risks.html,OK,Indexable,Risky business: Monitoring global threats | EDC
https://www.edc.ca/en/weekly-commentary/edc-optimistic-economic-forecast.html,OK,Indexable,To immunity and beyond! | EDC
https://www.edc.ca/en/weekly-commentary/edc-survey-covid-19.html,OK,Indexable,EDC’s COVID-19 survey | EDC
https://www.edc.ca/en/weekly-commentary/edc-top-10-risks-commentary.html,OK,Indexable,Summertime and the livin’ isn’t all that easy | EDC
https://www.edc.ca/en/weekly-commentary/edc-top-global-risks-commentary.html,OK,Indexable,EDC Economics unveils annual Top 10 risks | EDC
https://www.edc.ca/en/weekly-commentary/edc-trends-watch.html,OK,Indexable,Avoiding market myopia | EDC
https://www.edc.ca/en/weekly-commentary/edc-valuable-global-economic-insights.html,OK,Indexable,"Global forecast: On track for strong, but uneven growth | EDC"
https://www.edc.ca/en/weekly-commentary/elections-in-latin-america.html,OK,Indexable,The elections in Latin America: Jitters continue to grow | EDC
https://www.edc.ca/en/weekly-commentary/emerging-market-growth.html,OK,Indexable,Who’s winning the emerging market growth race? | EDC
https://www.edc.ca/en/weekly-commentary/emerging-markets-fiscal-stress.html,OK,Indexable,"Clearing clouds in U.S., Europe darken other horizons | EDC"
https://www.edc.ca/en/weekly-commentary/end-of-capitalism.html,OK,Indexable,Capitalism: Make it or break it moment
https://www.edc.ca/en/weekly-commentary/energy-crisis-threat-europe-climate-goals.html,OK,Indexable,Decoding the signals from the noise | EDC
https://www.edc.ca/en/weekly-commentary/energy-transition-challenges-create-opportunities.html,OK,Indexable,Cleantech: Opportunity rocks | EDC
https://www.edc.ca/en/weekly-commentary/europe-business-challenges.html,OK,Indexable,Europe continues to face key challenges
https://www.edc.ca/en/weekly-commentary/europe-economic-growth.html,OK,Indexable,Europe fires up for economic growth
https://www.edc.ca/en/weekly-commentary/expanding-coronavirus-covid-19-threat.html,OK,Indexable,The expanding coronavirus (COVID-19) threat | EDC
https://www.edc.ca/en/weekly-commentary/export-insights-for-canadian-companies.html,OK,Indexable,U.S. export insights for Canadian companies
https://www.edc.ca/en/weekly-commentary/export-opportunities-in-africa.html,OK,Indexable,Resilience tested: Africa at a crossroads | EDC
https://www.edc.ca/en/weekly-commentary/export-outlook-by-industry.html,OK,Indexable,Export outlook by industry | EDC
https://www.edc.ca/en/weekly-commentary/export-outlook-canadian-sectors.html,OK,Indexable,Export outlook for Canadian sectors
https://www.edc.ca/en/weekly-commentary/export-related-terms.html,OK,Indexable,The ‘D’ Word is Back in the Export Related Terms | EDC
https://www.edc.ca/en/weekly-commentary/export-trade-increase-global-shipping-industry.html,OK,Indexable,Export and trade increase in global shipping industry
https://www.edc.ca/en/weekly-commentary/exporter-trade-confidence-gloomy.html,OK,Indexable,Trade confidence plummets from last year’s highs | EDC
https://www.edc.ca/en/weekly-commentary/exporters-worry-about-parity-plus.html,OK,Indexable,Exporters worry of a potential march back to 'parity-plus'
https://www.edc.ca/en/weekly-commentary/exports-global-recovery-gauge.html,OK,Indexable,Exports as a global recovery gauge | EDC
https://www.edc.ca/en/weekly-commentary/exports-in-emerging-markets.html,OK,Indexable,Exports in emerging markets
https://www.edc.ca/en/weekly-commentary/feeling-groovy.html,OK,Indexable,Feelin’ Groovy | EDC
https://www.edc.ca/en/weekly-commentary/fragile-global-economy.html,OK,Indexable,Global Economic Outlook: A ‘growth recession’ | EDC
https://www.edc.ca/en/weekly-commentary/gdp-data-covid-19.html,OK,Indexable,COVID-19: Reading the GDP data | EDC
https://www.edc.ca/en/weekly-commentary/georgia-on-my-mind.html,OK,Indexable,Georgia On My Mind | EDC
https://www.edc.ca/en/weekly-commentary/global-debt-is-going-up.html,OK,Indexable,Debtrimental development? - EDC
https://www.edc.ca/en/weekly-commentary/global-economic-outlook-covid-19.html,OK,Indexable,Imminent bounce-back from COVID-19? | EDC
https://www.edc.ca/en/weekly-commentary/global-economy-hard-road-ahead.html,OK,Indexable,Global economy faces a hard road ahead | EDC
https://www.edc.ca/en/weekly-commentary/global-economy-stuck-in-doldrums.html,OK,Indexable,Stuck in the doldrums | EDC
https://www.edc.ca/en/weekly-commentary/global-export-forecast-trade-slowdown.html,OK,Indexable,Global Export Forecast: Trade growth slows sharply | EDC
https://www.edc.ca/en/weekly-commentary/global-export-forecast-uneven.html,OK,Indexable,Global Export Forecast: Brighter days ahead | EDC
https://www.edc.ca/en/weekly-commentary/global-forecast-improves.html,OK,Indexable,Global forecast: The economic storm is passing | EDC
https://www.edc.ca/en/weekly-commentary/global-growth-surprise.html,OK,Indexable,The global growth surprise | EDC
https://www.edc.ca/en/weekly-commentary/global-need-for-new-investment.html,OK,Indexable,The global need for new investment | EDC
https://www.edc.ca/en/weekly-commentary/global-outlook-covid-19.html,OK,Indexable,We’re not through the worst bit…yet | EDC
https://www.edc.ca/en/weekly-commentary/global-outlook-hope-deferred.html,OK,Indexable,Global outlook: Hope deferred | EDC
https://www.edc.ca/en/weekly-commentary/global-recovery-uneven.html,OK,Indexable,The only way to go is up | EDC
https://www.edc.ca/en/weekly-commentary/global-shipping-gridlock.html,OK,Indexable,Is clogged global shipping system a temporary issue? | EDC
https://www.edc.ca/en/weekly-commentary/global-shipping-stays-upright.html,OK,Indexable,Global shipping stays upright | Export Development Canada
https://www.edc.ca/en/weekly-commentary/global-slowdown-high-stakes-game.html,OK,Indexable,Slowdown: High-stakes game | EDC
https://www.edc.ca/en/weekly-commentary/global-tourism-covid-19.html,OK,Indexable,Global tourism rocked by COVID-19 | EDC
https://www.edc.ca/en/weekly-commentary/global-trade-covid-19.html,OK,Indexable,COVID-19: Is global trade back up? | EDC
https://www.edc.ca/en/weekly-commentary/global-trade-policy-2020.html,OK,Indexable,Will 2020 bring an end to the policy pause? | EDC
https://www.edc.ca/en/weekly-commentary/globalization-economic-benefits.html,OK,Indexable,Has globalization reached a critical turning point? | EDC
https://www.edc.ca/en/weekly-commentary/go-for-the-growth.html,OK,Indexable,Go for the growth! | EDC
https://www.edc.ca/en/weekly-commentary/growing-trade-in-services-sector.html,OK,Indexable,Growing trade and exports in the services sector
https://www.edc.ca/en/weekly-commentary/impact-of-rising-interest-rates.html,OK,Indexable,"Impact of rising interest rates on growth, debt and currency"
https://www.edc.ca/en/weekly-commentary/india-economic-growth.html,OK,Indexable,Is India at risk? | EDC
https://www.edc.ca/en/weekly-commentary/industry-impact-covid-19.html,OK,Indexable,COVID-19: Some industries still submerged | EDC
https://www.edc.ca/en/weekly-commentary/inflation-fall-2021.html,OK,Indexable,Is a fall cooling for hot summer prices likely | EDC
https://www.edc.ca/en/weekly-commentary/inflation-fears-risk-to-growth.html,OK,Indexable,Are Inflation Fears a Risk to Growth? | EDC
https://www.edc.ca/en/weekly-commentary/inflation-prices-rising.html,OK,Indexable,"Inflation: should we be ecstatic, relieved or worried?"
https://www.edc.ca/en/weekly-commentary/inflation-spike.html,OK,Indexable,Uh-oh – Is Inflation Spike Back? | Export Development Canada
https://www.edc.ca/en/weekly-commentary/instability-triggers-in-plain-sight.html,OK,Indexable,Millennium of aftermath | EDC
https://www.edc.ca/en/weekly-commentary/interest-rate-reversal.html,OK,Indexable,Interest rate reversal? | EDC
https://www.edc.ca/en/weekly-commentary/interest-rates-on-hold.html,OK,Indexable,Interest rates on hold | EDC
https://www.edc.ca/en/weekly-commentary/international-trade-comeback.html,OK,Indexable,Is a comeback possible for international trade?
https://www.edc.ca/en/weekly-commentary/investment-steps-up.html,OK,Indexable,Business investment steps up | EDC
https://www.edc.ca/en/weekly-commentary/investments-opportunities-from-global-recovery.html,OK,Indexable,New investments and opportunities from global recovery
https://www.edc.ca/en/weekly-commentary/is-trade-diversification-worth-it.html,OK,Indexable,Is trade diversification worth it? | EDC
https://www.edc.ca/en/weekly-commentary/job-market-heats-up.html,OK,Indexable,Job market begins to heat up | EDC
https://www.edc.ca/en/weekly-commentary/labour-shortage-impacts-competitiveness.html,OK,Indexable,May the labour force be with you | EDC
https://www.edc.ca/en/weekly-commentary/latin-america-shifting-politics.html,OK,Indexable,Latin America: The ‘pink tide’s’ second surge | EDC
https://www.edc.ca/en/weekly-commentary/less-visible-victims-of-war.html,OK,Indexable,The less visible victims of the war | EDC
https://www.edc.ca/en/weekly-commentary/making-sense-of-trade-uncertainty.html,OK,Indexable,Helping to make sense of uncertainty | EDC
https://www.edc.ca/en/weekly-commentary/managing-the-mayhem.html,OK,Indexable,Managing the Mayhem | EDC
https://www.edc.ca/en/weekly-commentary/may-the-votes-be-with-you.html,OK,Indexable,May the votes be with you | EDC
https://www.edc.ca/en/weekly-commentary/metal-prices-in-upswing.html,OK,Indexable,Metal prices finally back in an upswing
https://www.edc.ca/en/weekly-commentary/mexican-moment.html,OK,Indexable,A Mexican moment | Export Development Canada
https://www.edc.ca/en/weekly-commentary/mexico-next-move.html,OK,Indexable,Mexico’s next move | EDC
https://www.edc.ca/en/weekly-commentary/monetary-policy-tightrope.html,OK,Indexable,The monetary policy tightrope | EDC
https://www.edc.ca/en/weekly-commentary/navigating-oil-market.html,OK,Indexable,Navigating the oil market: Are G-suits still required? | EDC
https://www.edc.ca/en/weekly-commentary/next-wave-of-jobs.html,OK,Indexable,The next wave of jobs | EDC
https://www.edc.ca/en/weekly-commentary/no-jet-setting-right-now.html,OK,Indexable,Grounded for now | EDC
https://www.edc.ca/en/weekly-commentary/oil-gas-covid-19.html,OK,Indexable,Oil and Gas and COVID-19 | EDC
https://www.edc.ca/en/weekly-commentary/organic-food-sector.html,OK,Indexable,Organic foods: Hot zone in a hot sector | EDC
https://www.edc.ca/en/weekly-commentary/paradox-of-shift.html,OK,Indexable,The paradox of shift | EDC
https://www.edc.ca/en/weekly-commentary/peter-hall-retires-from-edc.html,OK,Indexable,"Oh, the things that I’ve seen! | EDC"
https://www.edc.ca/en/weekly-commentary/plunging-infections-success-another-wave.html,OK,Indexable,"Plunging infections: Success, or just another wave? | EDC"
https://www.edc.ca/en/weekly-commentary/populism.html,OK,Indexable,Populism: On the way out? | EDC
https://www.edc.ca/en/weekly-commentary/post-pandemic-spending-splurge.html,OK,Indexable,The post-pandemic spending splurge | EDC
https://www.edc.ca/en/weekly-commentary/preconditions-trends-for-global-investment.html,OK,Indexable,Preconditions and trends for global investment
https://www.edc.ca/en/weekly-commentary/price-pressures-accelerating-canada.html,OK,Indexable,Price pressures in a post-pandemic world | EDC
https://www.edc.ca/en/weekly-commentary/rate-hikes-concern.html,OK,Indexable,Rate hikes add to the worry list | EDC
https://www.edc.ca/en/weekly-commentary/rcep-trade-deal-significance.html,OK,Indexable,RCEP: Significance of massive Asia-Pacific deal | EDC
https://www.edc.ca/en/weekly-commentary/reshoring-revitalization-american-manufacturing.html,OK,Indexable,Crisis is the mother of transformation| EDC
https://www.edc.ca/en/weekly-commentary/rising-geopolitical-risks.html,OK,Indexable,Why rising geopolitical risk matters | EDC
https://www.edc.ca/en/weekly-commentary/rising-uncertainty-tale-of-divergence.html,OK,Indexable,A Tale of Divergence | EDC
https://www.edc.ca/en/weekly-commentary/risk-friend-or-foe.html,OK,Indexable,Risk: Friend or foe? | EDC
https://www.edc.ca/en/weekly-commentary/rocky-global-economic-outlook.html,OK,Indexable,Global Economic Outlook: A rocky recovery | EDC
https://www.edc.ca/en/weekly-commentary/running-hot.html,OK,Indexable,Running Hot | EDC
https://www.edc.ca/en/weekly-commentary/sectors-in-focus-commentary.html,OK,Indexable,Here’s to the (Canadian) farmer | EDC
https://www.edc.ca/en/weekly-commentary/shipping-bustling-again.html,OK,Indexable,Shipping is bustling again | EDC
https://www.edc.ca/en/weekly-commentary/shortage-shipping-containers-critical-concern.html,OK,Indexable,Shortage of shipping containers a critical concern | EDC
https://www.edc.ca/en/weekly-commentary/soaring-lumber-prices-pandemic.html,OK,Indexable,Soaring wood prices: I’m stumped! | EDC
https://www.edc.ca/en/weekly-commentary/spiking-covid-19-cases.html,OK,Indexable,Spiking COVID-19 cases threaten Canada’s recovery | EDC
https://www.edc.ca/en/weekly-commentary/strong-economic-growth-ahead.html,OK,Indexable,"Economic outlook: ‘They say it’s not, but it’s hot!’ | EDC"
https://www.edc.ca/en/weekly-commentary/supply-chain-disruption.html,OK,Indexable,Is globalization dead (again)? | EDC
https://www.edc.ca/en/weekly-commentary/supply-chain-vulnerabilities.html,OK,Indexable,Not another article on supply chains!? | EDC
https://www.edc.ca/en/weekly-commentary/surge-in-trade-confidence-short-lived.html,OK,Indexable,Surge in trade confidence short-lived | EDC
https://www.edc.ca/en/weekly-commentary/surprise-of-the-decade.html,OK,Indexable,Surprise of the decade | EDC
https://www.edc.ca/en/weekly-commentary/surprise-of-the-year-2018.html,OK,Indexable,Surprise of the year | Export Development Canada
https://www.edc.ca/en/weekly-commentary/surprise-of-the-year.html,OK,Indexable,Surprise of the year: Stronger pact | EDC
https://www.edc.ca/en/weekly-commentary/tame-inflation-numbers.html,OK,Indexable,Prices: Why so tame? | EDC
https://www.edc.ca/en/weekly-commentary/technology-growth-post-pandemic.html,OK,Indexable,"Labour, technology and the post-COVID-19 world | EDC"
https://www.edc.ca/en/weekly-commentary/the-canada-australia-connection.html,OK,Indexable,The Canada-Australia connection | EDC
https://www.edc.ca/en/weekly-commentary/the-cusma-clock-is-ticking.html,OK,Indexable,The CUSMA clock is ticking | EDC
https://www.edc.ca/en/weekly-commentary/the-disease-of-dis-ease.html,OK,Indexable,The Disease of dis-ease? | EDC
https://www.edc.ca/en/weekly-commentary/the-end-of-easy-money.html,OK,Indexable,The End of Easy Money | EDC
https://www.edc.ca/en/weekly-commentary/the-heart-of-the-matter.html,OK,Indexable,The heart of the matter? | EDC
https://www.edc.ca/en/weekly-commentary/the-luddite-revival.html,OK,Indexable,Beware of the Luddite Revival | EDC
https://www.edc.ca/en/weekly-commentary/the-us-consumer-boom.html,OK,Indexable,The U.S. consumer boom | EDC
https://www.edc.ca/en/weekly-commentary/tight-job-market-worsens.html,OK,Indexable,Employers frustrated by tightening job market | EDC
https://www.edc.ca/en/weekly-commentary/tight-labour-conditions.html,OK,Indexable,Where have all the workers gone? | EDC
https://www.edc.ca/en/weekly-commentary/tight-labour-market.html,OK,Indexable,COVID-19: Labour shortage | EDC
https://www.edc.ca/en/weekly-commentary/tighter-times-global-economic-outlook.html,OK,Indexable,EDC’s Global Economic Outlook: Tighter Times | EDC
https://www.edc.ca/en/weekly-commentary/time-to-expand-into-emerging-markets.html,OK,Indexable,Going global: Time to tap into emerging markets | EDC
https://www.edc.ca/en/weekly-commentary/todays-data-agency-is-you.html,OK,Indexable,Today’s data agency: You! | EDC
https://www.edc.ca/en/weekly-commentary/top-10-risks-covid-19.html,OK,Indexable,Top 10 risks living in a COVID world | EDC
https://www.edc.ca/en/weekly-commentary/top-economic-issues-for-fall.html,OK,Indexable,Fall 2021 hot list | EDC
https://www.edc.ca/en/weekly-commentary/tourism-trade-war-victim.html,OK,Indexable,Is Tourism a Trade-War victim? | EDC
https://www.edc.ca/en/weekly-commentary/tracking-covid-19-economy.html,OK,Indexable,Tracking The COVID-19 Economy | EDC
https://www.edc.ca/en/weekly-commentary/trade-confidence-holding-ground.html,OK,Indexable,Trade Confidence Holding its Ground in Canada
https://www.edc.ca/en/weekly-commentary/trade-confidence-index-2020.html,OK,Indexable,Trade confidence among Canadian exporters hits all-time low | EDC
https://www.edc.ca/en/weekly-commentary/trade-confidence-powers-on.html,OK,Indexable,Trade confidence powers on | EDC
https://www.edc.ca/en/weekly-commentary/trade-consumer-confidence-paradox.html,OK,Indexable,The confidence paradox - EDC
https://www.edc.ca/en/weekly-commentary/trade-diversification-importance.html,OK,Indexable,Canada’s growth imperative: Trade diversification | EDC
https://www.edc.ca/en/weekly-commentary/trade-spats-one-sided.html,OK,Indexable,Are the big trade spats one-sided? | EDC
https://www.edc.ca/en/weekly-commentary/turning-the-page-to-2021.html,OK,Indexable,Turning the page to 2021 | EDC
https://www.edc.ca/en/weekly-commentary/two-speed-growth-global-economy.html,OK,Indexable,Two-speed global economy | EDC
https://www.edc.ca/en/weekly-commentary/ukraine-conflict-increases-country-risk.html,OK,Indexable,What happens in Ukraine reverberates everywhere | EDC
https://www.edc.ca/en/weekly-commentary/uncertainty-at-all-time-high.html,OK,Indexable,Uncertainty: At an all-time high? | EDC
https://www.edc.ca/en/weekly-commentary/upsurge-of-investment.html,OK,Indexable,Upsurge of investment | EDC
https://www.edc.ca/en/weekly-commentary/us-covid-stimulus-plan-surge.html,OK,Indexable,U.S. stimulus wave cresting | EDC
https://www.edc.ca/en/weekly-commentary/us-economic-outlook-strong.html,OK,Indexable,Economic outlook: U.S. in for banner year | EDC
https://www.edc.ca/en/weekly-commentary/us-housing-sign-global-revival.html,OK,Indexable,U.S. housing market: Sign of global revival? | EDC
https://www.edc.ca/en/weekly-commentary/us-labour-return-of-the-lost.html,OK,Indexable,U.S. Labour: Return of the lost  | EDC
https://www.edc.ca/en/weekly-commentary/value-of-business-economics.html,OK,Indexable,Business economics: A renaissance? | EDC
https://www.edc.ca/en/weekly-commentary/weak-demographics-slower-growth.html,OK,Indexable,Do weak demographics mean slower overall growth? | EDC
https://www.edc.ca/en/weekly-commentary/weak-global-economic-growth.html,OK,Indexable,Buckle up: It’s going to be a bumpy ride | EDC
https://www.edc.ca/en/weekly-commentary/weak-global-export-forecast.html,OK,Indexable,Flying low | EDC
https://www.edc.ca/en/weekly-commentary/what-happened-in-2018-and-what-can-we-learn-for-2019.html,OK,Indexable,What happened in 2018 and what can we learn for 2019 | EDC
https://www.edc.ca/en/weekly-commentary/what-s-the-new-model-edc.html,OK,Indexable,What’s the new model? | EDC
https://www.edc.ca/en/weekly-commentary/whats-logic-got-to-do-with-it.html,OK,Indexable,What’s logic got to do with it? | EDC
https://www.edc.ca/en/weekly-commentary/whats-up-with-global-shipping.html,OK,Indexable,What’s up with global shipping? | EDC
https://www.edc.ca/en/weekly-commentary/whos-my-neighbour.html,OK,Indexable,Who’s my neighbour? | EDC
https://www.edc.ca/en/weekly-commentary/will-robots-rule-the-roost.html,OK,Indexable,Will robots rule the roost? | EDC
https://www.edc.ca/en/weekly-commentary/will-the-us-china-trade-tiff-end-well.html,OK,Indexable,Will the U.S.-China trade tiff end well | EDC
https://www.edc.ca/en/weekly-commentary/yearning-return-to-normal.html,OK,Indexable,The return to normal | EDC
https://www.edc.ca/en/weekly-commentary/yield-curve-inversion.html,OK,Indexable,Yield curve | EDC
https://www.edc.ca/en/who-we-support.html,OK,Indexable,Who we support | EDC
https://www.edc.ca/en/who-we-support/sectors.html,Found,Non-Indexable,
https://www.edc.ca/en/who-we-support/sectors/agri-food.html,OK,Indexable,Support for Canadian agri-food exporters | EDC
https://www.edc.ca/en/who-we-support/sectors/cleantech.html,OK,Indexable,Support for Canadian cleantech exporters  | EDC
https://www.edc.ca/en/who-we-support/sectors/defence-and-security.html,OK,Indexable,Support for Canadian defence and security companies | EDC
https://www.edc.ca/en/who-we-support/sectors/energy.html,OK,Indexable,Support for the Canadian energy sector | EDC
https://www.edc.ca/fr.html,Moved Permanently,Non-Indexable,
https://www.edc.ca/fr/about-us.html,OK,Indexable,À propos de nous | EDC
https://www.edc.ca/fr/about-us/careers.html,OK,Indexable,Carrières | EDC
https://www.edc.ca/fr/about-us/careers/faqs.html,OK,Indexable,FAQ sur les carrières | EDC
https://www.edc.ca/fr/about-us/careers/inclusive-culture.html,OK,Indexable,Une culture inclusive | EDC
https://www.edc.ca/fr/about-us/careers/life-at-edc.html,OK,Indexable,La vie à EDC  | EDC
https://www.edc.ca/fr/about-us/careers/students.html,OK,Indexable,Programmes pour les étudiants | EDC
https://www.edc.ca/fr/about-us/careers/students/scholarships.html,OK,Indexable,Bourses d’études | EDC
https://www.edc.ca/fr/about-us/careers/welcome-edc-contract.html,OK,Non-Indexable,welcome-edc-contract
https://www.edc.ca/fr/about-us/careers/welcome-edc.html,OK,Non-Indexable,welcome-edc
https://www.edc.ca/fr/about-us/careers/welcome-findev-contract.html,OK,Non-Indexable,Bienvenue à FinDev Canada | EDC
https://www.edc.ca/fr/about-us/careers/welcome-findev.html,OK,Indexable,Bienvenue à FinDev Canada
https://www.edc.ca/fr/about-us/careers/welcome-singapore.html,Found,Non-Indexable,
https://www.edc.ca/fr/about-us/corporate-governance.html,Moved Permanently,Non-Indexable,
https://www.edc.ca/fr/about-us/corporate-governance/transparency-disclosure.html,OK,Indexable,Rapports de la Société | EDC
https://www.edc.ca/fr/about-us/corporate-governance/transparency-disclosure/2030-strategy.html,OK,Indexable,"Stratégie : Canada, leader du commerce international | EDC"
https://www.edc.ca/fr/about-us/corporate-governance/transparency-disclosure/2030-strategy/ceo-introduces-new-corporate-strategy.html,OK,Indexable,"Le Canada, leader du commerce mondial d’ici 2030 | EDC"
https://www.edc.ca/fr/about-us/corporate-governance/transparency-disclosure/annual-public-meeting.html,OK,Indexable,Assemblée publique annuelle 2026 d’EDC | EDC
https://www.edc.ca/fr/about-us/corporate-governance/transparency-disclosure/annual-report.html,Moved Permanently,Non-Indexable,
https://www.edc.ca/fr/about-us/corporate-governance/transparency-disclosure/annual-report/2018.html,OK,Indexable,Rapport annuel 2018 | EDC
https://www.edc.ca/fr/about-us/corporate-governance/transparency-disclosure/annual-report/2018/go-global.html,OK,Indexable,Percer | EDC
https://www.edc.ca/fr/about-us/corporate-governance/transparency-disclosure/annual-report/2018/grow.html,OK,Indexable,Croître | EDC
https://www.edc.ca/fr/about-us/corporate-governance/transparency-disclosure/annual-report/2018/leaders.html,OK,Indexable,Tracer la voie | EDC
https://www.edc.ca/fr/about-us/corporate-governance/transparency-disclosure/annual-report/2018/message-chair.html,OK,Indexable,Message du président du Conseil d’administration | EDC
https://www.edc.ca/fr/about-us/corporate-governance/transparency-disclosure/annual-report/2018/message-president-ceo.html,OK,Indexable,Message de la présidente et chef de la direction | EDC
https://www.edc.ca/fr/about-us/corporate-governance/transparency-disclosure/annual-report/2018/succeed.html,OK,Indexable,Réussir | EDC
https://www.edc.ca/fr/about-us/corporate-governance/transparency-disclosure/annual-report/2019.html,OK,Indexable,EDC – Rapport annuel 2019 | EDC
https://www.edc.ca/fr/about-us/corporate-governance/transparency-disclosure/annual-report/2019/champion-trade-enablement-2019.html,OK,Indexable,EDC a été un artisan de la facilitation du commerce en 2019 | EDC
https://www.edc.ca/fr/about-us/corporate-governance/transparency-disclosure/annual-report/2019/champion-trade-enablement-2019/advancing-trade-diversification-2019.html,OK,Indexable,Comment EDC a favorisé la diversification du commerce en 2019 | EDC
https://www.edc.ca/fr/about-us/corporate-governance/transparency-disclosure/annual-report/2019/champion-trade-enablement-2019/long-term-focus-2019.html,OK,Indexable,L’évolution en 2019 de la vision d’EDC axée sur le long terme | EDC
https://www.edc.ca/fr/about-us/corporate-governance/transparency-disclosure/annual-report/2019/champion-trade-enablement-2019/meeting-export-needs-2019.html,OK,Indexable,Les nouvelles initiatives d’EDC en 2019 | EDC
https://www.edc.ca/fr/about-us/corporate-governance/transparency-disclosure/annual-report/2019/champion-trade-enablement-2019/trade-environment-2019.html,OK,Indexable,Le regard d’EDC sur le contexte commercial mondial | EDC
https://www.edc.ca/fr/about-us/corporate-governance/transparency-disclosure/annual-report/2019/champion-trade-enablement-2019/trade-opportunities-2019.html,OK,Indexable,Les débouchés commerciaux créés par EDC en 2019 | EDC
https://www.edc.ca/fr/about-us/corporate-governance/transparency-disclosure/annual-report/2019/champion-trade-enablement-2019/vision-strategy-2019.html,OK,Indexable,La vision et la stratégie d’EDC pour 2019 | EDC
https://www.edc.ca/fr/about-us/corporate-governance/transparency-disclosure/annual-report/2019/corporate-governance-2019.html,OK,Indexable,La gouvernance à EDC en 2019 | EDC
https://www.edc.ca/fr/about-us/corporate-governance/transparency-disclosure/annual-report/2019/partner-canadian-exporters-2019.html,OK,Non-Indexable,"EDC, partenaire des exportateurs canadiens en 2019 | EDC"
https://www.edc.ca/fr/about-us/corporate-governance/transparency-disclosure/annual-report/2019/partner-canadian-exporters-2019/2019-csr-highlights.html,OK,Non-Indexable,Faits saillants en matière de responsabilité et durabilité des entreprises à EDC en 2019 | EDC
https://www.edc.ca/fr/about-us/corporate-governance/transparency-disclosure/annual-report/2019/partner-canadian-exporters-2019/about-this-report-2019.html,OK,Non-Indexable,À propos du Rapport annuel 2019 d’EDC | EDC
https://www.edc.ca/fr/about-us/corporate-governance/transparency-disclosure/annual-report/2019/partner-canadian-exporters-2019/chair-message-2019.html,OK,Non-Indexable,Message 2019 de la présidente du Conseil d’administration d’EDC | EDC
https://www.edc.ca/fr/about-us/corporate-governance/transparency-disclosure/annual-report/2019/partner-canadian-exporters-2019/message-from-ceo.html,OK,Non-Indexable,Message de la Présidente et chef de la direction | EDC
https://www.edc.ca/fr/about-us/corporate-governance/transparency-disclosure/annual-report/2019/partner-canadian-exporters-2019/performance-against-objectives-2019.html,OK,Non-Indexable,La performance d’EDC en 2019 | EDC
https://www.edc.ca/fr/about-us/corporate-governance/transparency-disclosure/annual-report/2019/partner-canadian-exporters-2019/regional-highlights-2019.html,OK,Non-Indexable,EDC a facilité beaucoup d’activités sur les marchés étrangers en 2019 | EDC
https://www.edc.ca/fr/about-us/corporate-governance/transparency-disclosure/annual-report/2019/responsible-sustainable-business-2019.html,OK,Indexable,EDC a fait la promotion de pratiques d’affaires responsables et durables en 2019 | EDC
https://www.edc.ca/fr/about-us/corporate-governance/transparency-disclosure/annual-report/2019/responsible-sustainable-business-2019/climate-change-disclosure-2019.html,OK,Indexable,Initiatives d’EDC pour contrer les changements climatiques en 2019 | EDC
https://www.edc.ca/fr/about-us/corporate-governance/transparency-disclosure/annual-report/2019/responsible-sustainable-business-2019/creating-great-workplace-2019.html,OK,Indexable,Comment EDC a créé un lieu de travail encore plus stimulant en 2019 | EDC
https://www.edc.ca/fr/about-us/corporate-governance/transparency-disclosure/annual-report/2019/responsible-sustainable-business-2019/csr-vision-framework-2019.html,OK,Indexable,La vision et le cadre de responsabilité et durabilité des entreprises (RDE) d’EDC en 2019 | EDC
https://www.edc.ca/fr/about-us/corporate-governance/transparency-disclosure/annual-report/2019/responsible-sustainable-business-2019/disclosure-and-transparency-2019.html,OK,Indexable,Initiatives d’EDC en matière de divulgation et de transparence en 2019 | EDC
https://www.edc.ca/fr/about-us/corporate-governance/transparency-disclosure/annual-report/2019/responsible-sustainable-business-2019/engaging-with-stakeholders-2019.html,OK,Indexable,Comment EDC a collaboré avec ses parties prenantes en 2019 | EDC
https://www.edc.ca/fr/about-us/corporate-governance/transparency-disclosure/annual-report/2019/responsible-sustainable-business-2019/human-rights-disclosure-2019.html,OK,Indexable,Les activités d’EDC liées aux droits de la personne en 2019 | EDC
https://www.edc.ca/fr/about-us/corporate-governance/transparency-disclosure/annual-report/2019/responsible-sustainable-business-2019/prioritizing-risk-management-2019.html,OK,Indexable,Initiatives d’EDC en matière de gestion des risques en 2019 | EDC
https://www.edc.ca/fr/about-us/corporate-governance/transparency-disclosure/annual-report/2019/responsible-sustainable-business-2019/promoting-business-integrity-2019.html,OK,Indexable,EDC a fait la promotion de l’intégrité dans les pratiques en 2019 | EDC
https://www.edc.ca/fr/about-us/corporate-governance/transparency-disclosure/annual-report/2019/responsible-sustainable-business-2019/protecting-environment-people-2019.html,OK,Indexable,Comment EDC a protégé les populations et l’environnement en 2019 | EDC
https://www.edc.ca/fr/about-us/corporate-governance/transparency-disclosure/annual-report/2019/responsible-sustainable-business-2019/strengthen-communities-2019.html,OK,Indexable,Comment EDC a redonné en 2019 | EDC
https://www.edc.ca/fr/about-us/corporate-governance/transparency-disclosure/annual-report/2020.html,OK,Indexable,Exportation et développement Canada Rapport annuel 2020 | EDC
https://www.edc.ca/fr/about-us/corporate-governance/transparency-disclosure/annual-report/2020/chair-message.html,OK,Indexable,Message de la présidente du Conseil Rapport annuel 2020 | EDC
https://www.edc.ca/fr/about-us/corporate-governance/transparency-disclosure/annual-report/2020/highlights.html,OK,Indexable,Faits saillants - Rapport annuel 2020 | EDC
https://www.edc.ca/fr/about-us/corporate-governance/transparency-disclosure/annual-report/2020/president-ceo-message.html,OK,Indexable,Message de la chef de la direction Rapport annuel 2020 | EDC
https://www.edc.ca/fr/about-us/corporate-governance/transparency-disclosure/annual-report/2020/senior-vp-sustainable-business-message.html,OK,Indexable,Message PVP  – Commerce durable Rapport annuel 2020 | EDC
https://www.edc.ca/fr/about-us/corporate-governance/transparency-disclosure/annual-report/2020/standing-up-champion-people-planet.html,OK,Indexable,"EDC, championne des gens et de la planète  | EDC"
https://www.edc.ca/fr/about-us/corporate-governance/transparency-disclosure/annual-report/2020/stepping-up-supporting-canadian-business.html,OK,Indexable,Aide aux entreprises canadiennes au pays et ailleurs | EDC
https://www.edc.ca/fr/about-us/corporate-governance/transparency-disclosure/annual-report/2021.html,OK,Indexable,Rapport annuel 2021 | EDC
https://www.edc.ca/fr/about-us/corporate-governance/transparency-disclosure/annual-report/2021/chair-message.html,OK,Indexable,Message de la présidente du Conseil 2021 | EDC
https://www.edc.ca/fr/about-us/corporate-governance/transparency-disclosure/annual-report/2021/chief-corporate-sustainability-officer-message.html,OK,Indexable,Entretien avec la chef du développement durable 2021 | EDC
https://www.edc.ca/fr/about-us/corporate-governance/transparency-disclosure/annual-report/2021/customers-first.html,OK,Indexable,Prioriser les besoins du client − Rapport annuel 2021 | EDC
https://www.edc.ca/fr/about-us/corporate-governance/transparency-disclosure/annual-report/2021/future-focused.html,OK,Indexable,Miser sur les secteurs porteurs − Rapport annuel 2021 | EDC
https://www.edc.ca/fr/about-us/corporate-governance/transparency-disclosure/annual-report/2021/performance.html,OK,Indexable,Performance − Rapport annuel 2021 | EDC
https://www.edc.ca/fr/about-us/corporate-governance/transparency-disclosure/annual-report/2021/president-ceo-message.html,OK,Indexable,Message de la présidente et chef de la direction 2021 | EDC
https://www.edc.ca/fr/about-us/corporate-governance/transparency-disclosure/annual-report/2021/values-led.html,OK,Indexable,Nous démarquer par nos valeurs − Rapport annuel 2021 | EDC
https://www.edc.ca/fr/about-us/corporate-governance/transparency-disclosure/annual-report/2022.html,OK,Indexable,Rapport annuel 2022 | EDC
https://www.edc.ca/fr/about-us/corporate-governance/transparency-disclosure/annual-report/2022/accelerating-success.html,OK,Indexable,Accélérer le succès − Rapport annuel 2022 | EDC
https://www.edc.ca/fr/about-us/corporate-governance/transparency-disclosure/annual-report/2022/chair-message.html,OK,Indexable,Message du président du Conseil 2022| EDC
https://www.edc.ca/fr/about-us/corporate-governance/transparency-disclosure/annual-report/2022/chief-sustainability-officer-message.html,OK,Indexable,Entretien avec la chef du développement durable 2022 | EDC
https://www.edc.ca/fr/about-us/corporate-governance/transparency-disclosure/annual-report/2022/economy-of-the-future.html,OK,Indexable,Économie de l'avenir Rapport annuel 2022 | EDC
https://www.edc.ca/fr/about-us/corporate-governance/transparency-disclosure/annual-report/2022/embedding-esg.html,OK,Indexable,Intégrer les pratiques ESG − Rapport annuel 2022 | EDC
https://www.edc.ca/fr/about-us/corporate-governance/transparency-disclosure/annual-report/2022/performance.html,OK,Indexable,Résultats − Rapport annuel 2022 | EDC
https://www.edc.ca/fr/about-us/corporate-governance/transparency-disclosure/annual-report/2022/president-ceo-message.html,OK,Indexable,Message de la présidente et chef de la direction 2022 | EDC
https://www.edc.ca/fr/about-us/corporate-governance/transparency-disclosure/annual-report/2023.html,OK,Non-Indexable,Rapport annuel 2023 | EDC
https://www.edc.ca/fr/about-us/corporate-governance/transparency-disclosure/annual-report/2023/board-chair-message.html,OK,Non-Indexable,Message de la présidente du Conseil − 2023 | EDC
https://www.edc.ca/fr/about-us/corporate-governance/transparency-disclosure/annual-report/2023/chief-risk-sustainability-officer-message.html,OK,Non-Indexable,Message de la chef de la gestion des risques et du développement durable − 2023 | EDC
https://www.edc.ca/fr/about-us/corporate-governance/transparency-disclosure/annual-report/2023/inclusion.html,OK,Non-Indexable,Inclusion − Rapport annuel 2023 | EDC
https://www.edc.ca/fr/about-us/corporate-governance/transparency-disclosure/annual-report/2023/passion-for-customers.html,OK,Non-Indexable,Passion du client − Rapport annuel 2023 | EDC
https://www.edc.ca/fr/about-us/corporate-governance/transparency-disclosure/annual-report/2023/performance.html,OK,Non-Indexable,Performance − Rapport annuel 2023 | EDC
https://www.edc.ca/fr/about-us/corporate-governance/transparency-disclosure/annual-report/2023/president-ceo-message.html,OK,Non-Indexable,Message de la présidente et chef de la direction − 2023 | EDC
https://www.edc.ca/fr/about-us/corporate-governance/transparency-disclosure/annual-report/2023/sustainability.html,OK,Non-Indexable,Durabilité  − Rapport annuel 2023 | EDC
https://www.edc.ca/fr/about-us/corporate-governance/transparency-disclosure/annual-report/2024.html,OK,Non-Indexable,Rapport annuel 2024 | EDC
https://www.edc.ca/fr/about-us/corporate-governance/transparency-disclosure/annual-report/2025.html,OK,Indexable,Rapport annuel 2025 | EDC
https://www.edc.ca/fr/about-us/corporate.html,Found,Non-Indexable,
https://www.edc.ca/fr/about-us/corporate/disclosure.html,OK,Indexable,Transparence et divulgation | EDC
https://www.edc.ca/fr/about-us/corporate/disclosure/access-information-privacy.html,OK,Indexable,L’accès à l'information et protection des renseignements personnels | EDC
https://www.edc.ca/fr/about-us/corporate/disclosure/info-source.html,OK,Indexable,Bienvenue au site Web Info Source d’Exportation et développement Canada | EDC
https://www.edc.ca/fr/about-us/corporate/disclosure/public-queries.html,OK,Indexable,EDC répond à des demandes de renseignements de la part du public | EDC
https://www.edc.ca/fr/about-us/corporate/disclosure/public-servants-disclosure-protection-act.html,OK,Indexable,Loi sur la protection des fonctionnaires divulgateurs | EDC
https://www.edc.ca/fr/about-us/corporate/disclosure/reporting-transactions.html,OK,Indexable,Déclaration des transactions | EDC
https://www.edc.ca/fr/about-us/corporate/disclosure/reporting-transactions/canada-account.html,OK,Indexable,Compte du Canada | EDC
https://www.edc.ca/fr/about-us/corporate/disclosure/reporting-transactions/canadian-industry-sub-sector-2013.html,OK,Indexable,Sous-secteur de l'économie canadienne 2013 | EDC
https://www.edc.ca/fr/about-us/corporate/disclosure/reporting-transactions/canadian-industry-sub-sector-2014.html,OK,Indexable,Sous-secteur de l'économie canadienne 2014 | EDC
https://www.edc.ca/fr/about-us/corporate/disclosure/reporting-transactions/canadian-industry-sub-sector-2015.html,OK,Indexable,Sous-secteur de l'économie canadienne 2015 | EDC
https://www.edc.ca/fr/about-us/corporate/disclosure/reporting-transactions/canadian-industry-sub-sector-2016.html,OK,Indexable,Sous-secteur de l'économie canadienne 2016 | EDC
https://www.edc.ca/fr/about-us/corporate/disclosure/reporting-transactions/canadian-industry-sub-sector-2017.html,OK,Indexable,Sous-secteur de l'économie canadienne 2017 | EDC
https://www.edc.ca/fr/about-us/corporate/disclosure/reporting-transactions/canadian-industry-sub-sector-2018.html,OK,Indexable,Sous-secteur de l'économie canadienne 2018 | EDC
https://www.edc.ca/fr/about-us/corporate/disclosure/reporting-transactions/canadian-industry-sub-sector-2019.html,OK,Indexable,Sous-secteur de l'économie canadienne 2019 | EDC
https://www.edc.ca/fr/about-us/corporate/disclosure/reporting-transactions/canadian-industry-sub-sector-2020.html,OK,Indexable,Sous-secteur de l'économie canadienne 2020 | EDC
https://www.edc.ca/fr/about-us/corporate/disclosure/reporting-transactions/canadian-industry-sub-sector-2021.html,OK,Indexable,Sous-secteur de l'économie canadienne 2021 | EDC
https://www.edc.ca/fr/about-us/corporate/disclosure/reporting-transactions/canadian-industry-sub-sector-2022.html,OK,Indexable,Sous-secteur de l'économie canadienne 2022 | EDC
https://www.edc.ca/fr/about-us/corporate/disclosure/reporting-transactions/canadian-industry-sub-sector-2023.html,OK,Indexable,Secteurs industriels canadiens 2023 | EDC
https://www.edc.ca/fr/about-us/corporate/disclosure/reporting-transactions/canadian-industry-sub-sector-2024.html,OK,Indexable,Secteurs industriels canadiens 2024 | EDC
https://www.edc.ca/fr/about-us/corporate/disclosure/reporting-transactions/canadian-industry-sub-sector-2025.html,OK,Indexable,Secteurs industriels canadiens 2025 | EDC
https://www.edc.ca/fr/about-us/corporate/disclosure/reporting-transactions/canadian-volume.html,OK,Indexable,Information regroupée sur les activités facilitées par région où est situé l'exportateur (Canada) | EDC
https://www.edc.ca/fr/about-us/corporate/disclosure/reporting-transactions/category-a-prior.html,OK,Indexable,Projets de la catégorie A pour lesquels le délai de divulgation préalable était inférieur à 30 jours | EDC
https://www.edc.ca/fr/about-us/corporate/disclosure/reporting-transactions/category-a.html,OK,Indexable,Projets de catégorie A à l'étude | EDC
https://www.edc.ca/fr/about-us/corporate/disclosure/reporting-transactions/heavily-indebted-countries.html,OK,Indexable,Pays pauvres très endettés | EDC
https://www.edc.ca/fr/about-us/corporate/disclosure/reporting-transactions/historic-individual-transactions.html,OK,Indexable,Renseignements sur les transactions individuelles historiques | EDC
https://www.edc.ca/fr/about-us/corporate/disclosure/reporting-transactions/individual-transaction-information.html,OK,Indexable,Information sur une transaction donnée | EDC
https://www.edc.ca/fr/about-us/corporate/disclosure/reporting-transactions/regional-volume.html,OK,Indexable,Information regroupée sur les activités facilitées par région | EDC
https://www.edc.ca/fr/about-us/corporate/disclosure/reporting-transactions/signed-category-a-after-november-2010.html,OK,Indexable,Projets de catégorie A bénéficiant d'un appui depuis 1er novembre 2010 | EDC
https://www.edc.ca/fr/about-us/corporate/disclosure/reporting-transactions/signed-category-a-prior-november-2010.html,OK,Indexable,Projets de catégorie A bénéficiant d’un appui au 1er novembre 2010 | EDC
https://www.edc.ca/fr/about-us/corporate/disclosure/reporting-transactions/signed-category-b.html,OK,Indexable,Projets de catégorie B signés bénéficiant d’un appui | EDC
https://www.edc.ca/fr/about-us/corporate/disclosure/travel-hospitality-expenses.html,OK,Indexable,Frais de déplacement et de présentation | EDC
https://www.edc.ca/fr/about-us/corporate/disclosure/travel-hospitality-expenses/historic-travel-hospitality-expenses.html,OK,Indexable,Archives sur les frais de déplacement et d’accueil | EDC
https://www.edc.ca/fr/about-us/corporate/findev-development-finance-institution.html,OK,Indexable,Institution de financement du développement | EDC
https://www.edc.ca/fr/about-us/corporate/management-governance.html,OK,Indexable,Gestion et gouvernance | EDC
https://www.edc.ca/fr/about-us/corporate/management-governance/audits.html,OK,Indexable,Vérifications | EDC
https://www.edc.ca/fr/about-us/corporate/management-governance/disclosure-of-wrongdoing.html,OK,Indexable,Divulgation d’actes répréhensibles | EDC
https://www.edc.ca/fr/about-us/corporate/procurement.html,OK,Indexable,Pour les fournisseurs | EDC
https://www.edc.ca/fr/about-us/esg.html,OK,Indexable,Les facteurs ESG à EDC | EDC
https://www.edc.ca/fr/about-us/esg/agreements-memberships.html,OK,Indexable,Accords et adhésions | EDC
https://www.edc.ca/fr/about-us/esg/environment.html,OK,Indexable,Environnement | EDC
https://www.edc.ca/fr/about-us/esg/environment/net-zero.html,OK,Indexable,Carboneutralité | EDC
https://www.edc.ca/fr/about-us/esg/environment/operational-footprint.html,OK,Indexable,Empreinte opérationnelle | EDC
https://www.edc.ca/fr/about-us/esg/environment/priority-sectors.html,OK,Indexable,Secteurs prioritaires | EDC
https://www.edc.ca/fr/about-us/esg/equator-principles.html,OK,Indexable,Les Principes de l’Équateur | EDC
https://www.edc.ca/fr/about-us/esg/esg-governance.html,OK,Indexable,Gouvernance ESG | EDC
https://www.edc.ca/fr/about-us/esg/esg-governance/business-integrity.html,OK,Indexable,Intégrité des entreprises | EDC
https://www.edc.ca/fr/about-us/esg/esg-governance/esg-advisory-council.html,OK,Indexable,Conseil consultatif ESG | EDC
https://www.edc.ca/fr/about-us/esg/esg-governance/policies-and-reports.html,OK,Indexable,Politiques et rapports | EDC
https://www.edc.ca/fr/about-us/esg/esg-governance/stakeholder-engagement.html,OK,Indexable,Mobilisation des parties prenantes | EDC
https://www.edc.ca/fr/about-us/esg/esg-governance/stakeholder-engagement/policy-review-feedback.html,OK,Indexable,Examen des politiques - Commentaires | EDC
https://www.edc.ca/fr/about-us/esg/esg-governance/stakeholder-engagement/policy-review.html,OK,Indexable,Examen des politiques | EDC
https://www.edc.ca/fr/about-us/esg/esg-metrics.html,OK,Indexable,Indicateurs ESG | EDC
https://www.edc.ca/fr/about-us/esg/risk-management.html,OK,Indexable,Gestion des risques | EDC
https://www.edc.ca/fr/about-us/esg/social.html,OK,Indexable,Incidence sociale | EDC
https://www.edc.ca/fr/about-us/esg/social/human-rights.html,OK,Indexable,Droits de la personne | EDC
https://www.edc.ca/fr/about-us/esg/social/inclusion-diversity-and-equity.html,OK,Indexable,"Inclusion, diversité et équité | EDC"
https://www.edc.ca/fr/about-us/esg/social/inclusive-trade.html,OK,Indexable,Commerce inclusif | EDC
https://www.edc.ca/fr/about-us/esg/social/our-communities.html,OK,Indexable,Nos collectivités | EDC
https://www.edc.ca/fr/about-us/esg/sustainable-finance.html,OK,Indexable,Financement durable | EDC
https://www.edc.ca/fr/about-us/investors.html,OK,Indexable,Relations avec les investisseurs | EDC
https://www.edc.ca/fr/about-us/investors/access-denied.html,OK,Indexable,Restrictions d’accès | EDC
https://www.edc.ca/fr/about-us/investors/debt-issuance-programmes.html,OK,Non-Indexable,Programmes d’émission de titres de créance | EDC
https://www.edc.ca/fr/about-us/investors/restrictions-on-access.html,OK,Indexable,Relations avec les investisseurs | EDC
https://www.edc.ca/fr/about-us/investors/risk-weighting.html,OK,Indexable,Notation et pondération des risques | EDC
https://www.edc.ca/fr/about-us/investors/sustainable-bonds.html,OK,Indexable,Obligations durables | EDC
https://www.edc.ca/fr/about-us/news.html,OK,Indexable,Salle de presse | EDC
https://www.edc.ca/fr/about-us/news/2015-year-end-results.html,OK,Indexable,Résultats d’EDC pour 2015 : exportateurs et investisseurs canadiens luttent pour rester sur la scène internationale malgré le ralentissement de l’économie mondiale | EDC
https://www.edc.ca/fr/about-us/news/2016-year-end-results.html,OK,Indexable,EDC affiche des activités record à l’appui des entreprises canadiennes en 2016 | EDC
https://www.edc.ca/fr/about-us/news/2018-highlights.html,OK,Indexable,EDC a soufflé dans les voiles du commerce canadien en 2018 | EDC
https://www.edc.ca/fr/about-us/news/2019-cleantech-export-stars.html,OK,Indexable,EDC dévoile sa liste des étoiles de l’exportation et des entreprises à surveiller pour 2019 | EDC
https://www.edc.ca/fr/about-us/news/2020-cleantech-export-stars.html,OK,Indexable,Célébrer les réussites du secteur canadien des technologies propres : EDC annonce les étoiles de l’exportation et les entreprises à surveiller pour 2020 | EDC
https://www.edc.ca/fr/about-us/news/2021-cleantech-export-stars.html,OK,Indexable,EDC annonce les étoiles de l’exportation pour 2021 | EDC
https://www.edc.ca/fr/about-us/news/2024-community-investment-day.html,OK,Indexable,Journée d’investissement 2024 | EDC
https://www.edc.ca/fr/about-us/news/2025-integrated-annual-report.html,OK,Indexable,Résultats 2025 et son bilan en matière de durabilité | EDC
https://www.edc.ca/fr/about-us/news/adam-chowaniec-memorial-fund.html,OK,Indexable,Démarrage Canada et EDC lancent un appel de demandes pour le Fonds commémoratif Adam Chowaniec pour l’entrepreneuriat mondial | EDC
https://www.edc.ca/fr/about-us/news/alberta-lte-2017.html,OK,Indexable,"La relance du secteur albertain de l’énergie soutiendra la reprise des exportations nationales, selon EDC | EDC"
https://www.edc.ca/fr/about-us/news/alstom-edc-partnership.html,OK,Indexable,Alstom et Exportation et développement Canada renouvellent leur partenariat stratégique durable | EDC
https://www.edc.ca/fr/about-us/news/atlanta-representation-2019.html,OK,Indexable,EDC ouvre sa première représentation aux États-Unis | EDC
https://www.edc.ca/fr/about-us/news/bcs-exports-build-on-last-years-success.html,OK,Indexable,"Les exportations de la Colombie-Britannique poursuivront sur la lancée de 2016, selon EDC | EDC"
https://www.edc.ca/fr/about-us/news/best-50-corp-citizen-2018.html,OK,Indexable,EDC nommée au palmarès des 50 meilleures entreprises citoyennes du Canada de Corporate Knights | EDC
https://www.edc.ca/fr/about-us/news/best-export-credit-agency-2016.html,OK,Indexable,EDC reconnue comme le meilleur organisme de crédit à l’exportation mondial par Trade Finance| EDC
https://www.edc.ca/fr/about-us/news/board-chair.html,OK,Indexable,Le ministre Champagne annonce la nomination de la présidente du conseil d’administration d’Exportation et développement Canada
https://www.edc.ca/fr/about-us/news/bombardier-investigation-edc-response.html,OK,Indexable,Réponse d’EDC à la déclaration provisoire de Bombardier sur l’enquête de la Banque mondiale - EDC
https://www.edc.ca/fr/about-us/news/brossard-quebec-office.html,OK,Indexable,EDC ouvre un nouveau bureau à Brossard afin d’aider les entreprises de la Rive-Sud à percer à l’étranger | EDC
https://www.edc.ca/fr/about-us/news/buddys-kitchen.html,OK,Indexable,Buddy’s Kitchen obtient d’EDC des garanties de prêts de 850 000 CAD pour accroître ses ventes à l’étranger | EDC
https://www.edc.ca/fr/about-us/news/cad-green-bond.html,OK,Indexable,"Exportation et développement Canada émet sa première obligation verte en dollars canadiens, répondant à l’intérêt grandissant suscité par le financement de l’action climatique dans le monde | EDC"
https://www.edc.ca/fr/about-us/news/canadian-exporters-facing-risk.html,OK,Indexable,"Une avalanche de risques et une multitude de débouchés se présenteront aux exportateurs canadiens, selon les prévisions mondiales d’EDC | EDC"
https://www.edc.ca/fr/about-us/news/cit-launch.html,OK,Indexable,Les sociétés canadiennes disposent désormais d’une façon plus rapide et plus simple d’assurer leurs ventes à l’exportation | EDC
https://www.edc.ca/fr/about-us/news/cleantech-coinvestment-pyrowave-2018.html,OK,Indexable,EDC lance un programme destiné à soutenir la réussite des entreprises canadiennes en démarrage du secteur des technologies propres | EDC
https://www.edc.ca/fr/about-us/news/cleantech-export-stars-2017.html,OK,Indexable,Exportation et développement Canada reconnaît trois entreprises canadiennes des technologies propres s’étant démarquées en faisant rayonner l’innovation canadienne à l’étranger | EDC
https://www.edc.ca/fr/about-us/news/cleantech-export-stars.html,OK,Indexable,Les étoiles canadiennes 2018 de l’exportation des technologies propres d’EDC : imaginer des solutions aux problèmes planétaires et faire rayonner l’innovation canadienne | EDC
https://www.edc.ca/fr/about-us/news/cleantech-export-week-2019.html,OK,Indexable,La Semaine de l’exportation dans les technologies propres : un événement pour les innovateurs du secteur au Canada et leur vaste écosystème de soutien | EDC
https://www.edc.ca/fr/about-us/news/cleantech-export-week.html,OK,Indexable,Semaine de l’exportation dans les technologies propres : amener les entreprises canadiennes vers un potentiel mondial de 23 billions de dollars | EDC
https://www.edc.ca/fr/about-us/news/cleantech-week-news-release.html,OK,Indexable,L’incitation à l’action du Canada pour son secteur des technologies propres:Une opportunité d’un billion de dollars | EDC
https://www.edc.ca/fr/about-us/news/clear-blue-technologies.html,OK,Indexable,Ce fonds de roulement permettra à Clear Blue Technologies | EDC
https://www.edc.ca/fr/about-us/news/climate-change-policy-2019.html,OK,Indexable,EDC publie sa nouvelle Politique sur les changements climatiques | EDC
https://www.edc.ca/fr/about-us/news/climate-financial-disclosure.html,OK,Indexable,EDC parmi les premières à s’engager à renforcer la transparence de ses renseignements financiers liés au climat | EDC
https://www.edc.ca/fr/about-us/news/colton-international.html,OK,Indexable,"Grâce à une garantie de prêt de 1.9M CAD d'EDC, Colton International de Vancouver pourra faire croître ses ventes aux États-Unis et en Asie | EDC"
https://www.edc.ca/fr/about-us/news/covid-19-oil-gas-support.html,OK,Indexable,EDC renforce les capacités financières des sociétés canadiennes de pétrole et de gaz naturel | EDC
https://www.edc.ca/fr/about-us/news/csr-advisory-council.html,OK,Indexable,EDC nomme de nouveaux membres à son Conseil consultatif sur la RSE | EDC
https://www.edc.ca/fr/about-us/news/deloitte-mentoring.html,OK,Indexable,EDC propose des services de mentorat à l’exportation aux lauréates du concours des sociétés les mieux gérées au Canada de Deloitte | EDC
https://www.edc.ca/fr/about-us/news/eca-alliances-2018.html,OK,Indexable,EDC s’allie à des OCE en Inde et en Hongrie afin d’augmenter les débouchés pour les entreprises canadiennes - Exportation et Développement Canada | EDC
https://www.edc.ca/fr/about-us/news/ecolomondo-2019.html,OK,Indexable,EDC accorde un soutien financier à Ecolomondo | EDC
https://www.edc.ca/fr/about-us/news/ecotagious-2019.html,OK,Indexable,L’entreprise canadienne du secteur des technologies propres Ecotagious se constitue un fonds de roulement avec le soutien d’EDC
https://www.edc.ca/fr/about-us/news/edc-12-billion-cleantech.html,OK,Indexable,EDC soutien 12 milliards aux technologies propres | EDC
https://www.edc.ca/fr/about-us/news/edc-20-years-india.html,OK,Indexable,EDC : 20 ans de présence en Inde | EDC
https://www.edc.ca/fr/about-us/news/edc-2020-year-end-release.html,OK,Indexable,"Au cours d’une année dominée par la pandémie, EDC accroît son soutien à un nombre record d’entreprises canadiennes | EDC"
https://www.edc.ca/fr/about-us/news/edc-2022-year-end-announcement.html,OK,Indexable,EDC soutient un nombre record d’entreprises | EDC
https://www.edc.ca/fr/about-us/news/edc-achieves-record-results-for-canadian-companies-on-the-global-stage.html,OK,Indexable,EDC produit des résultats records pour les entreprises canadiennes sur la scène mondiale - Exportation et Developpement Canada | EDC
https://www.edc.ca/fr/about-us/news/edc-and-bmo-announcement-on-sustainable-finance-solutions.html,OK,Indexable,Collaboration entre BMO et EDC sur la finance durable | EDC
https://www.edc.ca/fr/about-us/news/edc-and-nexi-sign-partnership-to-strengthen-canada-japan-trade.html,OK,Indexable,Signature d’un partenariat entre EDC et NEXI pour solidifer les relations commerciales Canada-Japon | EDC
https://www.edc.ca/fr/about-us/news/edc-apg-neuros-investment.html,OK,Indexable,EDC investit 10 millions de dollars dans un fabricant qui révolutionne le traitement des eaux usées | EDC
https://www.edc.ca/fr/about-us/news/edc-bdc-techfinancing-2018.html,OK,Indexable,Un nouveau financement de 50 millions de dollars aux entreprises technologiques canadiennes | EDC
https://www.edc.ca/fr/about-us/news/edc-best-eca-2018.html,OK,Indexable,EDC désignée meilleur organisme de crédit à l’exportation en 2018 | EDC
https://www.edc.ca/fr/about-us/news/edc-bombardier-review.html,OK,Indexable,EDC conclut son examen indépendant du programme de conformité et d’éthique de Bombardier | EDC
https://www.edc.ca/fr/about-us/news/edc-care-partnership.html,OK,Indexable,EDC et CARE Canada célèbrent dix ans de partenariat novateur | EDC
https://www.edc.ca/fr/about-us/news/edc-cboc-sme-net-zero-report.html,OK,Indexable,Soutien aux PMES est essentiel pour la carboneutralite | EDC
https://www.edc.ca/fr/about-us/news/edc-ceo-reappointment.html,OK,Indexable,EDC se réjouit du renouvellement du mandat de sa présidente | EDC
https://www.edc.ca/fr/about-us/news/edc-chicago-2019.html,OK,Indexable,EDC ouvre une représentation à Chicago pour servir le Midwest | EDC
https://www.edc.ca/fr/about-us/news/edc-ci-day.html,OK,Indexable,Les employés d’EDC à l’œuvre lors de la Journée d’investissement dans la collectivité | EDC
https://www.edc.ca/fr/about-us/news/edc-cib-nmg.html,OK,Indexable,Financement accordé par EDC et la BIC à Nouveau Monde Graphite | EDC
https://www.edc.ca/fr/about-us/news/edc-cleantech-export-week-2021.html,OK,Indexable,Semaine de l’exportation des technologies propres | EDC
https://www.edc.ca/fr/about-us/news/edc-cleantech-export-week-2022.html,OK,Indexable,Semaine des technologies propres : La décarbonation | EDC
https://www.edc.ca/fr/about-us/news/edc-cleantech-export-week-2023.html,OK,Non-Indexable,Semaine de l’exportation des technologies propres 2023 | EDC
https://www.edc.ca/fr/about-us/news/edc-cleantech-export-week.html,OK,Indexable,Semaine de l’exportation des technologies propres : aider les innovateurs du secteur au Canada à composer avec un contexte sans précédent | EDC
https://www.edc.ca/fr/about-us/news/edc-cleantech-report-2023.html,OK,Indexable,Rapport d’EDC : Les politiques publiques mondiales dynamisent les technologies propres | EDC
https://www.edc.ca/fr/about-us/news/edc-cleantech-report-2024.html,OK,Indexable,Rapport 2024 sur les technologies propres | EDC
https://www.edc.ca/fr/about-us/news/edc-cleantech-report-2025.html,OK,Indexable,Rapport 2025 sur les technologies propres | EDC
https://www.edc.ca/fr/about-us/news/edc-colombia-10-years.html,OK,Indexable,EDC célèbre ses dix ans en Colombie | EDC
https://www.edc.ca/fr/about-us/news/edc-coronavirus-business-support.html,OK,Indexable,EDC prête à aider les entreprises canadiennes pendant la pandémie de coronavirus | EDC
https://www.edc.ca/fr/about-us/news/edc-coronavirus-domestic-support.html,OK,Indexable,"Par son nouveau mandat sur le marché canadien, EDC est appelée à jouer un plus grand rôle pour soutenir toutes les entreprises canadiennes durant la crise de la COVID-19 | EDC"
https://www.edc.ca/fr/about-us/news/edc-coronavirus-medium-sized-support.html,OK,Indexable,EDC annonce une aide accrue pour épauler plus d’entreprises durant la crise de la COVID-19 | EDC
https://www.edc.ca/fr/about-us/news/edc-covid-business-support.html,OK,Indexable,Crise de la COVID-19 : EDC au secours des entreprises canadiennes | EDC
https://www.edc.ca/fr/about-us/news/edc-dal-partnership.html,OK,Indexable,EDC et l’Université Dalhousie s’unissent pour former la prochaine génération de chefs d’entreprise ouverts sur le monde | EDC
https://www.edc.ca/fr/about-us/news/edc-eca-statement-support-ukraine-2023.html,OK,Indexable,Déclaration commune de soutien à l’Ukraine | EDC
https://www.edc.ca/fr/about-us/news/edc-education-scholarship-recipients-2023.html,OK,Indexable,EDC annonce les bénéficiaires des bourses d’études 2023 | EDC
https://www.edc.ca/fr/about-us/news/edc-education-scholarship-recipients-2024.html,OK,Indexable,EDC annonce les bénéficiaires des bourses d’études 2024 | EDC
https://www.edc.ca/fr/about-us/news/edc-education-scholarship-recipients-2025.html,OK,Indexable,EDC annonce les bénéficiaires des bourses d’études 2025 | EDC
https://www.edc.ca/fr/about-us/news/edc-ericsson-defence-smes.html,OK,Indexable,Ericsson et EDC soutiennent PME de la défense | EDC
https://www.edc.ca/fr/about-us/news/edc-ericsson-mou.html,OK,Indexable,EDC et Ericsson faire croitre la technologie au Canada | EDC
https://www.edc.ca/fr/about-us/news/edc-esg-advisory-council-updates-2022.html,OK,Indexable,EDC apporte des changements au Conseil consultatif ESG | EDC
https://www.edc.ca/fr/about-us/news/edc-esrm-policy-review-2023.html,OK,Indexable,EDC améliore pratiques ESG suivant examen des politiques | EDC
https://www.edc.ca/fr/about-us/news/edc-finances-corvus-energy.html,OK,Indexable,"EDC accorde un financement de 6,5 M CAD à l’écoentreprise Corvus Energy pour appuyer son rayonnement international | EDC"
https://www.edc.ca/fr/about-us/news/edc-financing-dubai-solar-park.html,OK,Indexable,EDC accorde un financement au projet Solar Park de Dubaï à l’appui de la conclusion d’un contrat de premier plan avec Canadian Solar | EDC
https://www.edc.ca/fr/about-us/news/edc-financing-torngat-metals.html,OK,Indexable,Financement d’EDC pour Métaux Torngat | EDC
https://www.edc.ca/fr/about-us/news/edc-fondsftq-partnership.html,OK,Indexable,Partenariat entre le Fonds de solidarité FTQ et EDC | EDC
https://www.edc.ca/fr/about-us/news/edc-fpt-corporation-mou.html,OK,Indexable,Protocole d’entente entre EDC et FPT | EDC
https://www.edc.ca/fr/about-us/news/edc-g7-eca-statement-2024.html,OK,Indexable,Communiqué de Dirigeants des OEC du G7 | EDC
https://www.edc.ca/fr/about-us/news/edc-ge-gcp-partnership.html,OK,Indexable,GE et EDC unissent leurs forces pour développer l'exportation canadienne et faire avancer la transition énergétique | EDC
https://www.edc.ca/fr/about-us/news/edc-geo-spring-2020.html,OK,Indexable,"Selon un nouveau rapport d’EDC, le moment de la relance économique dépend de la durée de la crise de la COVID-19 | EDC"
https://www.edc.ca/fr/about-us/news/edc-global-export-forecast-2021.html,OK,Indexable,EDC prévoit une reprise du commerce international | EDC
https://www.edc.ca/fr/about-us/news/edc-green-bond-2019.html,OK,Indexable,Exportation et développement Canada tarifie sa cinquième obligation verte à 500 M CAD pour répondre à la demande croissante en investissements verts | EDC
https://www.edc.ca/fr/about-us/news/edc-growing-professionals-g7-eca-joint-statement.html,OK,Indexable,Dirigeants d’organismes de crédit à l’exportation G7 | EDC
https://www.edc.ca/fr/about-us/news/edc-helps-discover-expand-in-sk.html,OK,Indexable,EDC aide la société Discover Energy de Vancouver à rayonner en Corée du Sud | EDC
https://www.edc.ca/fr/about-us/news/edc-host-berne-union-agm.html,OK,Indexable,EDC accueille l’AG de l’Union de Berne | EDC
https://www.edc.ca/fr/about-us/news/edc-iar-2023.html,OK,Indexable,"Les solutions d’EDC ont facilité 131,4 milliards | EDC"
https://www.edc.ca/fr/about-us/news/edc-iar-2024.html,OK,Indexable,"Les solutions d’EDC ont facilité 123,4 milliards en 2024 | EDC"
https://www.edc.ca/fr/about-us/news/edc-ina-mou.html,OK,Indexable,EDC et l’Indonesia Investment Authority annoncent un partenariat stratégique de 825 millions de dollars canadiens pour accroître les possibilités d’investissement entre le Canada et l’Indonésie | EDC
https://www.edc.ca/fr/about-us/news/edc-international-fossil-fuel-reduction.html,OK,Indexable,Adhésion d'EDC aux directives sur la Déclaration de Glasgow | EDC
https://www.edc.ca/fr/about-us/news/edc-investment-matching-2023.html,OK,Indexable,Extension du programme de capital-développement | EDC
https://www.edc.ca/fr/about-us/news/edc-investment-matching-program-cleantech.html,OK,Indexable,Le Programme d’investissement de contrepartie d’EDC au secours des entreprises de technologies propres pendant la pandémie de COVID-19 | EDC
https://www.edc.ca/fr/about-us/news/edc-invests-cad-13-5m-in-equity-into-bid.html,OK,Indexable,"EDC investit 13,5 M$ CA en capitaux propres dans BID Group Holdings Ltd. pour stimuler la création d’occasions d’affaires internationales | EDC"
https://www.edc.ca/fr/about-us/news/edc-invests-in-cleantech-2018.html,OK,Indexable,EDC investit sept millions de dollars dans une entreprise canadienne de technologies propre | EDC
https://www.edc.ca/fr/about-us/news/edc-issues-sixth-green-bond.html,OK,Indexable,EDC émet sa sixième obligation verte | EDC
https://www.edc.ca/fr/about-us/news/edc-issues-third-green-bond.html,OK,Indexable,Émission d’une 3e obligation verte par Exportation et développement Canada pour répondre à la demande croissante en investissements vert | EDC
https://www.edc.ca/fr/about-us/news/edc-issues-tokenized-bond.html,OK,Indexable,EDC a émis la première obligation jetonisée du Canada | EDC
https://www.edc.ca/fr/about-us/news/edc-jakarta-representation-opening.html,OK,Indexable,Un nouveau bureau ouvre les frontières de l’Indonésie aux exportateurs  | EDC
https://www.edc.ca/fr/about-us/news/edc-japan-representation-opening.html,OK,Indexable,Ouverture de la représentation d'EDC au Japon | EDC
https://www.edc.ca/fr/about-us/news/edc-jbic-mou-signing.html,OK,Indexable,Protocole d’entente EDC et JBIC | EDC
https://www.edc.ca/fr/about-us/news/edc-joint-news-release-rve.html,OK,Indexable,Plus de 7 M$ investi dans RVE | EDC
https://www.edc.ca/fr/about-us/news/edc-lotte-shopping-guarantee.html,OK,Indexable,EDC soutien Lotte Shopping avec financement | EDC
https://www.edc.ca/fr/about-us/news/edc-mars-partnership.html,OK,Indexable,"Le partenariat de MaRS et d’Exportation et développement Canada, à l’appui de la réussite internationale des entreprises canadiennes du domaine des sciences et des technologies | EDC"
https://www.edc.ca/fr/about-us/news/edc-masan-mou-partnership.html,OK,Indexable,EDC signe son premier partenariat au Vietnam avec Masan Group | EDC
https://www.edc.ca/fr/about-us/news/edc-media-statement-hidroituango-project.html,OK,Indexable,"Communiqué : EDC rencontre des représentants de la société civile, dont Movimiento Ríos Vivos, Above Ground et Amnistie internationale Canada | EDC"
https://www.edc.ca/fr/about-us/news/edc-mexico-anniversary-event.html,OK,Indexable,Célébrer 20 ans de création de débouchés pour les entreprises canadiennes au Mexique | EDC
https://www.edc.ca/fr/about-us/news/edc-mexico-milestone.html,OK,Indexable,Exportation et développement Canada : 25 ans de présence au Mexique | EDC
https://www.edc.ca/fr/about-us/news/edc-mid-year-2022-tci.html,OK,Indexable,Chute de confiance chez les exportateurs depuis 2021 | EDC
https://www.edc.ca/fr/about-us/news/edc-mid-year-tci-2021.html,OK,Indexable,La confiance des exportateurs canadiens augmente | EDC
https://www.edc.ca/fr/about-us/news/edc-mid-year-tci-2023.html,OK,Indexable,Sondage : Confiance des exportateurs se raffermit | EDC
https://www.edc.ca/fr/about-us/news/edc-mou-ukraine.html,OK,Indexable,EDC et OCE s’engagent à coopérer en faveur de l’Ukraine | EDC
https://www.edc.ca/fr/about-us/news/edc-named-among-canadas-best-diversity-employers.html,OK,Indexable,EDC named among Best Diversity Employers for 2018 | EDC
https://www.edc.ca/fr/about-us/news/edc-named-capital-region-top-employers.html,OK,Indexable,Exportation et développement Canada nommée parmi les meilleurs employeurs de la région de la capitale nationale en 2017 | EDC
https://www.edc.ca/fr/about-us/news/edc-named-future-40-responsible-corporate-leader.html,OK,Indexable,EDC figure au classement des 40 futurs leaders canadiens en responsabilité sociale des entreprises de Corporate Knights | EDC
https://www.edc.ca/fr/about-us/news/edc-net-zero-2050-update-2022.html,OK,Indexable,Nouvelles mesures : carboneutralité d’ici 2050 | EDC
https://www.edc.ca/fr/about-us/news/edc-net-zero-2050.html,OK,Indexable,EDC s’engage à atteindre la carboneutralité d’ici 2050 | EDC
https://www.edc.ca/fr/about-us/news/edc-net-zero-alliance.html,OK,Indexable,Organismes de crédit forment alliance carboneutralité | EDC
https://www.edc.ca/fr/about-us/news/edc-nokia-gcp-partnership.html,OK,Indexable,"Nokia, EDC progressent la 5G au Canada | EDC"
https://www.edc.ca/fr/about-us/news/edc-opens-in-pei.html,OK,Indexable,​Exportation et développement Canada ouvre un bureau à l’I.-P- É. afin d’aider les petites entreprises qui souhaitent exporter | EDC
https://www.edc.ca/fr/about-us/news/edc-pays-1B-dividend-to-goc.html,OK,Non-Indexable,EDC verse un dividende d’un milliard de dollars au gouvernement du Canada | EDC
https://www.edc.ca/fr/about-us/news/edc-philippines-representation-opening.html,OK,Indexable,EDC débarque à Manille | EDC
https://www.edc.ca/fr/about-us/news/edc-plenary-partnership.html,OK,Indexable,EDC et Plenary Asia Pacific annoncent un partenariat pour le commerce d’exportation | EDC
https://www.edc.ca/fr/about-us/news/edc-president-ceo.html,OK,Indexable,EDC accueille Alison Nankivell à titre de nouvelle présidente et chef de la direction | EDC
https://www.edc.ca/fr/about-us/news/edc-pt-indonesia-partnership.html,OK,Indexable,EDC et PT Indonesia IIF annoncent un partenariat | EDC
https://www.edc.ca/fr/about-us/news/edc-ptsmi-indonesia-partnership.html,OK,Indexable,EDC et PT Indonesia SMI annoncent un partenariat | EDC
https://www.edc.ca/fr/about-us/news/edc-san-miguel-mou.html,OK,Indexable,EDC et San Miguel Corporation s’allient pour resserrer les liens commerciaux entre les Philippines et le Canada | EDC
https://www.edc.ca/fr/about-us/news/edc-saudi-exim-mou.html,OK,Indexable,EDC et la Banque saoudienne d’import-export signent une entente visant à renforcer le commerce et l’investissement entre le Canada et l’Arabie saoudite | EDC
https://www.edc.ca/fr/about-us/news/edc-sells-copperleaf-technologies-shares.html,OK,Indexable,EDC vend ses actions dans Copperleaf Technologies | EDC
https://www.edc.ca/fr/about-us/news/edc-seoul-representation-opening.html,OK,Indexable,EDC ouvre une nouvelle représentation en Corée du Sud | EDC
https://www.edc.ca/fr/about-us/news/edc-sk-ecoplant-financing.html,OK,Indexable,EDC octroie un financement à SK ecoplant | EDC
https://www.edc.ca/fr/about-us/news/edc-sk-group-mou.html,OK,Indexable,Signature d’un partenariat entre EDC et SK Group | EDC
https://www.edc.ca/fr/about-us/news/edc-sk-group-mou1.html,OK,Indexable,EDC and SK Group MOU | EDC
https://www.edc.ca/fr/about-us/news/edc-statement-ceba-oag-audit.html,OK,Indexable,Déclaration d’EDC sur le programme du CUEC | EDC
https://www.edc.ca/fr/about-us/news/edc-statement-oag-report-esrd.html,OK,Indexable,Déclaration d’EDC sur le rapport du BVG | EDC
https://www.edc.ca/fr/about-us/news/edc-supports-agrifood-exporters-pursuing-new-markets.html,OK,Indexable,EDC soutient les exportateurs agroalimentaires | EDC
https://www.edc.ca/fr/about-us/news/edc-supports-canadian-media-and-entertainment-industry.html,OK,Indexable,EDC soutient l'industrie canadienne des médias et du divertissement | EDC
https://www.edc.ca/fr/about-us/news/edc-supports-critical-minerals-sector.html,OK,Indexable,EDC intensifie son soutien au secteur canadien des minéraux critiques | EDC
https://www.edc.ca/fr/about-us/news/edc-supports-defence-security-sector.html,OK,Indexable,EDC soutien secteur canadien de la défense et sécurité | EDC
https://www.edc.ca/fr/about-us/news/edc-supports-vivecrop.html,OK,Indexable,EDC soutient une entreprise agricole novatrice qui aide les cultivateurs à augmenter leur production et à réduire leur impact sur l’environnement - Exportation et développement Canada | EDC
https://www.edc.ca/fr/about-us/news/edc-sustainable-bond-framework-2022.html,OK,Indexable,EDC publie son cadre d’obligations durables novateur | EDC
https://www.edc.ca/fr/about-us/news/edc-tci-spring-2024.html,OK,Indexable,Regain de confiance des exportateurs canadiens | EDC
https://www.edc.ca/fr/about-us/news/edc-tci-summer-2025.html,OK,Indexable,Sondage d’EDC : L’incertitude commerciale assombrit les perspectives des exportateurs canadiens | EDC
https://www.edc.ca/fr/about-us/news/edc-tci-winter-2023.html,OK,Indexable,Confiance des exportateurs affaiblit | EDC
https://www.edc.ca/fr/about-us/news/edc-tci-winter-20231.html,OK,Indexable,Challenging economic conditions impact exporter confidence|EDC
https://www.edc.ca/fr/about-us/news/edc-tci-winter-2026.html,OK,Indexable,Sondage : les entreprises canadiennes prévoient de percer sur de nouveaux marchés | EDC
https://www.edc.ca/fr/about-us/news/edc-thailand-representation-opening.html,OK,Indexable,Nouvelle représentation en Thaïlande | EDC
https://www.edc.ca/fr/about-us/news/edc-top-100-employer-2019.html,OK,Indexable,EDC célèbre ses 75 ans en se hissant au palmarès des 100 meilleurs employeurs | EDC
https://www.edc.ca/fr/about-us/news/edc-trade-confidence-2020-year-end.html,OK,Indexable,La confiance des exportateurs canadiens rebondit après avoir atteint son plus bas niveau historique selon EDC | EDC
https://www.edc.ca/fr/about-us/news/edc-trade-confidence-all-time-low.html,OK,Indexable,La confiance commerciale des exportateurs canadiens atteint un creux historique selon EDC | EDC
https://www.edc.ca/fr/about-us/news/edc-trade-confidence-december-2019.html,OK,Indexable,"La confiance commerciale au plus bas en huit ans, selon le sondage d’EDC | EDC"
https://www.edc.ca/fr/about-us/news/edc-trade-impact-program.html,OK,Indexable,EDC soutient les exportateurs face à l’incertitude commerciale | EDC
https://www.edc.ca/fr/about-us/news/edc-ukef-mou-signing.html,OK,Indexable,EDC et UKEF signent un protocole d’entente | EDC
https://www.edc.ca/fr/about-us/news/edc-vietnam-representation-opening.html,OK,Indexable,EDC annonce une nouvelle représentation au Vietnam | EDC
https://www.edc.ca/fr/about-us/news/edc-vinacapital-mou-signing.html,OK,Indexable,EDC et VinaCapital signent un protocole d’entente | EDC
https://www.edc.ca/fr/about-us/news/edc-westdawn-settlement-2019.html,OK,Indexable,EDC met fin au litige l’opposant à Westdawn Investments | EDC
https://www.edc.ca/fr/about-us/news/edc-westdawn-statement-2019.html,OK,Indexable,Communiqué de presse : EDC regrette d’avoir octroyé un prêt à Westdawn Investments en 2015 | EDC
https://www.edc.ca/fr/about-us/news/edc-women-trade-2020.html,OK,Indexable,EDC multiplie les occasions pour les femmes en commerce | EDC
https://www.edc.ca/fr/about-us/news/edc-year-end-2019-results.html,OK,Indexable,"EDC conclut 2019, soutenant des milliers d’entreprises canadiennes sur la scène mondiale | EDC"
https://www.edc.ca/fr/about-us/news/edc-year-end-2022-tci.html,OK,Indexable,La confiance des exportateurs connaît une baisse | EDC
https://www.edc.ca/fr/about-us/news/edc-year-end-tci-2021.html,OK,Indexable,Les exportateurs demeurent optimistes selon sondage | EDC
https://www.edc.ca/fr/about-us/news/edc-year-in-review-2022.html,OK,Indexable,2022 :  une année de reprise houleuse | EDC
https://www.edc.ca/fr/about-us/news/edc-youth-scholarship-applications-2023.html,OK,Indexable,Les bourses d'études sont ouvertes aux nouvelles candidatures | EDC
https://www.edc.ca/fr/about-us/news/editorial-improving-csr.html,OK,Indexable,Benoit Daignault : Il vaut mieux aider qu’exclure une entreprise tenant d’améliorer son bilan de RSE | EDC
https://www.edc.ca/fr/about-us/news/egp-1billion.html,OK,Indexable,Bond de 15 % des PME canadiennes ayant opté en 2015 pour la garantie d’exportations d’EDC afin d’assurer leurs ventes à l’étranger | EDC
https://www.edc.ca/fr/about-us/news/energy-sector-rebound-boosts-skatchewans-export-performance.html,OK,Indexable,"La reprise dans l’énergie dynamisera les exportations de la Saskatchewan, selon EDC | EDC"
https://www.edc.ca/fr/about-us/news/energygeeks-solar.html,OK,Indexable,Financement de 1 M$ à  EnergyGeeks | EDC
https://www.edc.ca/fr/about-us/news/equisoft-investment.html,OK,Indexable,EDC investit dans un fournisseur de solutions numériques | EDC
https://www.edc.ca/fr/about-us/news/exo-s.html,OK,Indexable,L’entreprise sherbrookoise Exo-s étend ses activités à l’étranger à l’aide d’un financement de 4 millions de dollars d’EDC | EDC
https://www.edc.ca/fr/about-us/news/export-growth-hub.html,OK,Indexable,Le nouveau Carrefour de la croissance des exportations d’EDC oriente les entreprises du Sud Ouest de l’Ontario vers les occasions d’affaires internationales | EDC
https://www.edc.ca/fr/about-us/news/findev-board-2019.html,OK,Indexable,FinDev Canada annonce la composition de son conseil d'administration | EDC
https://www.edc.ca/fr/about-us/news/findevcanada.html,OK,Indexable,L’institution de financement du développement du Canada nomme son directeur général et présente sa nouvelle marque FinDev Canada | EDC
https://www.edc.ca/fr/about-us/news/fitt-partnership.html,OK,Indexable,EDC et le FITT s’allient pour former la prochaine génération de chefs de file en commerce au Canada | EDC
https://www.edc.ca/fr/about-us/news/fonds-de-solidarite-ftq-edc-invest-abipa.html,OK,Indexable,Fonds de solidarité FTQ et EDC investi dans Abipa | EDC
https://www.edc.ca/fr/about-us/news/foreign-affiliate-sales.html,OK,Indexable,L’investissement à l’étranger crée des emplois et de la croissance au Canada : Nouvelle étude d’EDC | EDC
https://www.edc.ca/fr/about-us/news/g7-heads-eca-meeting-statement-2026.html,OK,Indexable,Dirigeants d’organismes de crédit à l’exportation du G7 – Communiqué | EDC
https://www.edc.ca/fr/about-us/news/g7-statement-may-2023.html,OK,Indexable,Déclaration commune des dirigeants des OCE du G7 | EDC
https://www.edc.ca/fr/about-us/news/ge-and-edc-host-supplier-day-in-welland.html,OK,Indexable,GE Canada et EDC organisent une séance de jumelage visant à cultiver des débouchés à l’exportation pour les entreprises canadiennes spécialisées dans les pièces de moteur | EDC
https://www.edc.ca/fr/about-us/news/gef-fall-2018.html,OK,Indexable,Les exportations canadiennes auront le vent dans les voiles | EDC
https://www.edc.ca/fr/about-us/news/gef-spring-2018.html,OK,Indexable,Prévisions à l’exportation d’EDC : les secteurs faisant face aux vents contraires les plus forts afficheront la croissance la plus rapide - Exportations et Développement Canada | EDC
https://www.edc.ca/fr/about-us/news/global-100.html,OK,Indexable,Nombre inédit de 13 entreprises canadiennes au palmarès Global Cleantech 100 | EDC
https://www.edc.ca/fr/about-us/news/global-cleantech100-2019.html,OK,Indexable,Des entreprises canadiennes au palmarès Cleantech 100 List | EDC
https://www.edc.ca/fr/about-us/news/global-economic-outlook-autumn-2019.html,OK,Indexable,"Le sort de l’économie mondiale dépend des décisions en matière de politiques d’une poignée d’acteurs, selon EDC | EDC"
https://www.edc.ca/fr/about-us/news/global-economic-outlook-fall.html,OK,Indexable,Perspectives économiques d’EDC | EDC
https://www.edc.ca/fr/about-us/news/global-export-forecast-alberta.html,OK,Indexable,"Les exportations albertaines pâtiront en 2016, mais inscriront une croissance dans les deux chiffres en 2017 | EDC"
https://www.edc.ca/fr/about-us/news/global-export-forecast-atlantic.html,OK,Indexable,EDC prévoit que l’énergie et les minerais métalliques stimuleront la croissance des exportations du Canada atlantique en 2017 | EDC
https://www.edc.ca/fr/about-us/news/global-export-forecast-british-columbia.html,OK,Indexable,La foresterie et l’agroalimentaire dynamiseront les exportations de la Colombie-Britannique en 2016 et 2017 | EDC
https://www.edc.ca/fr/about-us/news/global-export-forecast-fall-2016.html,OK,Indexable,"EDC prévoit qu’après une année 2016 terne, la croissance des exportations canadiennes retrouvera son éclat en 2017 | EDC"
https://www.edc.ca/fr/about-us/news/global-export-forecast-fall-2017.html,OK,Indexable,Les entreprises canadiennes et américaines souhaitent visiblement faire plus d’affaires ensemble | EDC
https://www.edc.ca/fr/about-us/news/global-export-forecast-manitoba.html,OK,Indexable,La diversification dynamisera la performance des exportations manitobaines en 2016 et préparera la voie à de nouveaux gains en 2017 | EDC
https://www.edc.ca/fr/about-us/news/global-export-forecast-newfoundland-labrador.html,OK,Indexable,"Après une année 2016 difficile, les exportations de Terre-Neuve-et-Labrador connaîtront un net rebond l’an prochain | EDC"
https://www.edc.ca/fr/about-us/news/global-export-forecast-nova-scotia.html,OK,Indexable,Les exportations de la Nouvelle-Écosse grimperont en 2016 et poursuivront sur leur lancée en 2017 | EDC
https://www.edc.ca/fr/about-us/news/global-export-forecast-ontario.html,OK,Indexable,​L’Ontario sera le chef de file des exportations canadiennes en 2016 | EDC
https://www.edc.ca/fr/about-us/news/global-export-forecast-quebec.html,OK,Indexable,L’envolée de l’industrie aéronautique imprimera une croissance continue aux exportations du Québec cette année et l’an prochain | EDC
https://www.edc.ca/fr/about-us/news/global-export-forecast-saskatchewan.html,OK,Indexable,L’agroalimentaire éperonnera la croissance des exportations de la Saskatchewan en 2016 | EDC
https://www.edc.ca/fr/about-us/news/global-trade-reviews-best-deals-of-2016.html,OK,Indexable,EDC récompensée par Global Trade Review pour l’une des meilleures transactions de 2016 | EDC
https://www.edc.ca/fr/about-us/news/globe-and-mail-response.html,OK,Indexable,EDC répond au Globe and Mail - Salutations de l’« Étoile de la Mort » | EDC
https://www.edc.ca/fr/about-us/news/globe-export-stars.html,OK,Indexable,EDC récompense les étoiles de l’exportation des technologies propres du Canada au Globe Forum | EDC
https://www.edc.ca/fr/about-us/news/gsm-project-secures-5-million-financing-from-edc-and-bdc-capita.html,OK,Indexable,GSM Project obtient un financement de 5 millions de dollars d’EDC et BDC Capital | EDC
https://www.edc.ca/fr/about-us/news/heads-of-g7-export-credit-agencies-meeting-statement.html,OK,Indexable,Dirigeants d’organismes de crédit à l’exportation du G7 – Communiqué | EDC
https://www.edc.ca/fr/about-us/news/hio-employer-award.html,OK,Indexable,EDC reçoit le Prix employeur d’excellence d’EIO | EDC
https://www.edc.ca/fr/about-us/news/human-rights-policy.html,OK,Indexable,EDC à l’avant-garde des enjeux touchant les entreprises et les droits de la personne | EDC
https://www.edc.ca/fr/about-us/news/inclusive-trade-investments-program.html,OK,Indexable,EDC s’engage à verser 200 M$ en appui aux exportateurs issus de la diversité et sous-représentés | EDC
https://www.edc.ca/fr/about-us/news/india-canadian-suppliers.html,OK,Indexable,La plus grande société d’infrastructures de l’Inde doublera son approvisionnement auprès de fournisseurs canadiens grâce au jumelage d’EDC | EDC
https://www.edc.ca/fr/about-us/news/india-year-end.html,OK,Indexable,Une année exceptionnelle pour EDC en Inde à l’appui des entreprises canadiennes | EDC
https://www.edc.ca/fr/about-us/news/international-womens-day-2019.html,OK,Indexable,La Journée internationale des femmes 2019 | EDC
https://www.edc.ca/fr/about-us/news/investment-matching-reliable-capital-for-sme-exporters.html,OK,Indexable,EDC offre un financement permanent pour le commerce | EDC
https://www.edc.ca/fr/about-us/news/ise-metals.html,OK,Indexable,"EDC accorde 1,25 M USD en financement à ISE Metal Inc. pour augmenter ses ventes au Mexique | EDC"
https://www.edc.ca/fr/about-us/news/iwd-gender-equality.html,OK,Indexable,Exportation et développement Canada se fait promoteur et défenseur de l’égalité des sexes | EDC
https://www.edc.ca/fr/about-us/news/latin-america-a-key-market-for-canadian-exporters.html,OK,Indexable,Amérique latine : un marché clé pour les exportateurs et investisseurs canadiens - Exportation et Developpement Canada | EDC
https://www.edc.ca/fr/about-us/news/legislative-review.html,OK,Indexable,Exportation et développement Canada explique comment elle compte répondre aux besoins changeants des exportateurs canadiens | EDC
https://www.edc.ca/fr/about-us/news/letter-to-minister-carr.html,OK,Indexable,Lettre de M. Irman à l’honorable Gordon Carr | EDC
https://www.edc.ca/fr/about-us/news/linear-transfer-automation-financing.html,OK,Indexable,"EDC apporte un financement de 2,5 millions de dollars canadiens à Linear Transfer Automation Inc. | EDC"
https://www.edc.ca/fr/about-us/news/london-united-kingdom.html,OK,Indexable,EDC s’implante à Londres | EDC
https://www.edc.ca/fr/about-us/news/manitobah.html,OK,Indexable,"Manitobah Mukluks a recours à une garantie de prêt de 3,5 M$ d’EDC pour faire croître ses exportations à l'étranger | EDC"
https://www.edc.ca/fr/about-us/news/media-statement-snc-lavalin-review.html,OK,Indexable,Communiqué : EDC publie les conclusions de l’enquête sur la transaction d’assurance de 2011 conclue avec SNC-Lavalin - EDC
https://www.edc.ca/fr/about-us/news/new-board-of-directors-and-leg-review-2018.html,OK,Indexable,EDC accueille la nomination des nouveaux membres du Conseil d’administration | EDC
https://www.edc.ca/fr/about-us/news/new-ceo-lavery.html,OK,Indexable,EDC accueille la nouvelle présidente et chef de la direction : Mairead Lavery | EDC
https://www.edc.ca/fr/about-us/news/non-resource-exports.html,OK,Indexable,Les exportations hors ressources joueront un rôle central en 2016 | EDC
https://www.edc.ca/fr/about-us/news/oecd-particpants-statement-2023.html,OK,Indexable,Déclaration des participants de l'OCDE | EDC
https://www.edc.ca/fr/about-us/news/oil-and-gas-750m.html,OK,Indexable,Un financement d’EDC de 750 M CAD consacré aux PME du secteur du pétrole et du gaz naturel | EDC
https://www.edc.ca/fr/about-us/news/on-the-rebound-manitobas-among-the-most-diversified.html,OK,Indexable,"La diversification rehaussera la performance à l’export du Manitoba, selon EDC | EDC"
https://www.edc.ca/fr/about-us/news/ppoptica-2019.html,OK,Indexable,EDC investit dans P&P Optica | EDC
https://www.edc.ca/fr/about-us/news/public-input-env-review-2018.html,OK,Indexable,EDC entame une consultation publique dans le cadre de l’examen de ses politiques de gestion des risques environnementaux et sociaux - Exportation et Développement Canada | EDC
https://www.edc.ca/fr/about-us/news/quebec-exports-take-off.html,OK,Indexable,"Les exportations québécoises décolleront au cours des deux prochaines années, malgré un risque de turbulences | EDC"
https://www.edc.ca/fr/about-us/news/quebec-smes-expand-investment-2018.html,OK,Indexable,"EDC aide les PME québécoises à percer les marchés européens grâce à un investissement de 9,375 millions d’euros | EDC"
https://www.edc.ca/fr/about-us/news/Saskatoon-office-opening.html,OK,Non-Indexable,Les entreprises de Saskatchewan seront mieux épaulées grâce au nouveau bureau d’Exportation et développement Canada | EDC
https://www.edc.ca/fr/about-us/news/singapore-firstBranch.html,OK,Non-Indexable,"Ouverture de la première succursale internationale d’EDC, à Singapour: une nouvelle ressource pour la croissance des entreprises canadiennes en Asie | EDC"
https://www.edc.ca/fr/about-us/news/spring-geo-2018.html,OK,Indexable,Perspectives économiques d’EDC : sommes-nous vraiment à la veille d’une autre grande récession - Exportation Développement Canada | EDC
https://www.edc.ca/fr/about-us/news/spring-tci-report-2018.html,OK,Indexable,Des exportateurs confiants malgré l’instabilité commerciale : sondage d’EDC | EDC
https://www.edc.ca/fr/about-us/news/startup-canada-entrepreneurs.html,OK,Indexable,Démarrage Canada et EDC s’associent à des organisations locales pour élargir les possibilités de croissance qui s’offrent aux entrepreneurs canadiens | EDC
https://www.edc.ca/fr/about-us/news/startup-canada.html,OK,Indexable,Le Fonds commémoratif Adam Chowaniec pour l’entrepreneuriat mondial investit dans des initiatives qui changent la donne pour soutenir la croissance économique inclusive | EDC
https://www.edc.ca/fr/about-us/news/stromcore-rbc-2019.html,OK,Indexable,EDC accorde une facilité de 600 000 dollars américains à RBC pour appuyer Stromcore Energy | EDC
https://www.edc.ca/fr/about-us/news/sydney-australia.html,OK,Indexable,EDC ouvre une représentation à Sydney pour aider les entreprises canadiennes à vendre et à investir en Australie | EDC
https://www.edc.ca/fr/about-us/news/tci-2019.html,OK,Indexable,"L’optimisme des exportateurs canadiens atteint un creux en plus de sept ans, révèle l’indice de confiance commerciale d’EDC | EDC"
https://www.edc.ca/fr/about-us/news/tci-report-fall2017.html,OK,Indexable,Hausse inattendue du niveau de confiance des exportateurs en dépit de l’instabilité aux États-Unis : un rapport d’EDC | EDC
https://www.edc.ca/fr/about-us/news/tci-winter-2018.html,OK,Indexable,"L’ACEUM procure un certain répit, mais les craintes entourant le commerce persistent | EDC"
https://www.edc.ca/fr/about-us/news/tip-one-year-anniversary-support.html,OK,Indexable,"2,1 G$ pour soutenir les entreprises canadiennes avec l’incertitude des marchés | EDC"
https://www.edc.ca/fr/about-us/news/titan-loan.html,OK,Indexable,"EDC accorde un financement à Titan, une entreprise canadienne dont l'écotechnologie contribue à la préservation des ressources naturelles partout dans le monde | EDC"
https://www.edc.ca/fr/about-us/news/top-100-employer-2017.html,OK,Indexable,Exportation et développement Canada nommée parmi les 100 meilleurs employeurs du Canada en 2017 | EDC
https://www.edc.ca/fr/about-us/news/top-100-employer-2018.html,OK,Indexable,Exportation et développement Canada nommée parmi les 100 meilleurs employeurs du Canada en 2018 | EDC
https://www.edc.ca/fr/about-us/news/top-100-employer-2019.html,OK,Indexable,EDC se classe parmi les 100 meilleurs employeurs du Canada en 2019 en misant sur la diversité et l’inclusion | EDC
https://www.edc.ca/fr/about-us/news/top-family-employer.html,OK,Indexable,Exportation et développement Canada au rang des entreprises canadiennes favorisant le plus la famille en 2017 | EDC
https://www.edc.ca/fr/about-us/news/top-ten-responsible-corporate-leaders.html,OK,Indexable,Corporate Knights place EDC parmi les 10 meilleurs leaders en responsabilité sociale des entreprises | EDC
https://www.edc.ca/fr/about-us/news/tower-solutions-financing.html,OK,Indexable,EDC accorde 500 000 dollars canadiens en financement à l’entreprise Tower Solutions de Markham pour appuyer un nouveau contrat en Arabie saoudite | EDC
https://www.edc.ca/fr/about-us/news/trade-confidence-index-fall.html,OK,Indexable,Les entreprises canadiennes passent à l’action pour se protéger contre l’incertitude entourant l’ALENA et la politique commerciale américaine | EDC
https://www.edc.ca/fr/about-us/news/transparency-disclosure-policy-edc.html,OK,Indexable,Exportation et développement Canada s’engage à faire preuve d’une plus grande transparence | EDC
https://www.edc.ca/fr/about-us/news/ukef-edc-usexim-joint-statement.html,OK,Indexable,"Déclaration commune d’UKEF, d’EDC et d’EXIMBANK | EDC"
https://www.edc.ca/fr/about-us/news/vanrx-financing.html,OK,Indexable,"La firme britanno-colombienne Vanrx obtient un financement de 1,5 M USD d’EDC | EDC"
https://www.edc.ca/fr/about-us/news/wit-research.html,OK,Indexable,Femmes entrepreneurs et exportations : l’Université Carleton et The Beacon Agency mènent une étude nationale en collaboration avec BDC et EDC | EDC
https://www.edc.ca/fr/about-us/news/women-trade-investment-program.html,OK,Indexable,EDC lance un programme de 50 M$ pour aider plus d’entrepreneuses à conquérir le monde | EDC
https://www.edc.ca/fr/about-us/what-we-do.html,Found,Non-Indexable,
https://www.edc.ca/fr/about-us/what-we-do/case-studies.html,OK,Indexable,Études de cas | EDC
https://www.edc.ca/fr/about-us/what-we-do/case-studies/clarius-access-working-capital.html,OK,Indexable,Clarius accède à un fonds de roulement pour percer à l’étranger | EDC
https://www.edc.ca/fr/about-us/what-we-do/case-studies/direct-lending-empowers-taste-of-nature.html,OK,Indexable,Taste of Nature investit grâce à un prêt direct | EDC
https://www.edc.ca/fr/about-us/what-we-do/case-studies/ecbverdyol-foreign-exchange-challenge.html,OK,Indexable,La-solution-de-change-d-ECBVerdyol | EDC
https://www.edc.ca/fr/about-us/what-we-do/case-studies/portfolio-credit-insurance-empowers-coulson-aviation.html,OK,Indexable,L’assurance crédit de portefeuille outille Coulson Aviation | EDC
https://www.edc.ca/fr/about-us/what-we-do/case-studies/three-farmers-portfolio-credit-insurance.html,OK,Indexable,Three farmers − Assurance crédit de portefeuille | EDC
https://www.edc.ca/fr/about-us/who-we-work-with.html,OK,Indexable,Nos alliances | EDC
https://www.edc.ca/fr/access-to-money.html,Found,Non-Indexable,
https://www.edc.ca/fr/access-to-money/0-2mil.html,OK,Non-Indexable,Ressources financières pour petites entreprises | EDC
https://www.edc.ca/fr/access-to-money/2-10mil.html,OK,Non-Indexable,Solutions de financement pour petites entreprises | EDC
https://www.edc.ca/fr/access-to-money/over-10mil.html,OK,Non-Indexable,Solutions de financement pour les exportateurs canadiens | EDC
https://www.edc.ca/fr/access-to-money/success.html,OK,Non-Indexable,Page de réussite – options de financement | EDC
https://www.edc.ca/fr/accessibility.html,OK,Indexable,L’accessibilité à EDC | EDC
https://www.edc.ca/fr/accessibility/feedback.html,OK,Indexable,Formulaire de rétroaction sur l’accessibilité | EDC
https://www.edc.ca/fr/accessibility/plan-2026-2028.html,OK,Indexable,Plan d’accessibilité 2026-2028 d’EDC | EDC
https://www.edc.ca/fr/accessibility/plan.html,OK,Indexable,Plan d’accessibilité d’EDC | EDC
https://www.edc.ca/fr/accessibility/progress-report-2023.html,OK,Indexable,Rapport d’avancement sur l’accessibilité 2023 d’EDC | EDC
https://www.edc.ca/fr/accessibility/progress-report-2024.html,OK,Indexable,Rapport d’avancement sur l’accessibilité 2024 d’EDC | EDC
https://www.edc.ca/fr/article.html,Found,Non-Indexable,
https://www.edc.ca/fr/article/2025-wildfires-impact-canadian-trade.html,OK,Indexable,L’incidence des feux de forêt sur le commerce | EDC
https://www.edc.ca/fr/article/4ps-of-international-marketing.html,OK,Indexable,Les quatre P du marketing international | EDC
https://www.edc.ca/fr/article/5-trends-affecting-international-business.html,OK,Indexable,5 tendances à considérer si vous pénétrez le marché international | EDC
https://www.edc.ca/fr/article/7-tips-build-a-csr-strategy.html,OK,Indexable,Sept conseils à suivre pour établir sa propre stratégie de RSE | EDC
https://www.edc.ca/fr/article/75-years-canadian-trade-card.html,Found,Non-Indexable,
https://www.edc.ca/fr/article/75-years-canadian-trade.html,OK,Indexable,EDC et les exportateurs canadiens : 75 ans de partenariat | EDC
https://www.edc.ca/fr/article/abipa-mergers-spurs-global-growth.html,OK,Indexable,Une firme québécoise d’aéronautique choisit la fusion | EDC
https://www.edc.ca/fr/article/ably-productions-exports-media-packages-tailored-for-smes.html,OK,Indexable,Des trousses médias pour PME signées Ably Productions
https://www.edc.ca/fr/article/adtrackmedia-transforms-subway-tunnels-globally.html,OK,Indexable,Adtrackmedia transforme les tunnels de métro du monde entier
https://www.edc.ca/fr/article/agri-food-canada-export-ranking.html,OK,Indexable,"Selon le rapport de financement agricole Canada, il n’y a pas de nuages à l’horizon pour l’industrie agroalimentaire canadienne | EDC"
https://www.edc.ca/fr/article/agri-food-export-markets-indo-pacific.html,OK,Indexable,Indo-Pacifique : marché d’exportation agroalimentaire | EDC
https://www.edc.ca/fr/article/agrifood-business-exporting-fruit-dor.html,OK,Indexable,De producteur artisanal à entreprise agroalimentaire
https://www.edc.ca/fr/article/agrifood-loan-guarantee.html,OK,Indexable,La garantie de prêt d’EDC alimente la croissance de Aliments BCI | EDC
https://www.edc.ca/fr/article/agrisoma-cleantech-export-partnerships.html,OK,Indexable,Agrisoma : Aller là où se trouvent les meilleurs partenaires d’exportation
https://www.edc.ca/fr/article/aldea-solutions-2018-fifa-world-cup.html,OK,Indexable,Aldea Solutions (Can) présente la Coupe du Monde au monde | EDC
https://www.edc.ca/fr/article/annual-public-meeting-card.html,Found,Non-Indexable,
https://www.edc.ca/fr/article/ar-mining-export-success-in-south-america.html,OK,Indexable,Le succès d’AR Mining Parts en Amérique du Sud
https://www.edc.ca/fr/article/arcana-studios-exporting-creativity-to-new-markets.html,OK,Indexable,Arcana Studios de la C.-B. : exporter la créativité
https://www.edc.ca/fr/article/argon18-credit-insurance-success-story.html,Found,Non-Indexable,
https://www.edc.ca/fr/article/argon18-export-growth.html,Found,Non-Indexable,
https://www.edc.ca/fr/article/argon18-export-growth1.html,OK,Indexable,Argon 18 gears export sales growth toward emerging markets | EDC
https://www.edc.ca/fr/article/asia-pacific-agrifood-webinar-takeaways.html,OK,Indexable,Webinaire sur l’agroalimentaire en Asie-Pacifique | EDC
https://www.edc.ca/fr/article/asian-food-importer-grows-with-private-label-deals-in-latin-america.html,OK,Indexable,Conseils pour exportateurs canadiens en Amérique latine | EDC
https://www.edc.ca/fr/article/attending-to-customers-needs.html,OK,Indexable,Se rapprocher de ses clients | EDC
https://www.edc.ca/fr/article/backgrounder.html,OK,Indexable,backgrounder
https://www.edc.ca/fr/article/baffin-fisheries-sustainability.html,OK,Indexable,"Baffin Fisheries, chef de file de l’écoresponsabilité | EDC"
https://www.edc.ca/fr/article/banking-tips-for-small-businesses.html,OK,Indexable,Conseils bancaires de la RBC aux petites entreprises
https://www.edc.ca/fr/article/bc-dwave-systems-exporting-computers.html,OK,Indexable,D-Wave Systems : Rajouter le quantique dans l’informatique
https://www.edc.ca/fr/article/bc-entrepreneur-introduces-first-nations-traditions-globally.html,OK,Indexable,Les traditions des Premières Nations voyagent
https://www.edc.ca/fr/article/bcap-helps-good-natured.html,OK,Indexable,Une entreprise d’emballage poursuit sa croissance malgré la COVID-19 avec l’aide d’EDC | EDC
https://www.edc.ca/fr/article/beating-global-competition.html,OK,Indexable,Prenez une longueur d’avance sur vos concurrents | EDC
https://www.edc.ca/fr/article/benefits-of-supply-chain-sustainability.html,OK,Indexable,Avantages d’une chaîne d’approvisionnement durable | EDC
https://www.edc.ca/fr/article/black-owned-business-initiatives.html,OK,Indexable,Initiatives pour les entreprises détenues par des Noirs | EDC
https://www.edc.ca/fr/article/blackline-safety-educates-different-markets.html,OK,Indexable,Blackline Safety sensibilise les clients étrangers
https://www.edc.ca/fr/article/boutique-step-up-sells-to-42-countries.html,OK,Indexable,Step Up Boutique exporte dans 42 pays
https://www.edc.ca/fr/article/brankos-beagles-challenges-dog-breeding-export-success.html,OK,Indexable,Les petits amis poilus de Branko's Beagles autour du monde
https://www.edc.ca/fr/article/brankos-beagles-exporting-empire.html,OK,Indexable,L’empire d’exportation de Branko's Beagles
https://www.edc.ca/fr/article/brazil-agriculture-boom.html,OK,Indexable,Boom agricole au Brésil : des débouchés pour le Canada | EDC
https://www.edc.ca/fr/article/brazil-opportunities-canadian-exporters.html,OK,Indexable,Exportateurs canadiens : faire affaire au Brésil | EDC
https://www.edc.ca/fr/article/brexit-export-changes.html,OK,Indexable,"Rapport minoritaire: Le Brexit, l’élection au R.-U. et nos exportations | EDC"
https://www.edc.ca/fr/article/build-export-plan.html,OK,Indexable,Conseils d’expert pour élaborer un plan d’exportation - EDC
https://www.edc.ca/fr/article/build-your-canada-brand.html,OK,Indexable,Comment hisser bien haut votre drapeau canadien | EDC
https://www.edc.ca/fr/article/builder-exports-bungalows.html,OK,Non-Indexable,Builder exporte des maisons entièrement construites - EDC
https://www.edc.ca/fr/article/building-international-network.html,OK,Indexable,Bâtir un réseau international : comment s’y prendre | EDC
https://www.edc.ca/fr/article/building-networks-to-boost-business.html,OK,Indexable,Faites croître votre entreprise en bâtissant un réseau | EDC
https://www.edc.ca/fr/article/building-relationships-with-indigenous-businesses.html,OK,Indexable,Gagner la confiance des entreprises autochtones | EDC
https://www.edc.ca/fr/article/building-your-business-growth-plan.html,OK,Indexable,Créez votre plan de croissance | EDC
https://www.edc.ca/fr/article/bulats-crowdfunding-gets-over-5000-customers-and-investors.html,OK,Indexable,Sociofinancement de Bulat : 5 000 clients et investisseurs
https://www.edc.ca/fr/article/business-growth-with-mergers-and-acquisitions.html,OK,Indexable,Stimulez vos activités grâce aux fusions-acquisitions | EDC
https://www.edc.ca/fr/article/business-strategy-for-covid.html,OK,Indexable,Les risques de l’exportation : quelle stratégie face à la COVID-19? | EDC
https://www.edc.ca/fr/article/buy-america-company-perspectives.html,OK,Indexable,Buy American : Le libre-échange doit être équitable | EDC
https://www.edc.ca/fr/article/buy-america-policy.html,OK,Indexable,Inquiets de la politique sur les achats préférentiels aux É.-U.? Voici de quoi vous rassurer  | EDC
https://www.edc.ca/fr/article/canada-aerospace-industry-global-powerhouse.html,OK,Indexable,"Aéronautique canadien : export, croissance et risques | EDC"
https://www.edc.ca/fr/article/canada-and-us-trade-relations.html,OK,Indexable,Données éclair : Les liens commerciaux étroits qui unissent le Canada aux États-Unis | EDC
https://www.edc.ca/fr/article/canada-automotive-export-mexico.html,OK,Indexable,Secteur automobile canadien et  exportation au Mexique | EDC
https://www.edc.ca/fr/article/canada-cleantech-export-potential.html,OK,Indexable,Réaliser le potentiel du secteur canadien des technologies propres | EDC
https://www.edc.ca/fr/article/canada-free-trade-agreements.html,OK,Indexable,Les accords de libre-échange du Canada | EDC
https://www.edc.ca/fr/article/canada-hemp-foods.html,OK,Indexable,Comment l’entreprise canadienne Canada Hemp Foods a su profiter de la « ruée vers les graines de chanvre »
https://www.edc.ca/fr/article/canada-india-services-exports.html,OK,Indexable,Hausse des exportations de services du Canada en Inde | EDC
https://www.edc.ca/fr/article/canada-mining-pdac2025.html,OK,Indexable,Industrie minière du Canada en 2025 : l’or et le cuivre | EDC
https://www.edc.ca/fr/article/canada-recession-risks-2026.html,OK,Indexable,"Canada : récession évitée, mais des risques subsistent | EDC"
https://www.edc.ca/fr/article/canada-united-states-trade-questions.html,OK,Indexable,Voici les réponses à 4 questions sur le commerce canado-américain | EDC
https://www.edc.ca/fr/article/canada-us-tax-plan.html,OK,Indexable,La tempête américaine : Ce que vous devez savoir sur le plan Ryan | EDC
https://www.edc.ca/fr/article/canada-us-trade-in-automotive-sector.html,OK,Indexable,Le commerce entre le Canada et les É.-U. reste un moteur du secteur automobile | EDC
https://www.edc.ca/fr/article/canadas-agri-food-sector.html,OK,Indexable,L’agroalimentaire au Canada : un secteur porteur | EDC
https://www.edc.ca/fr/article/canadas-forestry-sector.html,OK,Indexable,Le secteur forestier du Canada : enraciné dans l’histoire économique du pays | EDC
https://www.edc.ca/fr/article/canadas-new-indo-pacific-agri-food-hub.html,OK,Indexable,Carrefour agroalimentaire du Canada en Asie-Pacifique | EDC
https://www.edc.ca/fr/article/canadas-newest-free-trade-agreement-cptpp.html,OK,Indexable,Le nouvel accord de libre-échange du Canada | PTPGP | EDC
https://www.edc.ca/fr/article/canadian-auto-innovation.html,OK,Indexable,La technologie et l’innovation façonnent l’avenir du secteur automobile canadien | EDC
https://www.edc.ca/fr/article/canadian-brand-advantages.html,OK,Indexable,Ô Canada : Notre marque sur la scène internationale | EDC
https://www.edc.ca/fr/article/canadian-brazilian-trade-post-election.html,OK,Indexable,L’incidence des élections sur le commerce canado-brésilien | EDC
https://www.edc.ca/fr/article/canadian-cleantech-companies-advancing-change-2025.html,OK,Indexable,Cinq entreprises de technos propres à suivre en 2025 | EDC
https://www.edc.ca/fr/article/canadian-cleantech-export-ecosystem.html,OK,Indexable,L’écosystème des entreprises des technologies propres au Canada : Des championnes de l’exportation | EDC
https://www.edc.ca/fr/article/canadian-companies-in-mexico.html,OK,Indexable,La question du Mexique | EDC
https://www.edc.ca/fr/article/canadian-companies-reconstruction-of-ukraine.html,OK,Indexable,Reconstruire l’Ukraine | EDC
https://www.edc.ca/fr/article/canadian-innovation.html,OK,Indexable,Chronologie des innovations canadiennes | EDC
https://www.edc.ca/fr/article/canadian-natural-oils-health-wellness-exporter.html,OK,Indexable,Canadian Natural Oils : l’exportation en santé et mieux-être
https://www.edc.ca/fr/article/canadian-opportunities-germany.html,OK,Indexable,"Pour les exportateurs canadiens, les affaires en Allemagne rapportent | EDC"
https://www.edc.ca/fr/article/canadian-seafood-exports-indo-pacific.html,OK,Indexable,Produits de la mer : exporter en Asie-Pacifique en 2026 | EDC
https://www.edc.ca/fr/article/canadian-security-tech-exporter-grows-in-indo-pacific.html,OK,Indexable,Entreprise canadienne de robotique à l’international | EDC
https://www.edc.ca/fr/article/canadian-softwood-lumber.html,OK,Indexable,Le bois d’œuvre V | EDC
https://www.edc.ca/fr/article/cbs-success-story-edc-export-guarantee-program.html,OK,Indexable,CBS : créer une société connectée et durable | EDC
https://www.edc.ca/fr/article/celebrating-cleantech.html,OK,Indexable,Célébrons le dynamisme du secteur canadien des écotechnologies | EDC
https://www.edc.ca/fr/article/ceta-business-in-europe.html,OK,Indexable,AECG : Soyez prêt à exporter vers l’Union européenne | EDC
https://www.edc.ca/fr/article/ceta-eu-uk-free-trade.html,OK,Indexable,Avantages des accords commerciaux Canada-UE | EDC
https://www.edc.ca/fr/article/ceta-eu-webinar-questions-answers-part-2.html,OK,Indexable,"Webinaire sur l’AECG : Les réponses à vos questions sur l’UE, 2e partie | EDC"
https://www.edc.ca/fr/article/ceta-eu-webinar-questions-answers.html,OK,Indexable,Webinaire sur l’AECG : Période de questions sur l’AECG et l’UE | EDC
https://www.edc.ca/fr/article/ceta-opportunities-challenges.html,OK,Indexable,Les avantages et inconvénients de l’accord commercial entre le Canada et l’Europe | EDC
https://www.edc.ca/fr/article/cheekbone-beauty-braces-for-exponential-growth.html,OK,Indexable,Cheekbone Beauty réinvente le secteur des cosmétiques | EDC
https://www.edc.ca/fr/article/cheekbone-beauty-indigenous-month.html,Moved Permanently,Non-Indexable,
https://www.edc.ca/fr/article/chile-export-trade-market.html,OK,Indexable,Le Chili : un marché d’intérêt pour les exportateurs | EDC
https://www.edc.ca/fr/article/china-ev-impact-canada.html,OK,Indexable,L’impact des VE chinois sur l’industrie auto d’ici | EDC
https://www.edc.ca/fr/article/china-tariffs-canola-exports.html,OK,Indexable,Les tarifs de la Chine et nos exportations de canola | EDC
https://www.edc.ca/fr/article/christmas-without-canadian-exports.html,OK,Indexable,De quoi aurait l’air Noël sans les exportations canadiennes? | EDC
https://www.edc.ca/fr/article/cleantech-company-hortau-helps-farmers.html,OK,Indexable,"Hortau, une entreprise canadienne du secteur des technologies propres, aide les agriculteurs californiens"
https://www.edc.ca/fr/article/cleantech-rising-stars.html,OK,Indexable,Étoiles montantes et innovations en technologies propres | EDC
https://www.edc.ca/fr/article/cleantech-summit-accelerate-net-zero-through-collaboration-and-trade.html,OK,Indexable,Soutien et financement pour nos technologies propres | EDC
https://www.edc.ca/fr/article/cleantech-trends-canadian-export-opportunities.html,OK,Indexable,Technos propres 2026 : débouchés à l’échelle mondiale | EDC
https://www.edc.ca/fr/article/cogent-power-energy-efficiency-in-us.html,OK,Indexable,Cogent Power : l’efficacité énergétique aux États-Unis
https://www.edc.ca/fr/article/colombia-strong-trade-partner.html,OK,Indexable,Liens commerciaux forts entre le Canada et la Colombie | EDC
https://www.edc.ca/fr/article/competitive-edge-flexible-payment-terms.html,OK,Indexable,À la recherche d’un avantage concurrentiel? Assouplissez vos modalités de paiement | EDC
https://www.edc.ca/fr/article/competitive-edge-in-top-export-markets.html,OK,Indexable,Abbyshot se donne un avantage concurrentiel aux É.-U. et au R.-U
https://www.edc.ca/fr/article/coronavirus-covid-19-updates-global-trade.html,OK,Indexable,FAQ : Ce que les exportateurs Canadiens doivent savoir sur le coronavirus (COVID-19) | EDC
https://www.edc.ca/fr/article/covid-19-usa-export-forecast.html,OK,Indexable,Garder contact avec les États-Unis durant la COVID-19 | EDC
https://www.edc.ca/fr/article/cptpp-benefits-for-canadian-smes.html,OK,Indexable,PTPGP : débouchés pour les PME canadiennes | EDC
https://www.edc.ca/fr/article/create-unique-sales-proposition.html,OK,Indexable,Comment créer une proposition de vente unique qui est efficace et comment l’utiliser? | EDC
https://www.edc.ca/fr/article/credit-risk-management-practices.html,OK,Indexable,De solides pratiques de gestion du risque de crédit en six étapes | EDC
https://www.edc.ca/fr/article/critical-minerals-strategy.html,OK,Indexable,La stratégie canadienne sur les minéraux critiques | EDC
https://www.edc.ca/fr/article/critical-minerals-turning-point.html,OK,Indexable,"Minéraux critiques : offre, traitement et IA | EDC"
https://www.edc.ca/fr/article/cultural-intelligence-links.html,OK,Indexable,L’étiquette des affaires à l’étranger | EDC
https://www.edc.ca/fr/article/cusma-digital-trade-rules.html,OK,Indexable,ACEUM et commerce électronique : nouveau chapitre pour un secteur en plein essor | EDC
https://www.edc.ca/fr/article/customs-brokers-key-players-in-evolving-global-trade.html,OK,Indexable,Le courtier en douane : au cœur du commerce mondial | EDC
https://www.edc.ca/fr/article/dalcini-stainless-success-story.html,OK,Indexable,"Dalcini rend le monde plus sain, un dîner à la fois | EDC"
https://www.edc.ca/fr/article/de-minimis-rule-suspended-impact-on-canadian-exporters.html,OK,Indexable,Règle de minimis suspendue : effets sur nos exportateurs | EDC
https://www.edc.ca/fr/article/demo-products-in-us.html,OK,Indexable,S’exonérer de droits de douane lors du transit de démos aux É.-U. | EDC
https://www.edc.ca/fr/article/develop-risk-management-strategy.html,OK,Indexable,"Pour réussir à l’étranger, il faut une stratégie de gestion des risques | EDC"
https://www.edc.ca/fr/article/developing-innovative-capabilities-and-mindset.html,OK,Indexable,Renforcer sa capacité d’innovation pour être plus concurrentiel | EDC
https://www.edc.ca/fr/article/developing-trade-show-strategy.html,OK,Indexable,"Stratégie pour les salons commerciaux : avant, pendant et après | EDC"
https://www.edc.ca/fr/article/different-payment-terms.html,OK,Indexable,Points forts et points faibles des différentes modalités de paiement | EDC
https://www.edc.ca/fr/article/digital-skills-in-ict-sector.html,OK,Indexable,Course au talent numérique : l’heure est à l’action concertée | EDC
https://www.edc.ca/fr/article/digital-trade-advantage-canada.html,OK,Indexable,Avantages et lacunes du cybercommerce canadien | EDC
https://www.edc.ca/fr/article/digital-trade-exports.html,OK,Indexable,Le commerce numérique et les exportateurs canadiens | EDC
https://www.edc.ca/fr/article/doing-business-australia-canadian-exporters.html,OK,Indexable,Faire des affaires en Australie | EDC
https://www.edc.ca/fr/article/doing-business-in-china-opportunities-for-canadian-exporters.html,OK,Indexable,Exporter en Chine : stratégies et débouchés pour le Canada | EDC
https://www.edc.ca/fr/article/doing-business-in-colombia-etiquette.html,OK,Indexable,10 conseils pour faire bonne figure en Colombie | EDC
https://www.edc.ca/fr/article/doing-business-in-ecuador-exporters.html,OK,Indexable,Faire des affaires en Équateur | EDC
https://www.edc.ca/fr/article/doing-business-in-malaysia-opportunities.html,OK,Indexable,Faire des affaires en Malaisie | EDC
https://www.edc.ca/fr/article/doing-business-in-thailand-opportunities.html,OK,Indexable,Faire des affaires en Thaïlande | EDC
https://www.edc.ca/fr/article/doing-business-in-the-philippines.html,OK,Indexable,Faire des affaires aux Philippines | EDC
https://www.edc.ca/fr/article/doing-business-in-vietnam.html,OK,Indexable,Faire des affaires au Vietnam | EDC
https://www.edc.ca/fr/article/doing-business-india-importing-exporting.html,OK,Indexable,Faire des affaires en Inde | EDC
https://www.edc.ca/fr/article/doing-business-japan-canadian-exporters.html,OK,Indexable,Faire des affaires au Japon en 2025 | EDC
https://www.edc.ca/fr/article/doing-business-poland-canadian-exporters.html,OK,Indexable,Faire prospérer ses exportations en Pologne | EDC
https://www.edc.ca/fr/article/doing-business-singapore.html,OK,Indexable,Faire des affaires à Singapour | EDC
https://www.edc.ca/fr/article/doing-business-south-korea.html,OK,Indexable,Faire des affaires en Corée du Sud en 2026 | EDC
https://www.edc.ca/fr/article/due-diligence-path.html,OK,Indexable,Les étapes du contrôle préalable d'EDC | EDC
https://www.edc.ca/fr/article/duty-drawback-process-to-maximize-refunds-and-profitability.html,OK,Indexable,Processus de demande de remboursement (drawback) | EDC
https://www.edc.ca/fr/article/ecommerce-for-business.html,OK,Indexable,Commerce électronique : un survol des plateformes | EDC
https://www.edc.ca/fr/article/ecommerce-for-exporting.html,OK,Indexable,Commerce électronique : Ce que les exportateurs doivent savoir | EDC
https://www.edc.ca/fr/article/ecommerce-for-manufacturers.html,OK,Indexable,Le commerce en ligne pour les manufacturiers | EDC
https://www.edc.ca/fr/article/ecommerce-grocery-platforms-indo-pacific.html,OK,Indexable,Plateformes d’épicerie en ligne en Asie-Pacifique | EDC
https://www.edc.ca/fr/article/ecommerce-natural-transition-exporting-wooki.html,OK,Indexable,La transition naturelle de Wooki vers l’exportation
https://www.edc.ca/fr/article/economic-indicators-for-business-planning.html,OK,Indexable,Les indicateurs économiques sont un outil de planification commerciale | EDC
https://www.edc.ca/fr/article/ecopia.html,OK,Indexable,"Ecopia : conquérir le monde, une carte à la fois | EDC"
https://www.edc.ca/fr/article/edc-2017-cleantech-export-stars.html,OK,Indexable,Découvrez les étoiles canadiennes de l’exportation des technologies propres | EDC
https://www.edc.ca/fr/article/edc-agrifood-potential.html,OK,Indexable,Développer le potentiel agroalimentaire du Canada | EDC
https://www.edc.ca/fr/article/edc-bcap-gallimore-success-story.html,OK,Indexable,Demande pour des contenants Gallimore augment avec COVID-19 l EDC
https://www.edc.ca/fr/article/edc-business-connections-mexico-canada.html,OK,Non-Indexable,Connecter le Canada au Mexique | EDC
https://www.edc.ca/fr/article/edc-canada-defence-and-security-sector-support.html,OK,Indexable,Soutien évolutif aux exportations en défense | EDC
https://www.edc.ca/fr/article/edc-cleantech-export-stars-2024.html,OK,Indexable,Innovateurs canadiens des technologies propres 2024 | EDC
https://www.edc.ca/fr/article/edc-cleantech-export-stars-ones-to-watch-2023.html,OK,Indexable,Entreprises canadiennes reconnues pour leur innovation | EDC
https://www.edc.ca/fr/article/edc-cleantech-week-highlights-jeff-keats.html,OK,Indexable,Décarbonation : nos technologies propres dans la course| EDC
https://www.edc.ca/fr/article/edc-doing-business-in-turkey.html,OK,Indexable,Faire des affaires en Turquie | EDC
https://www.edc.ca/fr/article/edc-helps-cleantech-exporters.html,OK,Indexable,Vous avez des technologies propres? EDC répond aux besoins d'exportation des technologies propres | EDC
https://www.edc.ca/fr/article/edc-history-75.html,OK,Indexable,75e anniversaire d’EDC : envers et contre tout | EDC
https://www.edc.ca/fr/article/edc-national-indigenous-business-strategy.html,OK,Non-Indexable,Resserrer nos liens avec la communauté des entreprises autochtones | EDC
https://www.edc.ca/fr/article/edc-pow-wow-pitch.html,OK,Indexable,Pow Wow Pitch soutient les entrepreneurs autochtones | EDC
https://www.edc.ca/fr/article/edc-three-sectors-to-watch.html,OK,Indexable,Trois secteurs à surveiller en 2023 | EDC
https://www.edc.ca/fr/article/edc-top-10-global-risks-card.html,Found,Non-Indexable,
https://www.edc.ca/fr/article/edc-top-10-global-risks.html,OK,Indexable,Les 10 principaux risques en 2026 pour nos exportateurs | EDC
https://www.edc.ca/fr/article/edc-top-10-risks-2022-card.html,Found,Non-Indexable,
https://www.edc.ca/fr/article/edc-top-10-trends-2021-card.html,Found,Non-Indexable,
https://www.edc.ca/fr/article/edc-top-10-trends-2021.html,OK,Indexable,Dix tendances mondiales dominantes – Automne 2021 | EDC
https://www.edc.ca/fr/article/edc-united-states-economic-outlook.html,OK,Indexable,"Somme toute, l’économie américaine va bien | EDC"
https://www.edc.ca/fr/article/eddyfi-first-canadian-export-business-in-iran.html,OK,Indexable,Eddyfi : une des premières entreprises canadiennes en Iran
https://www.edc.ca/fr/article/eddyfi-target-markets-exports.html,OK,Indexable,Eddyfi : de bonnes décisions et de bonnes cibles
https://www.edc.ca/fr/article/electronic-export-declaration-system.html,OK,Indexable,"Comprendre le SCDE, ou Système canadien de déclaration des exportations | EDC"
https://www.edc.ca/fr/article/empire-industries-export-growth-strategy.html,OK,Indexable,Un nouvel élan pour Empire Industries
https://www.edc.ca/fr/article/equipping-covid-19-front-line-personnel.html,OK,Indexable,COVID-19 : du personnel à équiper | EDC
https://www.edc.ca/fr/article/escape-manor.html,Found,Non-Indexable,
https://www.edc.ca/fr/article/ethical-guidance-for-apparel-industry.html,OK,Indexable,Sécurité des employés et salaires justes : les grands enjeux éthiques du vêtement | EDC
https://www.edc.ca/fr/article/expand-in-us.html,OK,Indexable,Incertitude aux États-Unis : C’est encore le statu quo pour les PME canadiennes | EDC
https://www.edc.ca/fr/article/export-advice-from-sean-borquin.html,OK,Indexable,"Ce qu’il faut savoir sur l’exportation, selon Sean Borquin de First Light"
https://www.edc.ca/fr/article/export-and-get-through-the-lows.html,OK,Indexable,iPlayco : exporter pour résister aux périodes creuses
https://www.edc.ca/fr/article/export-culture-in-nafta.html,OK,Indexable,La culture à l’ère de l’anxiété de l’ALENA | EDC
https://www.edc.ca/fr/article/export-india-cultural-tips.html,OK,Indexable,Exporter en Inde : 12 règles d’étiquette | EDC
https://www.edc.ca/fr/article/export-insights-from-bladetech-hockey.html,OK,Indexable,Bladetech Hockey et l’exportation : Anthony Morra raconte
https://www.edc.ca/fr/article/export-insights-from-boutique-step-up.html,OK,Indexable,Le parcours d’exportation de Boutique Step Up
https://www.edc.ca/fr/article/export-insights-from-bridgit.html,OK,Indexable,Le parcours d’exportation de l’entreprise canadienne de technologie Bridgit
https://www.edc.ca/fr/article/export-insights-from-bulat-kitchen-knife.html,OK,Indexable,Le parcours d’exportation de Bulat
https://www.edc.ca/fr/article/export-insights-from-canada-hemp-foods.html,OK,Indexable,Le parcours d’exportation de Canada Hemp Foods
https://www.edc.ca/fr/article/export-insights-from-canadian-natural-oils-distributor.html,OK,Indexable,Canadian Natural Oils et l’exportation : Juanita Corbett raconte
https://www.edc.ca/fr/article/export-insights-from-dustin-bigney-mypakage.html,OK,Indexable,MyPakage Apparel et l’exportation : Dustin Bigney raconte
https://www.edc.ca/fr/article/export-insights-from-empire-industries.html,OK,Indexable,Le parcours d’exportation d’Empire Industries
https://www.edc.ca/fr/article/export-insights-from-glint-innovation.html,OK,Indexable,Le parcours d’exportation de Glint Innovation
https://www.edc.ca/fr/article/export-insights-from-gongshow-gear.html,OK,Indexable,Le parcours d’exportation de Gongshow Gear
https://www.edc.ca/fr/article/export-insights-from-iwt.html,OK,Indexable,Patrick Kiely raconte l’incursion d’IWT dans une zone reculée
https://www.edc.ca/fr/article/export-insights-from-krumpers-solar-blinds.html,OK,Indexable,Le succès à l’étranger signé Krumpers Solar Blinds
https://www.edc.ca/fr/article/export-insights-from-lumbermart.html,OK,Indexable,Le parcours d’exportation de LumberMart
https://www.edc.ca/fr/article/export-insights-from-m0851.html,OK,Indexable,m0851 et l’exportation : Frédéric Mamarbachi raconte
https://www.edc.ca/fr/article/export-insights-from-mw-canada.html,OK,Indexable,Le parcours d’exportation de MW Canada
https://www.edc.ca/fr/article/export-insights-from-revol-technologies.html,OK,Indexable,Le parcours d’exportation de Revol Technologies
https://www.edc.ca/fr/article/export-insights-from-silver-crystal-sports.html,OK,Indexable,Silver Crystal Sports: exporter plus en étant plus agile | EDC
https://www.edc.ca/fr/article/export-insights-from-simex-iwerks.html,OK,Indexable,Le parcours d’exportation – et d’innovation – de SimEx-Iwerks
https://www.edc.ca/fr/article/export-insights-lyte-energy-nauman-kureshy.html,OK,Indexable,"Parlons exportation avec Nauman Kureshy, de Lyte Energy"
https://www.edc.ca/fr/article/export-insights-mycodev-group.html,OK,Indexable,Mycodev Group : son fondateur David Brown parle exportation
https://www.edc.ca/fr/article/export-insights-steve-johnston-ably-productions.html,OK,Indexable,Ably Productions et l’exportation : Steve Johnston raconte
https://www.edc.ca/fr/article/export-insights-with-silfab-solar.html,OK,Indexable,Le parcours d’exportation de Silfab Solar
https://www.edc.ca/fr/article/export-into-europe-united-kingdom.html,OK,Indexable,Conseils pour exporter vers le Royaume Uni et l’Europe | EDC
https://www.edc.ca/fr/article/export-markets-require-patience.html,OK,Indexable,Fresche: intégrer de nouveaux marchés requiert de la patience | EDC
https://www.edc.ca/fr/article/export-niche-product-international-supply-chain.html,OK,Indexable,MyPakage : renforcer sa chaîne d’approvisionnement mondiale
https://www.edc.ca/fr/article/export-opportunities-china.html,OK,Indexable,"Exporter en Chine: nouvelles occasions, nouvelle croissance | EDC"
https://www.edc.ca/fr/article/export-success-for-asham-curling.html,OK,Indexable,Asham Curling Supplies file vers le succès à l’étranger
https://www.edc.ca/fr/article/export-success-for-cogent-power.html,OK,Indexable,Valeur ajoutée : la clé de la réussite à l’exportation de Cogent Power
https://www.edc.ca/fr/article/export-success-in-china.html,OK,Indexable,Du succès jusqu’en Chine pour Martin & Vleminckx
https://www.edc.ca/fr/article/export-support-from-federal-partners.html,OK,Indexable,Conquérir le monde avec des experts en commerce : OUI! | EDC
https://www.edc.ca/fr/article/export-tips-trends-canadian-agriculture-food.html,OK,Indexable,Agroalimentaire : conseils et tendances à l’export | EDC
https://www.edc.ca/fr/article/export-to-malaysia-singapore-australia.html,OK,Indexable,"3 marchés à surveiller : la Malaisie, Singapour et l’Australie | EDC"
https://www.edc.ca/fr/article/export-to-multiple-markets-fcc-2020-trade-report.html,OK,Indexable,Exporter vers multiples marchés: FAC rapport commercial | EDC
https://www.edc.ca/fr/article/exporters-confident-but-cautious.html,OK,Indexable,"Sondage : les exportateurs confiants, mais prudents | EDC"
https://www.edc.ca/fr/article/exporting-craft-beer-to-asia.html,OK,Indexable,Fuggles & Warlock Craftworks : Exporter de la bière artisanale en Asie
https://www.edc.ca/fr/article/exporting-insights-from-arcana-studios.html,OK,Indexable,Le parcours d’exportation des studios Arcana
https://www.edc.ca/fr/article/exporting-journey-for-pelican-international.html,OK,Indexable,Pelican International : L’exportation est un parcours de transformation
https://www.edc.ca/fr/article/exporting-lessons-learned-with-agrifood-business.html,OK,Indexable,Agroalimentaire : ce que Fruit d’Or a appris en exportant
https://www.edc.ca/fr/article/exporting-look-to-europe.html,OK,Indexable,Pourquoi envisager l’Europe maintenant dans vos stratégies d’exportation | EDC
https://www.edc.ca/fr/article/exporting-questions-answered.html,OK,Indexable,Trouver des réponses à vos questions sans débourser un sou | EDC
https://www.edc.ca/fr/article/exporting-to-france-opportunities.html,OK,Indexable,"Exporter en France : IA, technologies propres, agro | EDC"
https://www.edc.ca/fr/article/exporting-to-germany-opportunities.html,OK,Indexable,Allemagne : conseils pour les exportateurs canadiens | EDC
https://www.edc.ca/fr/article/exporting-to-the-us.html,OK,Indexable,Exporter aux États-Unis : quand le tout n’est pas supérieur à la somme des parties | EDC
https://www.edc.ca/fr/article/exporting-to-united-kingdom.html,OK,Indexable,Exporter au Royaume-Uni : débouchés et risques | EDC
https://www.edc.ca/fr/article/exporting-with-pride-travel-tips.html,OK,Non-Indexable,Exporter avec fierté : conseils pour voyager en toute sécurité - EDC
https://www.edc.ca/fr/article/exporting-with-pride.html,OK,Non-Indexable,Exporter avec fierté | EDC
https://www.edc.ca/fr/article/faqs-russia-ukraine-conflict.html,OK,Indexable,Foire aux questions sur le conflit russo-ukrainien| EDC
https://www.edc.ca/fr/article/farmers-edge-2018-cleantech-export-star.html,OK,Indexable,Farmer’s Edge : Étoile 2018 de l’exportation des technologies propres | EDC
https://www.edc.ca/fr/article/fighting-against-forced-and-child-labour-in-supply-chains.html,OK,Indexable,Chaînes d’approvisionnement et travail forcé | EDC
https://www.edc.ca/fr/article/find-customers-at-lower-cost-with-ecommerce.html,OK,Indexable,Commercer en ligne et trouver des clients sans vous ruiner
https://www.edc.ca/fr/article/find-international-freight-forwarder.html,OK,Indexable,Comment trouver un transitaire digne de confiancec | EDC
https://www.edc.ca/fr/article/finding-cash-for-your-small-business-card.html,Found,Non-Indexable,
https://www.edc.ca/fr/article/finding-cash-for-your-small-business.html,OK,Non-Indexable,Trouver de l’argent pour votre petite entreprise | EDC
https://www.edc.ca/fr/article/first-light-global-shares-exporting-journey.html,OK,Indexable,"L’entreprise First Light, de Victoria, raconte son parcours d’exportation"
https://www.edc.ca/fr/article/flexible-payment-options-build-export-success.html,OK,Indexable,iPlayco : des options de paiement flexibles pour réussir à l’exportation
https://www.edc.ca/fr/article/flexible-payment-terms-credit-insurance.html,OK,Indexable,Vous voulez offrir des modalités de paiement flexibles? L’assurance crédit peut vous aider | EDC
https://www.edc.ca/fr/article/fluid-success-story.html,OK,Indexable,COVID-19 : EDC aide Fluid Energy à s’adapter | EDC
https://www.edc.ca/fr/article/fnbc-kareway-bcap.html,OK,Indexable,Le PCE vient épauler une entreprise de construction | EDC
https://www.edc.ca/fr/article/foreign-exchange-rate-volatility.html,OK,Indexable,Évitez les fluctuations du taux de change | EDC
https://www.edc.ca/fr/article/fragile-economic-growth-trade-2026.html,OK,Indexable,Croissance fragile et incertitude commerciale en 2026 | EDC
https://www.edc.ca/fr/article/free-trade-agreements.html,Moved Permanently,Non-Indexable,
https://www.edc.ca/fr/article/fusebill-exporting-in-growing-fintech-industry.html,OK,Indexable,Fusebill et la technologie financière : Exporter dans un secteur en effervescence
https://www.edc.ca/fr/article/future-of-forestry-sector.html,OK,Indexable,De nouvelles occasions d’affaires pour le secteur forestier canadien grâce à l’innovation et à la diversification | EDC
https://www.edc.ca/fr/article/fxg-3-case-studies.html,OK,Indexable,Études de cas – Garantie de facilité de change | EDC
https://www.edc.ca/fr/article/gen-ai-risk-management-for-export-businesses.html,OK,Indexable,IA générative et gestion des risques en exportation | EDC
https://www.edc.ca/fr/article/gender-equality-for-women-in-trade.html,OK,Non-Indexable,Renforcer le pouvoir économique des femmes | EDC
https://www.edc.ca/fr/article/german-facts.html,OK,Indexable,Connaitre l'Allemagne | EDC
https://www.edc.ca/fr/article/germany-economic-transition-exporters.html,OK,Indexable,Économie allemande : risques et possibilités | EDC
https://www.edc.ca/fr/article/glint-innovation-discovers-new-global-customers.html,OK,Indexable,Glint Innovation : de nouveaux clients dans le monde entier
https://www.edc.ca/fr/article/global-business-risk.html,OK,Indexable,Le commerce international : une activité de plus en plus risquée | EDC
https://www.edc.ca/fr/article/global-competitive-advantage-clayton-christensen.html,OK,Indexable,Innover pour gagner un avantage concurrentiel | EDC
https://www.edc.ca/fr/article/global-cybersecurity-exports-how-protexxa-navigated-cultural-nuances.html,OK,Indexable,Réussir l’exportation de produits alimentaires québécois | EDC
https://www.edc.ca/fr/article/global-economic-outlook-takeaways.html,OK,Indexable,7 choses à retenir des perspectives économiques mondiales | EDC
https://www.edc.ca/fr/article/global-economic-trends.html,OK,Indexable,Trois grandes tendances économiques mondiales en 2025 | EDC
https://www.edc.ca/fr/article/global-food-trends-2026.html,OK,Indexable,Tendances alimentaires en 2026 pour les exportateurs | EDC
https://www.edc.ca/fr/article/global-impact-of-cleantech-exporters.html,OK,Indexable,Impact mondial des exportateurs de technologies propres | EDC
https://www.edc.ca/fr/article/global-pet-food-export-innovation.html,OK,Indexable,Buddy's Kitchen innove en matière d’aliments pour animaux
https://www.edc.ca/fr/article/global-risks-international-business.html,OK,Indexable,"Les risques sur les marchés mondiaux, du Brexit aux abîmes de la dette | EDC"
https://www.edc.ca/fr/article/global-services-business-how-flytographer-scaled.html,OK,Indexable,La stratégie d’expansion internationale de Genetec | EDC
https://www.edc.ca/fr/article/global-success-with-mergers-and-acquisitions.html,OK,Indexable,Le succès international par les fusions-acquisitions | EDC
https://www.edc.ca/fr/article/global-trade-impact-2024-elections.html,OK,Indexable,Élections 2024 : Retombées sur le commerce international | EDC
https://www.edc.ca/fr/article/globalization-disrupted-not-defeated.html,OK,Indexable,"La mondialisation évolue, mais est loin d’être vaincue | EDC"
https://www.edc.ca/fr/article/godin-guitars-become-global-export-leader.html,OK,Indexable,Guitares Godin : simplifier pour être un chef de file mondial
https://www.edc.ca/fr/article/gongshow-scores-in-the-global-arena.html,OK,Indexable,Victoire pour Gongshow Gear dans l’arène mondiale
https://www.edc.ca/fr/article/goodee-exporting-home-decor.html,OK,Indexable,Goodee : exporter la décoration intérieure | EDC
https://www.edc.ca/fr/article/grands-ballets-canadiens-montreal.html,OK,Indexable,Pleins feux sur Les Grands Ballets Canadiens de Montréal
https://www.edc.ca/fr/article/grow-ecommerce-business-through-exporting.html,OK,Indexable,Gonfler ses ventes par le commerce en ligne et l’exportation
https://www.edc.ca/fr/article/grow-sales-in-emerging-markets.html,OK,Indexable,Des occasions d’augmenter les ventes dans les marchés émergents | EDC
https://www.edc.ca/fr/article/growing-canadian-tech-companies.html,OK,Indexable,La croissance des entreprises de technologie canadiennes : une question de talent | EDC
https://www.edc.ca/fr/article/guide-to-common-international-terminology.html,OK,Indexable,Termes du commerce international pour les exportateurs | EDC
https://www.edc.ca/fr/article/guide-to-exporting.html,OK,Indexable,Un guide détaillé pour exporter à partir du Canada | EDC
https://www.edc.ca/fr/article/guide-to-trade-diversification.html,OK,Indexable,La diversification : Mode d’emploi | EDC
https://www.edc.ca/fr/article/halal-food-exporting-opportunities.html,OK,Indexable,Occasions d’exportation des aliments halals | EDC
https://www.edc.ca/fr/article/harness-us-business-opportunities.html,OK,Indexable,Boum de l’infrastructure : saisir les débouchés aux États‑Unis | EDC
https://www.edc.ca/fr/article/healthcare-innovation-exports.html,OK,Indexable,Synaptive Medical exporte une innovation en soins de santé
https://www.edc.ca/fr/article/hibernum-learns-from-international-partners.html,OK,Indexable,Hibernum apprend auprès de ses partenaires étrangers
https://www.edc.ca/fr/article/hortau-2018-cleantech-export-star.html,OK,Indexable,Hortau : exportateur d’écotechnologies étoile de 2018 | EDC
https://www.edc.ca/fr/article/how-canadian-exporters-benefit-from-edc-indo-pacific-strategy.html,OK,Indexable,Notre stratégie en Indo-Pacifique pour les exportateurs | EDC
https://www.edc.ca/fr/article/how-canadian-exporters-can-supply-the-ai-data-centre-boom.html,OK,Indexable,Participer à l’essor des centres de données d’IA | EDC
https://www.edc.ca/fr/article/how-canadian-tariffs-on-us-goods-may-affect-your-business.html,OK,Indexable,Les tarifs canadiens sur les biens des É.-U. en 2026 | EDC
https://www.edc.ca/fr/article/how-tariffs-pushed-canadian-furniture-exporter-to-grow-beyond-the-us.html,OK,Indexable,Airudi déploie sa technologie canadienne à l’international | EDC
https://www.edc.ca/fr/article/how-tariffs-work-for-business.html,OK,Indexable,Tarifs douaniers : Guide pour exportateurs canadiens | EDC
https://www.edc.ca/fr/article/how-to-create-a-company-policy.html,OK,Indexable,Comment élaborer une politique d’entreprise | EDC
https://www.edc.ca/fr/article/how-to-diversify-your-exports-beyond-the-us.html,OK,Indexable,Diversifier vos exportations au-delà des États-Unis | EDC
https://www.edc.ca/fr/article/how-to-expand-your-business-to-new-markets.html,OK,Indexable,Comment étendre vos activités sur de nouveaux marchés | EDC
https://www.edc.ca/fr/article/how-to-find-market-for-your-product.html,OK,Indexable,Trouver votre marché : un guide pour les exportateurs | EDC
https://www.edc.ca/fr/article/how-to-manage-export-risks.html,OK,Indexable,Des risques à l'export : 4 manières de relever le défi | EDC
https://www.edc.ca/fr/article/how-to-manage-fx-risk-before-it-impacts-your-profits.html,OK,Indexable,Gérer le risque de change avant qu’il n’affecte vos profits | EDC
https://www.edc.ca/fr/article/how-to-use-key-indicators-to-research-emerging-markets.html,OK,Indexable,Les indicateurs significatifs : un outil de recherche des marchés à potentiel élevé | EDC
https://www.edc.ca/fr/article/identify-target-market.html,OK,Indexable,Huit façons de cerner votre marché cible | EDC
https://www.edc.ca/fr/article/identify-types-of-business-risk.html,OK,Indexable,Un plan de gestion des risques consiste en la détermination des principaux types de risques commerciaux | EDC
https://www.edc.ca/fr/article/immigrant-employees.html,OK,Indexable,"Les employés immigrants, un atout pour l’exportation | EDC"
https://www.edc.ca/fr/article/impact-nafta-canada.html,OK,Indexable,Un nouveau slogan pour les compagnies canadiennes: « Soyons prêts! »  | EDC
https://www.edc.ca/fr/article/importance-of-market-research.html,OK,Indexable,Découvrez l’importance des études de marché | EDC
https://www.edc.ca/fr/article/inclusive-trade-investments-program-card.html,Found,Non-Indexable,
https://www.edc.ca/fr/article/incoterms-ex-works-rule.html,OK,Indexable,Incoterms 2020 : la règle en usine expliquée | EDC
https://www.edc.ca/fr/article/incoterms-free-carrier-rule.html,OK,Indexable,"Incoterms 2020 : les règles FCA, FAB et FAS expliquées | EDC"
https://www.edc.ca/fr/article/incoterms-group-c-rules.html,OK,Indexable,Incoterms 2020 : Comprendre les règles du groupe C | EDC
https://www.edc.ca/fr/article/incoterms-group-d-rules.html,OK,Indexable,Incoterms 2020 : comprendre les règles du groupe D | EDC
https://www.edc.ca/fr/article/incoterms-impacts-on-revenue-recognition.html,OK,Indexable,Incoterms et comptabilisation des produits | EDC
https://www.edc.ca/fr/article/increase-sales-and-credibility.html,OK,Indexable,Accroissez vos ventes et votre crédibilité : devenez fournisseur privilégié | EDC
https://www.edc.ca/fr/article/indigenous-companies-help-canada-transition-to-net-zero.html,OK,Indexable,Les entreprises autochtones et le virage carboneutre | EDC
https://www.edc.ca/fr/article/indigenous-women-in-trade-canada.html,OK,Non-Indexable,Des entrepreneures autochtones misent sur la communauté et leurs racines | EDC
https://www.edc.ca/fr/article/indonesia-infrastructure-overview-for-canadian-exporters.html,OK,Indexable,Survol des Infrastructures en Indonésie : exportation canadienne | EDC
https://www.edc.ca/fr/article/inksmith-canadian-shield.html,OK,Indexable,Se réinventer à l’heure de la COVID-19 | EDC
https://www.edc.ca/fr/article/innovation-by-changing-business-environment.html,OK,Non-Indexable,Changer son environnement d’affaires pour mieux innover | EDC
https://www.edc.ca/fr/article/innovation-helps-you-compete-globally.html,OK,Indexable,Innovation vous aide à être concurrentiel sur les marchés mondiaux | EDC
https://www.edc.ca/fr/article/integrating-innovation-into-growth-strategy.html,OK,Indexable,Intégrer l’innovation à sa stratégie de croissance | EDC
https://www.edc.ca/fr/article/intellectual-property-exporter-success-story.html,OK,Indexable,Le paiement mobile | EDC
https://www.edc.ca/fr/article/international-business-etiquette.html,OK,Indexable,Comprendre l’étiquette des affaires à l’étranger | EDC
https://www.edc.ca/fr/article/international-network-essential-for-business.html,OK,Indexable,Pourquoi les réseaux internationaux sont essentiels | EDC
https://www.edc.ca/fr/article/intro-trade-data-analytics.html,OK,Indexable,Introduction aux données et aux analyses sur le commerce moderne | EDC
https://www.edc.ca/fr/article/investing-abroad-to-find-customers.html,OK,Indexable,Investir à l’étranger pour trouver des clients internationaux | EDC
https://www.edc.ca/fr/article/invixium-the-new-face-of-health-and-safety.html,OK,Indexable,Invixium : le nouveau visage de la santé et la sécurité | EDC
https://www.edc.ca/fr/article/ior-strategy-preparing-for-tariffs.html,OK,Indexable,L’importateur attitré : se préparer aux tarifs | EDC
https://www.edc.ca/fr/article/isci-success-story-edc-export-guarantee-program.html,OK,Indexable,ISCI Inc. – un détour de carrière pour devenir fondateur | EDC
https://www.edc.ca/fr/article/ised-releases-canada-business-app.html,OK,Indexable,Propulsée par l’innovation : l’appli Entreprises Canada | EDC
https://www.edc.ca/fr/article/iwt-brings-cleantech-to-algeria.html,OK,Indexable,"IWT : l’écotechnologie, de l’Î.-P.-É. au désert algérien"
https://www.edc.ca/fr/article/jennifer-cooke-inclusive-trade-edc.html,OK,Indexable,"Oser voir grand, être audacieuse | EDC"
https://www.edc.ca/fr/article/krumpers-solar-blinds-grows-cleantech-business.html,OK,Indexable,Krumpers Solar Blinds : l’écotechnologie qui séduit le monde
https://www.edc.ca/fr/article/labour-shortage.html,OK,Indexable,Pénurie de main-d’œuvre? Exploitez la technologie. | EDC
https://www.edc.ca/fr/article/latin-america-business-strategy.html,OK,Indexable,Trois raisons d’intégrer l’Amérique latine à votre stratégie d’affaires internationale | EDC
https://www.edc.ca/fr/article/learn-about-martin-and-vleminckx-cultures.html,OK,Indexable,Martin & Vleminckx : découvrir d’autres cultures
https://www.edc.ca/fr/article/lessons-from-global-supply-chain-journey.html,OK,Indexable,CoolIT Systems : les leçons de la chaîne d’approvisionnement mondiale
https://www.edc.ca/fr/article/lets-talk-exports.html,OK,Indexable,La lumière au bout du tunnel | EDC
https://www.edc.ca/fr/article/little-miss-chief-education-importing-rules.html,OK,Indexable,"Little Miss Chief : connaître l'importation, clé de la réussite"
https://www.edc.ca/fr/article/lyte-energy-exporting-insights-on-china-india.html,OK,Indexable,La Chine et l’Inde dans la ligne de mire de Lyte Energy
https://www.edc.ca/fr/article/making-the-connection-with-customers.html,OK,Indexable,Branchés sur les nouveaux clients | EDC
https://www.edc.ca/fr/article/manage-risk-through-market-diversification.html,OK,Indexable,Gérer le risque grâce à la diversification des marchés | EDC
https://www.edc.ca/fr/article/managing-political-risk.html,OK,Indexable,Stratégie de croissance : gérer les risques politiques | EDC
https://www.edc.ca/fr/article/managing-supply-chains-covid-19.html,OK,Indexable,5 conseils pour faciliter la gestion des chaînes d’approvisionnement mondiales perturbées par la COVID-19 | EDC
https://www.edc.ca/fr/article/maple-leaf-brand-vitality-air.html,OK,Indexable,"Vitality Air : la feuille d’érable, marque extraordinaire"
https://www.edc.ca/fr/article/market-diversification-free-trade-agreements.html,OK,Indexable,"Les accords de libre-échange, premier pas vers la diversification des marchés | EDC"
https://www.edc.ca/fr/article/market-opportunity-brazil.html,OK,Indexable,Le Brésil : marché prometteur pour le Canada | EDC
https://www.edc.ca/fr/article/market-opportunity-united-kingdom.html,OK,Indexable,Commerce Canada–Royaume-Uni : un marché prometteur | EDC
https://www.edc.ca/fr/article/markets-to-watch-australia-us.html,OK,Indexable,Marchés à surveiller : Australie et États-Unis | EDC
https://www.edc.ca/fr/article/markets-to-watch-germany-peru-vietnam.html,OK,Indexable,Vous vous mondialisez? Voici trois marchés porteurs | EDC
https://www.edc.ca/fr/article/markets-to-watch-indo-pacific.html,OK,Indexable,"Marchés à surveiller : Vietnam, Thaïlande, Philippines | EDC"
https://www.edc.ca/fr/article/masitek-exports-insights.html,OK,Indexable,Le parcours d’exportation de Masitek
https://www.edc.ca/fr/article/masitek-helps-global-companies-minimize-product-damage.html,OK,Indexable,La technologie de Masitek aide les entreprises mondiales
https://www.edc.ca/fr/article/maxie-lafleur-bus-dot-com.html,OK,Indexable,"Maxie Lafleur, PDG de Bus.com | EDC"
https://www.edc.ca/fr/article/maximize-the-american-advantage.html,OK,Indexable,Maximiser l’avantage américain : Blackline Safety
https://www.edc.ca/fr/article/measuring-export-performance-with-kpis.html,OK,Indexable,Mesurer le succès des exportations avec les bons IRC | EDC
https://www.edc.ca/fr/article/meet-podcast-host-bruce-croxon.html,OK,Indexable,Conseils d’exportateur de Nicolas Duvernois sur balado | EDC
https://www.edc.ca/fr/article/meet-the-podcast-host-joe-mimran.html,OK,Indexable,Vous songez à l’exportation? Conseils de Joe Mimran | EDC
https://www.edc.ca/fr/article/mergers-and-acquisitions-checklist.html,OK,Indexable,Êtes-vous prêt pour une fusion-acquisition | EDC
https://www.edc.ca/fr/article/mexico-ambassador-nafta.html,Moved Permanently,Non-Indexable,
https://www.edc.ca/fr/article/mexico-election-impacts-canada-trade.html,OK,Indexable,Les élections présidentielles au Mexique : Que ça signifie pour Canada | EDC
https://www.edc.ca/fr/article/mexicos-new-administration-and-canada-exports.html,OK,Indexable,Le Mexique post-élections : quelle est la suite? | EDC
https://www.edc.ca/fr/article/mondetta-success-story.html,OK,Indexable,COVID-19 : comment EDC a aidé Mondetta à riposter | EDC
https://www.edc.ca/fr/article/montreal-m0851-export-design-drives-global-success.html,OK,Indexable,La marque m0851 fait le tour du monde
https://www.edc.ca/fr/article/montreals-manmade-grows-in-canada-and-the-us.html,OK,Indexable,Marque montréalaise Manmade croît au Canada et États-Unis | EDC
https://www.edc.ca/fr/article/moxie-trades-exports-female-work-wear-globally.html,OK,Indexable,Les vêtements de travail de Moxie Trades autour du monde
https://www.edc.ca/fr/article/mw-canada-leading-global-textile-exporter.html,OK,Indexable,MW Canada : un exportateur de textile au sommet
https://www.edc.ca/fr/article/mycodev-group-exports-clean-solution.html,OK,Indexable,Un entrepreneur néo-brunswickois exporte une solution propre
https://www.edc.ca/fr/article/myriam-jean-baptiste-is-cream-liqueur.html,OK,Indexable,Percer le secteur nord-américain des spiritueux | EDC
https://www.edc.ca/fr/article/myths-about-exporting.html,OK,Indexable,Déboulonner six mythes sur l’exportation | EDC
https://www.edc.ca/fr/article/nafta-mexico-restricted-trade.html,OK,Indexable,"ALENA 2.0 : Le Mexique veut favoriser le commerce, et non le restreindre | EDC"
https://www.edc.ca/fr/article/nafta-negotiation.html,OK,Indexable,La tempête américaine : Le sens des « ajustements » à l’ALENA pour le Canada
https://www.edc.ca/fr/article/nafta-negotiations-and-resources-for-exporting.html,OK,Indexable,Les négociations de l’ALENA et les ressources : l’avis d’experts en commerce | EDC
https://www.edc.ca/fr/article/nafta-talks-trade-confidence.html,OK,Indexable,4 raisons de garder confiance pendant les pourparlers sur l’ALENA | EDC
https://www.edc.ca/fr/article/nafta-to-cusma.html,OK,Indexable,De l’ALENA à l’ACEUM | EDC
https://www.edc.ca/fr/article/nafta-wishlist.html,OK,Indexable,ALENA: souhaits des États-Unis et implications pour les exportateurs canadiens | EDC
https://www.edc.ca/fr/article/navigating-us-steel-and-aluminum-tariffs.html,OK,Indexable,Composer avec les tarifs américains sur l’acier et l’aluminium | EDC
https://www.edc.ca/fr/article/negotiating-international-contracts.html,OK,Indexable,Négocier des contrats internationaux | EDC
https://www.edc.ca/fr/article/new-export-market-research.html,OK,Indexable,Les études de marché sont indispensables pour comprendre les marchés d’exportation | EDC
https://www.edc.ca/fr/article/nhl-players-help-bladetech-hockey-with-export-potential.html,OK,Indexable,Des joueurs de la LNH aident Bladetech Hockey à exporter
https://www.edc.ca/fr/article/niche-marks-the-spot-for-twi-foods.html,OK,Indexable,TWI Foods : prendre pour cible un créneau
https://www.edc.ca/fr/article/north-america-economic-outlook.html,OK,Indexable,Perspectives économiques nord-américaines pour 2026 | EDC
https://www.edc.ca/fr/article/northland-power-wind-energy-expansion-cleantech.html,OK,Indexable,Expansion de l’énergie éolienne de Northland Power | EDC
https://www.edc.ca/fr/article/oil-gas-support.html,Found,Non-Indexable,
https://www.edc.ca/fr/article/onenergy-business-moves-faster-in-usa.html,OK,Indexable,ONEnergy : le marché américain évolue à un rythme plus rapide
https://www.edc.ca/fr/article/onenergy-tackles-energy-costs-in-us-market.html,OK,Indexable,ONEnergy s’attaque aux coûts énergétiques et réussit aux États-Unis
https://www.edc.ca/fr/article/opportunities-for-canadian-exporters-in-united-states-bruce-heyman.html,OK,Indexable,À nos exportateurs de profiter des pénuries aux É.-U. | EDC
https://www.edc.ca/fr/article/opportunities-united-states-infrastructure-sector.html,OK,Indexable,Débouchés dans l’infrastructure aux États-Unis | EDC
https://www.edc.ca/fr/article/organic-food-agreements-open-global-markets-to-canadian-exporters.html,OK,Indexable,Les accords sur les aliments bio ouvrent des marchés aux exportateurs d’ici | EDC
https://www.edc.ca/fr/article/overcoming-export-challenges-how-loulou-lollipop-built-global-brand.html,OK,Indexable,Firebarns : exporter dans le secteur agroalimentaire | EDC
https://www.edc.ca/fr/article/overcoming-ict-challenges.html,OK,Indexable,Relever les défis auxquels fait face le secteur des TIC | EDC
https://www.edc.ca/fr/article/p-and-p-optica-2018-cleantech-one-to-watch.html,OK,Indexable,À surveiller en 2018 : P&P Optica | EDC
https://www.edc.ca/fr/article/paralympic-innovations-go-global.html,OK,Indexable,Des athlètes novateurs roulent leur bosse sur de nouveaux marchés | EDC
https://www.edc.ca/fr/article/partnerships-help-coolit-systems-grow-globally.html,OK,Indexable,Des partenariats aident CoolIT Systems à croître à l’étranger
https://www.edc.ca/fr/article/personalized-list-of-government-programs.html,OK,Indexable,Obtenez une liste personnalisée des programmes gouvernementaux | EDC
https://www.edc.ca/fr/article/peru-market-to-watch.html,OK,Indexable,"Le Pérou, un marché à surveiller | EDC"
https://www.edc.ca/fr/article/phantom-intelligence-leads-automotive-innovation.html,OK,Indexable,Phantom Intelligence innove pour l’automobile dans le monde
https://www.edc.ca/fr/article/philippines-business-etiquette.html,OK,Indexable,L’étiquette des affaires aux Philippines | EDC
https://www.edc.ca/fr/article/philippines-business-etiquette1.html,OK,Indexable,Philippines business etiquette | EDC
https://www.edc.ca/fr/article/pioneer-log-homes-uses-marketing-to-export-globally.html,OK,Indexable,Pioneer Log Homes : la promotion attise la demande mondiale
https://www.edc.ca/fr/article/political-risk-emerging-markets.html,OK,Indexable,Les risques politiques présents sur les marchés émergents peuvent provoquer des réactions en chaîne néfastes | EDC
https://www.edc.ca/fr/article/pottery-direct-advance-payment-insurance.html,OK,Indexable,Protégez vos paiements anticipés | EDC
https://www.edc.ca/fr/article/power-of-diversification.html,OK,Indexable,Quand diversification rime avec croissance exponentielle | EDC
https://www.edc.ca/fr/article/powered-to-grow-exports.html,OK,Non-Indexable,Exporter avec fierté : comment générer de la croissance | EDC
https://www.edc.ca/fr/article/ppoptica-uses-the-science-of-light.html,OK,Indexable,P&P Optica et la science de la lumière | EDC
https://www.edc.ca/fr/article/prana-founder-hosts-edc-french-podcast.html,OK,Indexable,Les principes du succès de Prana Biologique | EDC
https://www.edc.ca/fr/article/prana-success-story-edc-investment-matching.html,OK,Indexable,"PRANA : changer le monde, une collation santé à la fois | EDC"
https://www.edc.ca/fr/article/preferred-supplier-research.html,OK,Indexable,Vous voulez voir votre entreprise sur une LFP? Faites d’abord vos recherches | EDC
https://www.edc.ca/fr/article/prepare-emerging-market-risks.html,OK,Indexable,Connaître les risques liés aux marchés émergents et s’y préparer | EDC
https://www.edc.ca/fr/article/prepare-for-french-election.html,OK,Indexable,Au-delà de l’élection française : Des outils efficaces pour l’exportateur | EDC
https://www.edc.ca/fr/article/prepare-for-top-business-risks.html,OK,Indexable,Les principaux risques d’affaires d’aujourd’hui : êtes-vous prêt? | EDC
https://www.edc.ca/fr/article/prevent-intellectual-property-infringement.html,OK,Indexable,Comment protéger la propriété intellectuelle de votre entreprise | EDC
https://www.edc.ca/fr/article/protecting-your-intellectual-property-rights.html,OK,Indexable,Au voleur! Un exemple illustrant l’importance de protéger vos droits de propriété intellectuelle | EDC
https://www.edc.ca/fr/article/pyrowave-2018-cleantech-one-to-watch.html,OK,Indexable,À surveiller en 2018 : Pyrowave | EDC
https://www.edc.ca/fr/article/pyrowave-microwave-technology.html,OK,Indexable,Pyrowave : décomposer le plastique pour le recycler | EDC
https://www.edc.ca/fr/article/q-and-a-with-jennifer-cooke.html,OK,Indexable,Les femmes et le commerce international | Jennifer Cooke répond à nos questions | EDC
https://www.edc.ca/fr/article/quebec-robotiq-helping-manufacturing-industry.html,OK,Indexable,La Québécoise Robotiq au secours des fabricants
https://www.edc.ca/fr/article/questions-on-buy-america.html,OK,Indexable,"Les dispositions Buy America, Buy American et America First – Avis d’experte | EDC"
https://www.edc.ca/fr/article/recover-duties-with-duty-drawback-program-canada.html,OK,Indexable,Récupérez les droits avec le Programme de drawback | EDC
https://www.edc.ca/fr/article/reducing-freight-costs.html,OK,Indexable,Stratégies pour réduire le coût du fret international | EDC
https://www.edc.ca/fr/article/reflections-on-russia-ukraine-war.html,OK,Indexable,Guerre en Ukraine : réflexion sur ses répercussions|EDC
https://www.edc.ca/fr/article/registered-exporter-system-rex.html,OK,Indexable,No REX pour les exportateurs d’ici : l’abc de l’AECG | EDC
https://www.edc.ca/fr/article/relationships-important-for-ar-mining-export-success.html,OK,Indexable,"Les relations, tremplin pour AR Mining Parts à l’étranger"
https://www.edc.ca/fr/article/renewable-energy-opportunities-australia.html,OK,Indexable,Débouchés dans les énergies renouvelables en Australie | EDC
https://www.edc.ca/fr/article/rentmoola-fintech-exports-make-paying-rent-easier.html,OK,Indexable,RentMoola : une technologie financière aide à payer le loyer
https://www.edc.ca/fr/article/research-competition.html,OK,Indexable,"Grâce à vos recherches, vous vous démarquerez de la concurrence. | EDC"
https://www.edc.ca/fr/article/revol-brings-10000-customers-worldwide-by-crowdfunding.html,OK,Indexable,Sociofinancement de Revol : 10 000 clients dans le monde
https://www.edc.ca/fr/article/risk-management-with-incoterms-2020.html,OK,Indexable,Gestion des risques à l’export avec les Incoterms 2020 | EDC
https://www.edc.ca/fr/article/risks-advantages-export-payment-terms.html,OK,Indexable,Risques et avantages des modalités de paiement pour l’exportateur | EDC
https://www.edc.ca/fr/article/risks-emerging-markets.html,OK,Indexable,La montée des risques sur les marchés émergents : Un motif de préoccupation? | EDC
https://www.edc.ca/fr/article/riz-foods-finds-success-in-middle-east.html,OK,Indexable,Riz Global Foods brille au Moyen-Orient
https://www.edc.ca/fr/article/riz-global-foods-understands-cultures-export-success.html,OK,Indexable,Riz Global Foods et l’exportation : Syed Ali raconte
https://www.edc.ca/fr/article/robotiq-technology-industry-standard-worldwide.html,OK,Indexable,"La Québécoise Robotiq, norme mondiale de l’industrie"
https://www.edc.ca/fr/article/rules-of-origin-overview-for-canadian-exporters.html,OK,Indexable,Règles ou certificats d’origine : guide de l’exportateur | EDC
https://www.edc.ca/fr/article/running-export-business-remotely.html,OK,Indexable,Diriger à distance vos activités d’exportation pendant la pandémie de COVID-19 | EDC
https://www.edc.ca/fr/article/saas-sector-economic-insights.html,OK,Indexable,Succès des entreprises de SaaS malgré la COVID-19 | EDC
https://www.edc.ca/fr/article/saltwater-technologies-innovation-for-wastewater.html,OK,Indexable,Saltworks Technologies : innover pour traiter les eaux usées
https://www.edc.ca/fr/article/scaling-educational-technology-in-global-markets-with-lu.html,OK,Indexable,Déployer la technologie éducative à l’international avec Lü | EDC
https://www.edc.ca/fr/article/seafood-industry-recovering.html,OK,Indexable,COVID-19 : le secteur des produits de la mer se relève | EDC
https://www.edc.ca/fr/article/selling-to-international-markets.html,OK,Indexable,Cinq façons de vendre sur les marchés étrangers | EDC
https://www.edc.ca/fr/article/service-exporters.html,OK,Non-Indexable,J’étais exportatrice…sans le savoir | EDC
https://www.edc.ca/fr/article/service-exports-boost-canadian-economy.html,OK,Indexable,L’exportation de services dynamise l’économie et la marque mondiale | EDC
https://www.edc.ca/fr/article/servicing-the-world.html,OK,Indexable,Exporter ses services en toute confiance | EDC
https://www.edc.ca/fr/article/setting-up-a-global-business.html,OK,Indexable,S’établir à l’étranger : cinq points à considérer | EDC
https://www.edc.ca/fr/article/setting-up-business-in-another-country.html,Moved Permanently,Non-Indexable,
https://www.edc.ca/fr/article/seven-canadian-companies-share-exporting-tips.html,OK,Indexable,Les meilleurs trucs d’exportation de sept entreprises d’ici | EDC
https://www.edc.ca/fr/article/silfab-solars-targets-us-export-market.html,OK,Indexable,"Cibler le marché américain, la stratégie de Silfab Solar pour développer ses exportations"
https://www.edc.ca/fr/article/silver-crystal-sports-expands-to-australia.html,OK,Indexable,Silver Crystal Sports s'élance vers l'Australie
https://www.edc.ca/fr/article/singapore-faq-tips.html,OK,Indexable,Exporter à Singapour : FAQ et conseils | EDC
https://www.edc.ca/fr/article/skilled-executives-give-global-competitive-advantage.html,OK,Indexable,Renforcez votre avantage concurrentiel à l’échelle mondiale en comptant sur des dirigeants chevronnés | EDC
https://www.edc.ca/fr/article/sme-esg-canada-report-card.html,Found,Non-Indexable,
https://www.edc.ca/fr/article/sme-esg-canada-report.html,OK,Indexable,Les PME et le développement durable | EDC
https://www.edc.ca/fr/article/snapcab-success-story.html,OK,Indexable,SnapCab: une cabine de sûreté en réponse à la pandémie | EDC
https://www.edc.ca/fr/article/software-app-success-for-company-bridgit.html,OK,Indexable,Bridgit façonne sa réussite dans l’industrie de la construction avec une application
https://www.edc.ca/fr/article/somadetect-wins-edc-pitch-competition.html,OK,Indexable,SomaDetect remporte le concours de présentations 2023 | EDC
https://www.edc.ca/fr/article/soti-adapts-to-export-markets-worldwide.html,OK,Indexable,SOTI s’adapte aux différents marchés d’exportation
https://www.edc.ca/fr/article/sound-lights-drives-export-success-in-africa.html,OK,Indexable,Son et Lumière Saint-Boniface brille en Afrique
https://www.edc.ca/fr/article/sound-lights-exports-gives-back-to-hometown.html,OK,Indexable,Son et Lumière Saint-Boniface : redonner à sa mère patrie
https://www.edc.ca/fr/article/south-korea-health-wellness-sector.html,OK,Indexable,Le secteur sud-coréen de la santé et du bien-être | EDC
https://www.edc.ca/fr/article/startup-canada-top-tips-export-ready.html,OK,Indexable,5 grands signes que vous êtes prêt à exporter | EDC
https://www.edc.ca/fr/article/state-of-the-union-canada-trade.html,OK,Indexable,L’état de l’Union américaine: quasi silence sur le commerce | EDC
https://www.edc.ca/fr/article/stemcell-technologies-export-story.html,OK,Indexable,STEMCELL Technologies exporte depuis 20 ans
https://www.edc.ca/fr/article/stemcell-technologies-global-vision.html,OK,Indexable,La vision à long terme de STEMCELL Technologies
https://www.edc.ca/fr/article/strengthen-global-supply-chain-tips.html,OK,Indexable,Huit choses à savoir pour solidifier votre chaîne d’approvisionnement | EDC
https://www.edc.ca/fr/article/strikeup-conference-for-women-entrepreneurs.html,OK,Indexable,Une coche plus haut 2024 : Outiller les entrepreneures | EDC
https://www.edc.ca/fr/article/strong-credit-management-practices.html,OK,Indexable,L’importance des bonnes pratiques de gestion du crédit pour votre entreprise | EDC
https://www.edc.ca/fr/article/successfully-exporting-fintech-industry-rentmoola.html,OK,Indexable,RentMoola exporte des technologies financières avec brio
https://www.edc.ca/fr/article/supply-chain-diversity.html,OK,Indexable,Diversité dans la chaîne d’approvisionnement | EDC
https://www.edc.ca/fr/article/supply-chain-optimization-to-mitigate-risks-of-global-trade.html,OK,Indexable,Chaînes d’approvisionnement : réduire les risques | EDC
https://www.edc.ca/fr/article/sustainability-101-embedding-sustainability-into-your-business.html,OK,Indexable,Intégrer la durabilité dans votre entreprise | EDC
https://www.edc.ca/fr/article/synaptive-medical-builds-solutions-from-problems.html,OK,Indexable,Synaptive Medical cerne un problème et le résout
https://www.edc.ca/fr/article/take-on-international-export-competition.html,OK,Indexable,Compte-rendu du webinaire : 5 étapes pour défier la concurrence à l’étranger | EDC
https://www.edc.ca/fr/article/talent-management-strategies.html,OK,Indexable,Cinq stratégies de gestion du talent pour améliorer votre position concurrentielle | EDC
https://www.edc.ca/fr/article/tantalus-cleantech-revolutionizes-electrical-grids.html,OK,Indexable,Tantalus révolutionne les réseaux électriques | EDC
https://www.edc.ca/fr/article/tariff-mitigation-checklist.html,OK,Indexable,Se préparer préparer pour l’ACEUM  : liste de vérification | EDC
https://www.edc.ca/fr/article/tariffs-impact-canada-exporter.html,OK,Indexable,L’effet des tarifs sur les entreprises canadiennes | EDC
https://www.edc.ca/fr/article/taste-of-nature.html,OK,Indexable,"EDC, ingrédient clé de la croissance de Taste of Nature | EDC"
https://www.edc.ca/fr/article/tata-communications.html,OK,Indexable,S’associer pour protéger les droits de la personne | EDC
https://www.edc.ca/fr/article/tech-startups-build-global-expansion-plan.html,OK,Indexable,Entreprise technologique : plan d’expansion mondiale | EDC
https://www.edc.ca/fr/article/the-rise-of-artificial-intelligence.html,OK,Indexable,L’essor de l’intelligence artificielle | EDC
https://www.edc.ca/fr/article/the-support-you-need-to-grow-global.html,OK,Indexable,Le soutien à l’exportation dont vous avez besoin | EDC
https://www.edc.ca/fr/article/three-markets-trade-diversification.html,OK,Indexable,Diversification commerciale : 3 marchés à explorer | EDC
https://www.edc.ca/fr/article/tips-for-women-exporting-to-the-us.html,OK,Indexable,Conseils d’entrepreneures qui exportent vers les É.-U. | EDC
https://www.edc.ca/fr/article/top-10-company-risks.html,OK,Indexable,Les 10 principaux risques pour les entreprises canadiennes à l’étranger | EDC
https://www.edc.ca/fr/article/top-10-global-risks.html,OK,Indexable,Les 10 grands risques mondiaux menaçant les entreprises du Canada | EDC
https://www.edc.ca/fr/article/top-10-risks-guide-infographic-2019.html,Found,Non-Indexable,
https://www.edc.ca/fr/article/top-3-ranked-emerging-markets-by-region-card.html,Found,Non-Indexable,
https://www.edc.ca/fr/article/top-3-ranked-emerging-markets-by-region.html,OK,Indexable,Trois principaux marchés émergents par région | EDC
https://www.edc.ca/fr/article/top-3-ranked-emerging-markets-by-region/bahrain.html,OK,Indexable,Bahreïn | Principaux Marchés Émergents | EDC
https://www.edc.ca/fr/article/top-3-ranked-emerging-markets-by-region/chile.html,OK,Indexable,Chili | Principaux Marchés Émergents | EDC
https://www.edc.ca/fr/article/top-3-ranked-emerging-markets-by-region/china.html,OK,Indexable,Chine | Principaux Marchés Émergents | EDC
https://www.edc.ca/fr/article/top-3-ranked-emerging-markets-by-region/hungary.html,OK,Indexable,Hongrie | Principaux Marchés Émergents | EDC
https://www.edc.ca/fr/article/top-3-ranked-emerging-markets-by-region/india.html,OK,Indexable,Inde | Principaux Marchés Émergents | EDC
https://www.edc.ca/fr/article/top-3-ranked-emerging-markets-by-region/malaysia.html,OK,Indexable,Malaisie | Principaux Marchés Émergents | EDC
https://www.edc.ca/fr/article/top-3-ranked-emerging-markets-by-region/panama.html,OK,Indexable,Panama | Principaux Marchés Émergents | EDC
https://www.edc.ca/fr/article/top-3-ranked-emerging-markets-by-region/poland.html,OK,Indexable,Pologne | Principaux Marchés Émergents | EDC
https://www.edc.ca/fr/article/top-3-ranked-emerging-markets-by-region/qatar.html,OK,Indexable,Qatar | Principaux Marchés Émergents | EDC
https://www.edc.ca/fr/article/top-3-ranked-emerging-markets-by-region/romania.html,OK,Indexable,Roumanie | Principaux Marchés Émergents | EDC
https://www.edc.ca/fr/article/top-3-ranked-emerging-markets-by-region/united-arab-emirates.html,OK,Indexable,Émirats Arabes Unis | Principaux Marchés Émergents | EDC
https://www.edc.ca/fr/article/top-3-ranked-emerging-markets-by-region/uruguay.html,OK,Indexable,Uruguay | Principaux Marchés Émergents | EDC
https://www.edc.ca/fr/article/top-canadian-ebay-entrepreneur.html,OK,Indexable,"Wooki, un exportateur canadien qui s’illustre sur eBay"
https://www.edc.ca/fr/article/top-food-trends-2025.html,OK,Indexable,Tendances alimentaires en 2025 selon l’expert d’EDC | EDC
https://www.edc.ca/fr/article/top-tips-for-successful-merger.html,OK,Indexable,Conseils pour réussir une fusion ou une acquisition | EDC
https://www.edc.ca/fr/article/top-tropical-markets.html,OK,Non-Indexable,Les principaux marchés tropicaux où exporter | EDC
https://www.edc.ca/fr/article/trade-canada-mexico.html,OK,Indexable,"Facteurs liés au commerce à surveiller : suppositions, ALENA, OMC, PTP, Mexique et ajustement fiscal à la frontière | EDC"
https://www.edc.ca/fr/article/trade-compliance-supply-chain-logistics.html,OK,Indexable,Conformité et logistique : chaînes d’approvisionnement | EDC
https://www.edc.ca/fr/article/trade-confidence-archive.html,OK,Indexable,Indice de confiance commerciale de l’automne 2017 :  un regard plus critique sur les six prochains mois
https://www.edc.ca/fr/article/trade-confidence-index-card.html,Found,Non-Indexable,
https://www.edc.ca/fr/article/trade-confidence-index.html,OK,Indexable,ICC : les exportateurs s’adaptent à l’incertitude | EDC
https://www.edc.ca/fr/article/trade-confidence-survey.html,OK,Indexable,Le protectionnisme fait des ravages - EDC
https://www.edc.ca/fr/article/trade-deal-opportunities.html,OK,Indexable,Accord commercial Canada-UE : de nouvelles occasions de croissance | EDC
https://www.edc.ca/fr/article/trade-diversification.html,OK,Indexable,La diversification : Une clé de l’exportation | EDC
https://www.edc.ca/fr/article/trade-enabling-infrastructure-gaps.html,OK,Indexable,Il faut renouveler les infrastructures commerciales | EDC
https://www.edc.ca/fr/article/trade-highlights.html,OK,Indexable,Cinq faits saillants de l’actualité du commerce en 2018 et au-delà | EDC
https://www.edc.ca/fr/article/trade-missions-accelerate-export-plans.html,OK,Indexable,Missions commerciales et projets d’exportation | EDC
https://www.edc.ca/fr/article/trade-shows-b2b-matchmaking-export-growth.html,OK,Indexable,Salons commerciaux et jumelage : leviers pour l’exportation | EDC
https://www.edc.ca/fr/article/trends-international-trade.html,OK,Indexable,Huit experts parlent des tendances en dehors de l’ALÉNA que devraient surveiller les exportateurs | EDC
https://www.edc.ca/fr/article/trucker-protest-puts-pressure-on-supply-chains.html,OK,Indexable,Chaînes d’approvisionnement sous tension | EDC
https://www.edc.ca/fr/article/trump-report-card.html,OK,Indexable,Commerce : le bulletin du président Trump | EDC
https://www.edc.ca/fr/article/ukraine-manage-business-risk.html,OK,Indexable,Cinq conseils : gérer les risques commerciaux en période de turbulence | EDC
https://www.edc.ca/fr/article/understanding-international-sales-tax.html,OK,Indexable,Comprendre les taxes de vente à l’étranger | EDC
https://www.edc.ca/fr/article/understanding-new-incoterms-2020.html,OK,Indexable,FAQ sur les Incoterms 2020 | EDC
https://www.edc.ca/fr/article/united-states-election-impact-canada.html,OK,Indexable,Prochaines élections aux É.-U. : effets sur les entreprises d’ici | EDC
https://www.edc.ca/fr/article/unleashing-potential-indonesia.html,OK,Indexable,Marché prometteur : libérer le potentiel de l’Indonésie | EDC
https://www.edc.ca/fr/article/uruguay-market-access.html,OK,Indexable,Uruguay : accès fiable au marché pour nos exportateurs | EDC
https://www.edc.ca/fr/article/us-canada-election-trade-risk.html,OK,Indexable,Élections aux É.-U. : impact sur le commerce canadien | EDC
https://www.edc.ca/fr/article/us-export-opportunities.html,OK,Indexable,Où trouver vos débouchés à l’export les plus payants aux É.-U.? | EDC
https://www.edc.ca/fr/article/us-infrastructure-ppp.html,OK,Indexable,Déficit d’infrastructures aux États Unis – Débouchés pour les entreprises canadiennes | EDC
https://www.edc.ca/fr/article/us-market-moxie-trades-export-success.html,OK,Indexable,Moxie Trades et l’exportation : Marissa McTasney raconte
https://www.edc.ca/fr/article/us-springboard-global-markets.html,OK,Indexable,"Les États-Unis, tremplin vers les marchés mondiaux | EDC"
https://www.edc.ca/fr/article/us-tariffs-costs.html,OK,Indexable,Le coût des tarifs étatsuniens pour nos exportateurs | EDC
https://www.edc.ca/fr/article/us-tariffs-on-steel-and-aluminum.html,Found,Non-Indexable,
https://www.edc.ca/fr/article/us-top-market-for-canadian-business.html,OK,Indexable,États-Unis : marché majeur pour les entreprises d’ici | EDC
https://www.edc.ca/fr/article/us-trade-and-auto.html,OK,Indexable,L’ALENA 2.0 et l’industrie automobile canadienne : Rester calme et poursuivre notre route | EDC
https://www.edc.ca/fr/article/us-trade-ma.html,OK,Indexable,F-A transfrontalières et incertitude commerciale aux É.-U. | EDC
https://www.edc.ca/fr/article/usmca-stability-for-auto-sector.html,OK,Indexable,"L’AEUMC, gage de stabilité pour le secteur canadien de l’automobile | EDC"
https://www.edc.ca/fr/article/vitality-air-exports-fresh-mountain-air.html,OK,Indexable,Vitality Air exporte l’air frais des montagnes
https://www.edc.ca/fr/article/wastewater-treatment-with-carbonet.html,OK,Indexable,Eocycle et les énergies durables; conseils aux entrepreneurs | EDC
https://www.edc.ca/fr/article/western-oiltools-path-to-export-success.html,OK,Indexable,Western Oiltools : succès d’exportation grâce à l’innovation
https://www.edc.ca/fr/article/western-oiltools-positive-record-helps-export-success.html,OK,Indexable,Western Oiltools : solide réputation et succès d’exportation
https://www.edc.ca/fr/article/westport-fuel-systems-2018-cleantech-export-star.html,OK,Indexable,Westport Fuel Systems : Étoile 2018 de l’exportation des technologies propres | EDC
https://www.edc.ca/fr/article/westport-fuel-systems-drives-innovation-power-cleaner-tomorrow.html,OK,Indexable,Westport Fuel Systems: où sont-ils maintenant | EDC
https://www.edc.ca/fr/article/what-buy-american-means-canadian-exporters.html,OK,Indexable,L’incidence de la loi Buy America sur votre entreprise | EDC
https://www.edc.ca/fr/article/what-employees-want.html,OK,Indexable,"Ce que les employés veulent, ou comment attirer les talents | EDC"
https://www.edc.ca/fr/article/what-is-ecolabel.html,OK,Indexable,L’écoétiquetage en UE : un avantage commercial | EDC
https://www.edc.ca/fr/article/what-is-intellectual-property.html,OK,Indexable,Cinq façons de protéger votre propriété intellectuelle | EDC
https://www.edc.ca/fr/article/why-preferred-supplier-list.html,OK,Indexable,Pourquoi devriez-vous être inscrit sur une liste de fournisseurs privilégiés? | EDC
https://www.edc.ca/fr/article/why-price-localization-matters.html,OK,Indexable,L’importance d’adapter ses prix au marché local | EDC
https://www.edc.ca/fr/article/why-women-need-to-export.html,OK,Indexable,Pourquoi les entrepreneures canadiennes devraient exporter | EDC
https://www.edc.ca/fr/article/win-new-customers.html,OK,Indexable,Six façons de percer des marchés pour trouver de nouveaux clients | EDC
https://www.edc.ca/fr/article/women-ecommerce-business-boom.html,OK,Indexable,Femme entrepreneure? Tirez profit de l’essor du commerce électronique | EDC
https://www.edc.ca/fr/article/women-entrepreneurs-overcome-challenges-to-grow-global-sales.html,OK,Indexable,Des entrepreneures relèvent les défis de la croissance mondiale | EDC
https://www.edc.ca/fr/article/women-global-supply-chains.html,Found,Non-Indexable,
https://www.edc.ca/fr/article/women-in-trade-success-tips.html,OK,Non-Indexable,Femmes en commerce : ce qu’il faut pour réussir | EDC
https://www.edc.ca/fr/article/xebec-adsorption-helps-world-transition-low-carbon-future.html,OK,Indexable,Xebec Adsorption: où sont-ils maintenant | EDC
https://www.edc.ca/fr/bio.html,Moved Permanently,Non-Indexable,
https://www.edc.ca/fr/bio/adam-radwanski.html,Found,Non-Indexable,
https://www.edc.ca/fr/bio/adi-gullia.html,OK,Indexable,Adi Gullia | Publications sur EDC.ca
https://www.edc.ca/fr/bio/agatha-alstrom.html,OK,Indexable,Agatha Alstrom | Publications sur EDC.ca
https://www.edc.ca/fr/bio/aida-alvarenga.html,OK,Indexable,Aida Alvarenga | Publications sur EDC.ca
https://www.edc.ca/fr/bio/ailish-campbell.html,OK,Indexable,Dr. Ailish Campbell | Publications sur EDC.ca
https://www.edc.ca/fr/bio/aisha-yang.html,OK,Indexable,Aisha Yang | Publications sur EDC.ca
https://www.edc.ca/fr/bio/al-hamdani.html,OK,Indexable,Al Hamdani | Publications sur EDC.ca
https://www.edc.ca/fr/bio/al-pritchard.html,OK,Indexable,Al Pritchard | Publications sur EDC.ca
https://www.edc.ca/fr/bio/alain-menard.html,OK,Indexable,Alain Ménard | Publications sur EDC.ca
https://www.edc.ca/fr/bio/alakh-prasad.html,OK,Indexable,Alakh Prasad  | Publications sur EDC.ca
https://www.edc.ca/fr/bio/alan-dewar.html,OK,Indexable,Alan Dewar | Publications sur EDC.ca
https://www.edc.ca/fr/bio/alan-kim.html,OK,Indexable,Alan Kim | Publications sur EDC.ca
https://www.edc.ca/fr/bio/alan-muchnik.html,OK,Indexable,Alan Muchnik | Publications sur EDC.ca
https://www.edc.ca/fr/bio/albert-van-eeden.html,OK,Indexable,Albert Van Eeden | Publications sur EDC.ca
https://www.edc.ca/fr/bio/alejandra-tellez.html,OK,Indexable,Alejandra Téllez | Publications sur EDC.ca
https://www.edc.ca/fr/bio/alessandro-longo.html,OK,Indexable,Alessandro Longo | Publications sur EDC.ca
https://www.edc.ca/fr/bio/alex-heroux.html,OK,Indexable,Alex Héroux | Publications sur EDC.ca
https://www.edc.ca/fr/bio/alexandra-bell.html,OK,Indexable,Alexandra Bell | Publications sur EDC.ca
https://www.edc.ca/fr/bio/alexandra-cutean.html,OK,Indexable,Alexandra Cutean | Publications sur EDC.ca
https://www.edc.ca/fr/bio/alexandra-wrage.html,OK,Indexable,Alexandra Wrage | Publications sur EDC.ca
https://www.edc.ca/fr/bio/alexandre-faria.html,OK,Indexable,Alexandre Faria | Publications sur EDC.ca
https://www.edc.ca/fr/bio/alexandre-lemieux.html,OK,Indexable,Alexandre Lemieux | Publications sur EDC.ca
https://www.edc.ca/fr/bio/alexandre-pelletier.html,OK,Indexable,Alexandre Pelletier | Publications sur EDC.ca
https://www.edc.ca/fr/bio/ali-lajevardi.html,OK,Indexable,Ali Lajevardi | Publications sur EDC.ca
https://www.edc.ca/fr/bio/alienor-fagette.html,OK,Indexable,Aliénor Fagette | Publications sur EDC.ca
https://www.edc.ca/fr/bio/alison-nankivell.html,OK,Indexable,Alison Nankivell | Posts on EDC.ca
https://www.edc.ca/fr/bio/alison-taylor.html,OK,Indexable,Alison Taylor | Publications sur EDC.ca
https://www.edc.ca/fr/bio/alka-sood.html,OK,Indexable,Alka Sood | Publications sur EDC.ca
https://www.edc.ca/fr/bio/allison-thorne.html,OK,Indexable,Allison Thorne | Posts on EDC.ca
https://www.edc.ca/fr/bio/allon-katz.html,OK,Indexable,Allon Katz | Publications sur EDC.ca
https://www.edc.ca/fr/bio/amanda-klucowicz.html,OK,Indexable,Amanda Klucowicz | Publications sur EDC.ca
https://www.edc.ca/fr/bio/amanda-martyniuk.html,OK,Indexable,Amanda Martyniuk | Publications sur EDC.ca
https://www.edc.ca/fr/bio/amandine-gakima.html,OK,Indexable,Amandine Gakima | Publications sur EDC.ca
https://www.edc.ca/fr/bio/amber-piche.html,OK,Indexable,Amber Piche | Publications sur EDC.ca
https://www.edc.ca/fr/bio/amelie-manseau.html,OK,Indexable,Amélie Manseau | Publications sur EDC.ca
https://www.edc.ca/fr/bio/amesika-baeta.html,OK,Indexable,Amesika Baëta | Publications sur EDC.ca
https://www.edc.ca/fr/bio/amira-dali.html,OK,Indexable,Amira Dali | Publications sur EDC.ca
https://www.edc.ca/fr/bio/amy-gopal.html,OK,Indexable,Amy Gopal | Publications sur EDC.ca
https://www.edc.ca/fr/bio/amy-karam.html,OK,Indexable,Amy Karam | Publications sur EDC.ca
https://www.edc.ca/fr/bio/amy-minsky.html,OK,Indexable,Amy Minsky | Publications sur EDC.ca
https://www.edc.ca/fr/bio/ana-teresa-rizo.html,OK,Indexable,Ana Teresa Rizo | Publications sur EDC.ca
https://www.edc.ca/fr/bio/andre-surprenant.html,OK,Indexable,Andre Surprenant | Publications sur EDC.ca
https://www.edc.ca/fr/bio/andrea-clements.html,OK,Indexable,Andrea Clements | Publications sur EDC.ca
https://www.edc.ca/fr/bio/andrea-gardella.html,OK,Indexable,Andrea Gardella | Publications sur EDC.ca
https://www.edc.ca/fr/bio/andrea-gaunt.html,OK,Indexable,Andrea Gaunt | Publications sur EDC.ca
https://www.edc.ca/fr/bio/andrea-siegman.html,OK,Indexable,Andrea Siegman | Publications sur EDC.ca
https://www.edc.ca/fr/bio/andree-lise-methot.html,OK,Indexable,Andrée-Lise Méthot | Publications sur EDC.ca
https://www.edc.ca/fr/bio/andres-felipe-parra-serrano.html,OK,Indexable,Andrés Felipe Parra Serrano | Publications sur EDC.ca
https://www.edc.ca/fr/bio/andres-friedman.html,OK,Indexable,Andrés Friedman | Publications sur EDC.ca
https://www.edc.ca/fr/bio/andrew-dicapua.html,OK,Indexable,Andrew DiCapua | Publications sur EDC.ca
https://www.edc.ca/fr/bio/andrew-macmartin.html,OK,Indexable,Andrew MacMartin | Publications sur EDC.ca
https://www.edc.ca/fr/bio/andrew-smith.html,OK,Indexable,Andrew Smith | Publications sur EDC.ca
https://www.edc.ca/fr/bio/anesu-gamanya.html,OK,Indexable,Anesu Gamanya | Publications sur EDC.ca
https://www.edc.ca/fr/bio/angel-kho.html,OK,Indexable,Angel Kho | Publications sur EDC.ca
https://www.edc.ca/fr/bio/angela-fong.html,OK,Indexable,Angela Fong | Publications sur EDC.ca
https://www.edc.ca/fr/bio/angela-pigeon.html,OK,Indexable,Angela Pigeon | Publications sur EDC.ca
https://www.edc.ca/fr/bio/angela-rodriguez.html,OK,Indexable,Angela Rodriguez | Publications sur EDC.ca
https://www.edc.ca/fr/bio/angie-salas.html,OK,Indexable,Angie Salas | Publications sur EDC.ca
https://www.edc.ca/fr/bio/anick-de-sousa.html,OK,Indexable,Anick de Sousa | Publications sur EDC.ca
https://www.edc.ca/fr/bio/anita-ramasastry.html,OK,Indexable,Anita Ramasastry | Posts on EDC.ca
https://www.edc.ca/fr/bio/ann-marie-anderson.html,OK,Indexable,Ann-Marie Anderson | Publications sur EDC.ca
https://www.edc.ca/fr/bio/anne-marie-gagnon.html,OK,Indexable,Anne-Marie Gagnon | Posts on EDC.ca
https://www.edc.ca/fr/bio/anouk-bergeron.html,OK,Indexable,Anouk Bergeron | Publications sur EDC.ca
https://www.edc.ca/fr/bio/april-reilly.html,OK,Indexable,April Reilly | Publications sur EDC.ca
https://www.edc.ca/fr/bio/aqeel-rahim.html,OK,Non-Indexable,Aqeel Rahim | Publications sur EDC.ca
https://www.edc.ca/fr/bio/arlene-dickinson.html,OK,Indexable,Arlene Dickinson |  Publications sur EDC.ca
https://www.edc.ca/fr/bio/armin-nourozi.html,OK,Indexable,Armin Nourozi | Publications sur EDC.ca
https://www.edc.ca/fr/bio/arnaud-franco.html,OK,Indexable,Arnaud Franco | Publications sur EDC.ca
https://www.edc.ca/fr/bio/arnold-liwanag.html,OK,Indexable,Arnold Liwanag | Publications sur EDC.ca
https://www.edc.ca/fr/bio/arnon-melo.html,OK,Indexable,Arnon Melo | Publications sur EDC.ca
https://www.edc.ca/fr/bio/arun-rebello.html,OK,Indexable,Arun Rebello  | Publications sur EDC.ca
https://www.edc.ca/fr/bio/ashlee-froese.html,OK,Indexable,Ashlee Froese | Publications sur EDC.ca
https://www.edc.ca/fr/bio/ashley-kanary.html,OK,Indexable,Ashley Kanary | Publications sur EDC.ca
https://www.edc.ca/fr/bio/audrey-ross.html,OK,Indexable,Audrey Ross | Publications sur EDC.ca
https://www.edc.ca/fr/bio/aya-idihya.html,OK,Indexable,Aya Idihya | Publications sur EDC.ca
https://www.edc.ca/fr/bio/baljit-sierra.html,OK,Indexable,Baljit Sierra | Publications sur EDC.ca
https://www.edc.ca/fr/bio/basil-ennab.html,OK,Indexable,Basil Ennab | Publications sur EDC.ca
https://www.edc.ca/fr/bio/beiling-yan.html,OK,Indexable,Beiling Yan | Publications sur EDC.ca
https://www.edc.ca/fr/bio/bemal-mehta.html,OK,Indexable,Bemal Mehta | Publications sur EDC.ca
https://www.edc.ca/fr/bio/benedict-wray.html,OK,Indexable,Benedict Wray | Publications sur EDC.ca
https://www.edc.ca/fr/bio/benito-chiodo.html,OK,Indexable,Benito Chiodo | Publications sur EDC.ca
https://www.edc.ca/fr/bio/benoit-daignault.html,OK,Indexable,Benoit Daignault | Publications sur EDC.ca
https://www.edc.ca/fr/bio/benoit-marcoux.html,OK,Indexable,Benoit Marcoux | Publications sur EDC.ca
https://www.edc.ca/fr/bio/bill-macheras.html,OK,Indexable,Bill Macheras | Publications sur EDC.ca
https://www.edc.ca/fr/bio/birgit-matthiesen.html,OK,Indexable,Birgit Matthiesen | Publications sur EDC.ca
https://www.edc.ca/fr/bio/bojan-opsenica.html,OK,Indexable,Bojan Opsenica | Publications sur EDC.ca
https://www.edc.ca/fr/bio/bree-jamieson-holloway.html,OK,Indexable,Bree Jamieson-Holloway | Publications sur EDC.ca
https://www.edc.ca/fr/bio/brenda-bouw.html,Found,Non-Indexable,
https://www.edc.ca/fr/bio/brenda-brown.html,OK,Indexable,Brenda Brown | Publications sur EDC.ca
https://www.edc.ca/fr/bio/brenda-smith.html,OK,Indexable,Brenda Smith | Publications sur EDC.ca
https://www.edc.ca/fr/bio/brennan-loh.html,OK,Indexable,Brennan Loh | Publications sur EDC.ca
https://www.edc.ca/fr/bio/brian-friesen.html,OK,Non-Indexable,Brian Friesen  | Publications sur EDC.ca
https://www.edc.ca/fr/bio/brian-gordon.html,OK,Indexable,Brian Gordon | Publications sur EDC.ca
https://www.edc.ca/fr/bio/brian-kingston.html,OK,Indexable,Brian Kingston | Publications sur EDC.ca
https://www.edc.ca/fr/bio/brian-staples.html,OK,Indexable,Brian Staples | Publications sur EDC.ca
https://www.edc.ca/fr/bio/brock-murray.html,OK,Indexable,Brock Murray  | Publications sur EDC.ca
https://www.edc.ca/fr/bio/bruce-a-heyman.html,OK,Indexable,Bruce A. Heyman | Publications sur EDC.ca
https://www.edc.ca/fr/bio/bruce-dunlop.html,OK,Indexable,Bruce Dunlop | Publications sur EDC.ca
https://www.edc.ca/fr/bio/bruno-chaput.html,OK,Indexable,Bruno Chaput | Publications sur EDC.ca
https://www.edc.ca/fr/bio/bryan-sirois.html,OK,Indexable,Bryan Sirois | Publications sur EDC.ca
https://www.edc.ca/fr/bio/brynna-leslie.html,OK,Indexable,Brynna Leslie | Publications sur EDC.ca
https://www.edc.ca/fr/bio/cameron-jelinski.html,OK,Indexable,Cameron Jelinski | Publications sur EDC.ca
https://www.edc.ca/fr/bio/cameron-jones.html,OK,Indexable,Cameron Jones | Publications sur EDC.ca
https://www.edc.ca/fr/bio/camille-farrell.html,OK,Indexable,Camille Farrell | Publications sur EDC.ca
https://www.edc.ca/fr/bio/camilo-bresciani.html,OK,Indexable,Camilo Bresciani | Publications sur EDC.ca
https://www.edc.ca/fr/bio/carl-breau.html,OK,Indexable,Carl Breau | Publications sur EDC.ca
https://www.edc.ca/fr/bio/carl-burlock.html,OK,Indexable,Carl Burlock | Publications sur EDC.ca
https://www.edc.ca/fr/bio/carl-landry.html,OK,Indexable,Carl Landry | Publications sur EDC.ca
https://www.edc.ca/fr/bio/carley-mortimer.html,OK,Indexable,Carley Mortimer  | Publications sur EDC.ca
https://www.edc.ca/fr/bio/carol-fragiskos.html,OK,Indexable,Carol Fragiskos | Publications sur EDC.ca
https://www.edc.ca/fr/bio/carolina-lazo-interiano.html,OK,Indexable,Carolina Lazo Interiano | Publications sur EDC.ca
https://www.edc.ca/fr/bio/caroline-abela.html,OK,Indexable,Caroline Abela | Publications sur EDC.ca
https://www.edc.ca/fr/bio/caroline-elie.html,OK,Indexable,Caroline Elie | Publications sur EDC.ca
https://www.edc.ca/fr/bio/carolyn-carson.html,OK,Indexable,Carolyn Carson | Publications sur EDC.ca
https://www.edc.ca/fr/bio/carolyn-carson1.html,OK,Indexable,Carolyn Carson | Publications sur EDC.ca
https://www.edc.ca/fr/bio/carolyn-chisholm.html,OK,Indexable,Carolyn Chisholm | Publications sur EDC.ca
https://www.edc.ca/fr/bio/cassandra-dorrington.html,OK,Indexable,Cassandra Dorrington | Publications sur EDC.ca
https://www.edc.ca/fr/bio/catherine-beach.html,OK,Indexable,Catherine Beach  | Publications sur EDC.ca
https://www.edc.ca/fr/bio/catherine-choi.html,OK,Indexable,Catherine Choi | Publications sur EDC.ca
https://www.edc.ca/fr/bio/cathy-gillespie.html,OK,Indexable,Cathy Gillespie | Publications sur EDC.ca
https://www.edc.ca/fr/bio/cathy-mcknight.html,OK,Indexable,Cathy McKnight | Publications sur EDC.ca
https://www.edc.ca/fr/bio/chia-wan-liew.html,OK,Indexable,Chia Wan Liew | Publications sur EDC.ca
https://www.edc.ca/fr/bio/chris-bertrand.html,OK,Indexable,Chris Bertrand | Publications sur EDC.ca
https://www.edc.ca/fr/bio/chris-freimond.html,OK,Indexable,Chris Freimond | Publications sur EDC.ca
https://www.edc.ca/fr/bio/chris-provost.html,OK,Indexable,Chris Provost | Publications sur EDC.ca
https://www.edc.ca/fr/bio/chris-turner.html,OK,Indexable,Chris Turner | Publications sur EDC.ca
https://www.edc.ca/fr/bio/christa-wessel.html,OK,Indexable,Christa Wessel | Posts on EDC.ca
https://www.edc.ca/fr/bio/christian-daroch.html,OK,Indexable,Christian Daroch | Publications sur EDC.ca
https://www.edc.ca/fr/bio/christian-orglmeister.html,OK,Indexable,Christian Orglmeister | Publications sur EDC.ca
https://www.edc.ca/fr/bio/christina-zurowski.html,OK,Indexable,Christina Zurowski | Publications sur EDC.ca
https://www.edc.ca/fr/bio/christine-nakamura.html,OK,Indexable,Christine Nakamura | Publications sur EDC.ca
https://www.edc.ca/fr/bio/christopher-o-donnell.html,OK,Indexable,Christopher O’Donnell | Publications sur EDC.ca
https://www.edc.ca/fr/bio/christopher-stead.html,OK,Indexable,Christopher Stead | Publications sur EDC.ca
https://www.edc.ca/fr/bio/chuck-cartmill.html,OK,Indexable,Chuck Cartmill | Publications sur EDC.ca
https://www.edc.ca/fr/bio/cindy-lim.html,OK,Indexable,Cindy Lim | Publications sur EDC.ca
https://www.edc.ca/fr/bio/claire-citeau.html,OK,Indexable,Claire Citeau | Publications sur EDC.ca
https://www.edc.ca/fr/bio/claire-sookman.html,OK,Indexable,Claire Sookman | Publications sur EDC.ca
https://www.edc.ca/fr/bio/claude-letourneau.html,OK,Indexable,Claude Létourneau  | Publications sur EDC.ca
https://www.edc.ca/fr/bio/claudia-sevillano.html,OK,Indexable,Claudia Sevillano | Publications sur EDC.ca
https://www.edc.ca/fr/bio/claudio-ramirez.html,OK,Indexable,Claudio Ramirez | Publications sur EDC.ca
https://www.edc.ca/fr/bio/connie-jensen.html,OK,Indexable,Connie Jensen | Publications sur EDC.ca
https://www.edc.ca/fr/bio/connie-stacey.html,OK,Indexable,Connie Stacey | Publications sur EDC.ca
https://www.edc.ca/fr/bio/constance-griffin.html,OK,Indexable,Constance Griffin | Publications sur EDC.ca
https://www.edc.ca/fr/bio/constance-obrien.html,OK,Indexable,Constance O’Brien |  Publications sur EDC.ca
https://www.edc.ca/fr/bio/corey-black.html,OK,Indexable,Corey Black | Publications sur EDC.ca
https://www.edc.ca/fr/bio/craig-klemmer.html,OK,Indexable,Craig Klemmer | Publications sur EDC.ca
https://www.edc.ca/fr/bio/dana-tunks.html,OK,Indexable,Dana Tunks | Publications sur EDC.ca
https://www.edc.ca/fr/bio/daniel-benatuil.html,OK,Indexable,Daniel Benatuil | Publications sur EDC.ca
https://www.edc.ca/fr/bio/daniel-bermudez.html,OK,Indexable,Daniel Bermudez | Publications sur EDC.ca
https://www.edc.ca/fr/bio/daniel-moore.html,OK,Indexable,Daniel Moore | Publications sur EDC.ca
https://www.edc.ca/fr/bio/daniel-putnam.html,OK,Indexable,Daniel Putnam | Publications sur EDC.ca
https://www.edc.ca/fr/bio/daniel-tobok.html,OK,Indexable,Daniel Tobok | Publications sur EDC.ca
https://www.edc.ca/fr/bio/daniele-henkel.html,OK,Indexable,Danièle Henkel  | Publications sur EDC.ca
https://www.edc.ca/fr/bio/danielle-cooper.html,OK,Indexable,Danielle Cooper | Publications sur EDC.ca
https://www.edc.ca/fr/bio/danny-xu.html,OK,Indexable,Danny Xu | Publications sur EDC.ca
https://www.edc.ca/fr/bio/darrel-burnouf.html,OK,Indexable,Darrel Burnouf | Publications sur EDC.ca
https://www.edc.ca/fr/bio/darren-anderson.html,OK,Indexable,Darren Anderson | Publications sur EDC.ca
https://www.edc.ca/fr/bio/darren-shaw.html,OK,Indexable,Darren Shaw | Publications sur EDC.ca
https://www.edc.ca/fr/bio/darren-smith.html,OK,Indexable,Darren Smith | Publications sur EDC.ca
https://www.edc.ca/fr/bio/darryl-nelson.html,OK,Indexable,Darryl Nelson | Publications sur EDC.ca
https://www.edc.ca/fr/bio/dave-collyer.html,OK,Indexable,Dave Collyer  | Posts on EDC.ca
https://www.edc.ca/fr/bio/dave-d-oyen.html,OK,Indexable,Dave D’Oyen  | Posts on EDC.ca
https://www.edc.ca/fr/bio/dave-russell.html,OK,Indexable,Dave Russell | Publications sur EDC.ca
https://www.edc.ca/fr/bio/david-bostwick.html,OK,Indexable,David Bostwick | Publications sur EDC.ca
https://www.edc.ca/fr/bio/david-coode.html,OK,Indexable,David Coode | Publications sur EDC.ca
https://www.edc.ca/fr/bio/david-gauthier.html,OK,Indexable,David Gauthier | Publications sur EDC.ca
https://www.edc.ca/fr/bio/david-greenall.html,OK,Indexable,David Greenall | Publications sur EDC.ca
https://www.edc.ca/fr/bio/david-weiner.html,OK,Indexable,David Weiner | Publications sur EDC.ca
https://www.edc.ca/fr/bio/david-wheeler.html,OK,Indexable,David Wheeler | Posts on EDC.ca
https://www.edc.ca/fr/bio/debra-boyce.html,OK,Indexable,Debra Boyce | Publications sur EDC.ca
https://www.edc.ca/fr/bio/debra-mckinnon.html,OK,Indexable,Debra McKinnon | Publications sur EDC.ca
https://www.edc.ca/fr/bio/delaney-schweitzer.html,OK,Indexable,Delaney Schweitzer | Publications sur EDC.ca
https://www.edc.ca/fr/bio/denan-kuni.html,OK,Indexable,Denan Kuni | Publications sur EDC.ca
https://www.edc.ca/fr/bio/denis-archambault.html,OK,Indexable,Denis Archambault | Publications sur EDC.ca
https://www.edc.ca/fr/bio/dennis-jones.html,OK,Indexable,Dennis Jones | Publications sur EDC.ca
https://www.edc.ca/fr/bio/derek-bishop.html,OK,Indexable,Derek Bishop | Publications sur EDC.ca
https://www.edc.ca/fr/bio/derek-layne.html,OK,Indexable,Derek Layne | Publications sur EDC.ca
https://www.edc.ca/fr/bio/deyra-fontaine.html,OK,Indexable,Deyra Fontaine | Publications sur EDC.ca
https://www.edc.ca/fr/bio/diane-belliveau.html,OK,Indexable,Diane Belliveau | Publications sur EDC.ca
https://www.edc.ca/fr/bio/diego-gallegos.html,OK,Indexable,Diego Gallegos | Publications sur EDC.ca
https://www.edc.ca/fr/bio/dimitri-sarabalos.html,OK,Indexable,Dimitri Sarabalos | Publications sur EDC.ca
https://www.edc.ca/fr/bio/dina-santos.html,OK,Indexable,Dina Santos | Publications sur EDC.ca
https://www.edc.ca/fr/bio/dionne-laslo-baker.html,OK,Indexable,Dionne Laslo Baker | Publications sur EDC.ca
https://www.edc.ca/fr/bio/domenic-dimondo.html,OK,Indexable,Domenic Dimondo  | Publications sur EDC.ca
https://www.edc.ca/fr/bio/domenic-mancini.html,OK,Indexable,Domenic Mancini | Publications sur EDC.ca
https://www.edc.ca/fr/bio/dominic-deneault.html,OK,Indexable,Dominic Deneault | Publications sur EDC.ca
https://www.edc.ca/fr/bio/dominic-mailhot.html,OK,Indexable,Dominic Mailhot | Posts on EDC.ca
https://www.edc.ca/fr/bio/dominique-bergevin.html,OK,Indexable,Dominique Bergevin | Publications sur EDC.ca
https://www.edc.ca/fr/bio/don-young.html,OK,Indexable,Don Young | Publications sur EDC.ca
https://www.edc.ca/fr/bio/duane-robson.html,OK,Indexable,Duane Robson | Publications sur EDC.ca
https://www.edc.ca/fr/bio/eduardo-bohorquez.html,OK,Indexable,Eduardo Bohórquez | Publications sur EDC.ca
https://www.edc.ca/fr/bio/edward-steeves.html,OK,Indexable,Edward Steeves | Publications sur EDC.ca
https://www.edc.ca/fr/bio/elise-dedekam.html,OK,Indexable,Elise Dedekam | Publications sur EDC.ca
https://www.edc.ca/fr/bio/elise-racicot.html,OK,Indexable,Elise Racicot | Publications sur EDC.ca
https://www.edc.ca/fr/bio/emiliano-introcaso.html,OK,Indexable,Emiliano Introcaso | Publications sur EDC.ca
https://www.edc.ca/fr/bio/emily-dalphy.html,OK,Indexable,Emily Dalphy | Publications sur EDC.ca
https://www.edc.ca/fr/bio/emily-king.html,OK,Indexable,Emily King | Publications sur EDC.ca
https://www.edc.ca/fr/bio/emmanuelle-mansart.html,OK,Indexable,Emmanuelle Mansart | Publications sur EDC.ca
https://www.edc.ca/fr/bio/enya-amalou.html,OK,Indexable,Enya Amalou | Publications sur EDC.ca
https://www.edc.ca/fr/bio/eric-fallon.html,OK,Indexable,Eric Fallon | Publications sur EDC.ca
https://www.edc.ca/fr/bio/eric-walsh.html,OK,Indexable,Eric Walsh | Publications sur EDC.ca
https://www.edc.ca/fr/bio/erin-ellis.html,OK,Indexable,Erin Ellis | Publications sur EDC.ca
https://www.edc.ca/fr/bio/erin-hutchison.html,OK,Indexable,Erin Hutchison | Publications sur EDC.ca
https://www.edc.ca/fr/bio/eugenio-fernandez-aldea.html,OK,Indexable,Eugenio Fernandez Aldea | Publications sur EDC.ca
https://www.edc.ca/fr/bio/fabien-lichota.html,OK,Indexable,Fabien Lichota | Publications sur EDC.ca
https://www.edc.ca/fr/bio/famer-engin.html,OK,Indexable,Famer Engin | Publications sur EDC.ca
https://www.edc.ca/fr/bio/felipe-sanmiguel.html,OK,Indexable,Felipe Sanmiguel | Publications sur EDC.ca
https://www.edc.ca/fr/bio/felix-jimenez.html,OK,Indexable,Felix Jimenez | Publications sur EDC.ca
https://www.edc.ca/fr/bio/fernando-bellido.html,OK,Indexable,Fernando Bellido | Publications sur EDC.ca
https://www.edc.ca/fr/bio/fiona-hawkshaw.html,OK,Indexable,Fiona Hawkshaw | Publications sur EDC.ca
https://www.edc.ca/fr/bio/fitt.html,OK,Indexable,Forum pour la formation en commerce international | Publications sur EDC.ca
https://www.edc.ca/fr/bio/flavio-volpe.html,OK,Indexable,Flavio Volpe | Publications sur EDC.ca
https://www.edc.ca/fr/bio/flora-livesey.html,OK,Indexable,Flora Livesey |  Publications sur EDC.ca
https://www.edc.ca/fr/bio/florence-mazerolle.html,OK,Indexable,Florence Mazerolle | Publications sur EDC.ca
https://www.edc.ca/fr/bio/francis-baillargeon.html,OK,Indexable,Francis Baillargeon | Publications sur EDC.ca
https://www.edc.ca/fr/bio/frank-figliomeni.html,OK,Indexable,Frank Figliomeni | Publications sur EDC.ca
https://www.edc.ca/fr/bio/fred-di-blasio.html,OK,Indexable,Fred Di Blasio | Posts on EDC.ca
https://www.edc.ca/fr/bio/gabriel-cruz.html,OK,Indexable,Gabriel Cruz | Publications sur EDC.ca
https://www.edc.ca/fr/bio/gabriel-jabbour.html,OK,Indexable,Gabriel Jabbour | Publications sur EDC.ca
https://www.edc.ca/fr/bio/gabriel-vermette.html,OK,Indexable,Gabriel Vermette | Publications sur EDC.ca
https://www.edc.ca/fr/bio/gabrielle-etcheverry.html,OK,Indexable,Gabrielle Etcheverry | Publications sur EDC.ca
https://www.edc.ca/fr/bio/gail-lord.html,OK,Indexable,Gail Lord | Publications sur EDC.ca
https://www.edc.ca/fr/bio/gayle-roenbaugh.html,OK,Indexable,Gayle Roenbaugh | Publications sur EDC.ca
https://www.edc.ca/fr/bio/george-monize.html,OK,Indexable,George Monize | Publications sur EDC.ca
https://www.edc.ca/fr/bio/georgina-starkman-danzig.html,OK,Indexable,Georgina Starkman Danzig | Publications sur EDC.ca
https://www.edc.ca/fr/bio/glen-mcpherson.html,OK,Indexable,Glen McPherson | Publications sur EDC.ca
https://www.edc.ca/fr/bio/glen-millard.html,OK,Indexable,Glen Millard | Publications sur EDC.ca
https://www.edc.ca/fr/bio/gordon-lambert.html,OK,Indexable,Gordon Lambert | Publications sur EDC.ca
https://www.edc.ca/fr/bio/gordon-scharf.html,OK,Indexable,Gordon Scharf | Publications sur EDC.ca
https://www.edc.ca/fr/bio/grant-lynds.html,OK,Indexable,Grant Lynds | Publications sur EDC.ca
https://www.edc.ca/fr/bio/greg-henderson.html,OK,Indexable,Greg Henderson | Publications sur EDC.ca
https://www.edc.ca/fr/bio/greg-macdonald.html,OK,Indexable,Greg MacDonald | Publications sur EDC.ca
https://www.edc.ca/fr/bio/gregory-trippenbach.html,OK,Indexable,Gregory Trippenbach | Publications sur EDC.ca
https://www.edc.ca/fr/bio/guillaume-healy.html,OK,Indexable,Guillaume Healy | Publications sur EDC.ca
https://www.edc.ca/fr/bio/guillermo-freire.html,OK,Indexable,Guillermo Freire | Posts on EDC.ca
https://www.edc.ca/fr/bio/guillermo-rishchynski.html,OK,Indexable,Guillermo Rishchynski | Publications sur EDC.ca
https://www.edc.ca/fr/bio/gustavo-galvis.html,OK,Indexable,Gustavo Galvis | Publications sur EDC.ca
https://www.edc.ca/fr/bio/gwenaele-montagner.html,OK,Indexable,Gwenaele Montagner | Publications sur EDC.ca
https://www.edc.ca/fr/bio/gwladys-tapsoba.html,OK,Indexable,Gwladys Tapsoba | Publications sur EDC.ca
https://www.edc.ca/fr/bio/hani-wannamaker.html,OK,Indexable,Hani Wannamaker | Publications sur EDC.ca
https://www.edc.ca/fr/bio/heather-gray.html,OK,Indexable,Heather Gray | Publications sur EDC.ca
https://www.edc.ca/fr/bio/heather-j-culbert.html,OK,Indexable,Heather J. Culbert | Publications sur EDC.ca
https://www.edc.ca/fr/bio/hugo-meunier.html,OK,Indexable,Hugo Meunier | Publications sur EDC.ca
https://www.edc.ca/fr/bio/ian-tobman.html,OK,Indexable,Ian Tobman | Publications sur EDC.ca
https://www.edc.ca/fr/bio/imtiaz-kermali.html,OK,Indexable,Imtiaz Kermali | Publications sur EDC.ca
https://www.edc.ca/fr/bio/iryna-burak.html,OK,Indexable,Iryna Burak | Publications sur EDC.ca
https://www.edc.ca/fr/bio/isabel-dion.html,OK,Indexable,Isabel Dion | Publications sur EDC.ca
https://www.edc.ca/fr/bio/j-p-brun.html,OK,Indexable,J-P Brun | Publications sur EDC.ca
https://www.edc.ca/fr/bio/jacques-latour.html,OK,Indexable,Jacques Latour | Publications sur EDC.ca
https://www.edc.ca/fr/bio/jaime-bellido.html,OK,Indexable,Jaime Bellido | Publications sur EDC.ca
https://www.edc.ca/fr/bio/jaimie-lickers.html,OK,Indexable,Jaimie Lickers | Publications sur EDC.ca
https://www.edc.ca/fr/bio/jake-augustine.html,OK,Indexable,Jake Augustine | Publications sur EDC.ca
https://www.edc.ca/fr/bio/jake-karls.html,OK,Indexable,Jake Karls  | Publications sur EDC.ca
https://www.edc.ca/fr/bio/james-novak.html,OK,Indexable,James Novak | Publications sur EDC.ca
https://www.edc.ca/fr/bio/james-yurichuk.html,OK,Indexable,James Yurichuk | Publications sur EDC.ca
https://www.edc.ca/fr/bio/jamie-keely.html,OK,Indexable,Jamie Keely | Publications sur EDC.ca
https://www.edc.ca/fr/bio/jane-daly.html,OK,Indexable,Jane Daly | Posts on EDC.ca
https://www.edc.ca/fr/bio/janet-annesley.html,OK,Indexable,Janet Annesley | Posts on EDC.ca
https://www.edc.ca/fr/bio/janet-stewart.html,OK,Indexable,Janet Stewart | Publications sur EDC.ca
https://www.edc.ca/fr/bio/janet-wilson.html,OK,Indexable,Janet Wilson | Publications sur EDC.ca
https://www.edc.ca/fr/bio/jared-burns.html,OK,Indexable,Jared Burns | Publications sur EDC.ca
https://www.edc.ca/fr/bio/jason-thompson.html,OK,Non-Indexable,Jason Thompson | Publications sur EDC.ca
https://www.edc.ca/fr/bio/jay-albers.html,OK,Indexable,Jay Albers | Publications sur EDC.ca
https://www.edc.ca/fr/bio/jean-bernard-ruggieri.html,OK,Indexable,Jean-Bernard Ruggieri | Publications sur EDC.ca
https://www.edc.ca/fr/bio/jean-christian-brillant.html,OK,Indexable,Jean-Christian Brillant | Publications sur EDC.ca
https://www.edc.ca/fr/bio/jean-dominique-leraci.html,OK,Indexable,Jean-Dominique Leraci | Publications sur EDC.ca
https://www.edc.ca/fr/bio/jean-philippe-gervais.html,OK,Indexable,Jean-Philippe Gervais |Publications sur EDC.ca
https://www.edc.ca/fr/bio/jean-philippe-linteau.html,OK,Indexable,Jean-Philippe Linteau | Publications sur EDC.ca
https://www.edc.ca/fr/bio/jeff-brownlee.html,OK,Indexable,Jeff Brownlee | Publications sur EDC.ca
https://www.edc.ca/fr/bio/jeff-godfrey.html,OK,Indexable,Jeff Godfrey | Publications sur EDC.ca
https://www.edc.ca/fr/bio/jeff-graham.html,OK,Indexable,Jeff Graham | Publications sur EDC.ca
https://www.edc.ca/fr/bio/jeff-keats.html,OK,Indexable,Jeff Keats | Publications sur EDC.ca
https://www.edc.ca/fr/bio/jeff-more.html,OK,Indexable,Jeff More | Publications sur EDC.ca
https://www.edc.ca/fr/bio/jeffrey-orser.html,OK,Indexable,Jeffrey Orser | Publications sur EDC.ca
https://www.edc.ca/fr/bio/jennifer-campbell.html,OK,Indexable,Jennifer Campbell | Publications sur EDC.ca
https://www.edc.ca/fr/bio/jennifer-cooke.html,OK,Indexable,Jennifer Cooke | Publications sur EDC.ca
https://www.edc.ca/fr/bio/jennifer-sommerfeld.html,OK,Indexable,Jennifer Sommerfeld | Publications sur EDC.ca
https://www.edc.ca/fr/bio/jennifer-topping.html,OK,Indexable,Jennifer Topping | Publications sur EDC.ca
https://www.edc.ca/fr/bio/jeremy-melhuish.html,OK,Indexable,Jeremy Melhuish | Publications sur EDC.ca
https://www.edc.ca/fr/bio/jerome-pischella.html,OK,Indexable,Jérôme Pischella | Publications sur EDC.ca
https://www.edc.ca/fr/bio/jerry-wang.html,OK,Indexable,Jerry Wang | Publications sur EDC.ca
https://www.edc.ca/fr/bio/jessica-draker.html,OK,Indexable,Jessica Draker - Publications sur EDC.ca
https://www.edc.ca/fr/bio/jessica-horwitz.html,OK,Indexable,Jessica B. Horwitz | Publications sur EDC.ca
https://www.edc.ca/fr/bio/jesus-ballesteros.html,OK,Indexable,Jesus Ballesteros | Publications sur EDC.ca
https://www.edc.ca/fr/bio/jim-witham.html,OK,Indexable,Jim Witham | Publications sur EDC.ca
https://www.edc.ca/fr/bio/joanne-de-franco.html,OK,Indexable,Joanne De Franco | Publications sur EDC.ca
https://www.edc.ca/fr/bio/joanne-tognarelli.html,OK,Indexable,Joanne Tognarelli | Publications sur EDC.ca
https://www.edc.ca/fr/bio/joel-adams.html,OK,Indexable,Joel Adams | Publications sur EDC.ca
https://www.edc.ca/fr/bio/johanna-franz.html,OK,Indexable,Johanna Franz | Publications sur EDC.ca
https://www.edc.ca/fr/bio/john-bitzan.html,OK,Indexable,John Bitzan | Publications sur EDC.ca
https://www.edc.ca/fr/bio/john-middleton.html,OK,Indexable,John Middleton | Publications sur EDC.ca
https://www.edc.ca/fr/bio/john-pires.html,OK,Indexable,John Pires | Publications sur EDC.ca
https://www.edc.ca/fr/bio/jolene-dilny.html,OK,Indexable,Jolene Dilny | Posts on EDC.ca
https://www.edc.ca/fr/bio/jon-drimmer.html,OK,Indexable,Jon Drimmer | Publications sur EDC.ca
https://www.edc.ca/fr/bio/jon-joel.html,OK,Indexable,Jon Joel | Publications sur EDC.ca
https://www.edc.ca/fr/bio/jonathan-fowlie.html,OK,Indexable,Jonathan Fowlie  | Publications sur EDC.ca
https://www.edc.ca/fr/bio/jonathan-kaida.html,OK,Indexable,Jonathan Kaida | Publications sur EDC.ca
https://www.edc.ca/fr/bio/jonathan-pastrikos.html,OK,Indexable,Jonathan Pastrikos | Publications sur EDC.ca
https://www.edc.ca/fr/bio/jordan-duff.html,OK,Indexable,Jordan Duff | Publications sur EDC.ca
https://www.edc.ca/fr/bio/jordan-turley.html,OK,Indexable,Jordan Turley | Publications sur EDC.ca
https://www.edc.ca/fr/bio/jorge-rave.html,OK,Indexable,Jorge A. Rave | Publications sur EDC.ca
https://www.edc.ca/fr/bio/jorge-sanhueza.html,OK,Indexable,Jorge Sanhueza | Publications sur EDC.ca
https://www.edc.ca/fr/bio/joseph-cooke.html,OK,Indexable,Joseph Cooke | Publications sur EDC.ca
https://www.edc.ca/fr/bio/josh-fine.html,OK,Indexable,Josh Fine | Publications sur EDC.ca
https://www.edc.ca/fr/bio/josh-wong.html,OK,Indexable,Josh Wong | Publications sur EDC.ca
https://www.edc.ca/fr/bio/joshua-green.html,OK,Indexable,Joshua Green | Publications sur EDC.ca
https://www.edc.ca/fr/bio/josie-l-mousseau.html,OK,Indexable,Josie L. Mousseau | Publications sur EDC.ca
https://www.edc.ca/fr/bio/jovanka-charbonneau.html,OK,Non-Indexable,Jovanka Charbonneau | Publications sur EDC.ca
https://www.edc.ca/fr/bio/joy-nott.html,OK,Indexable,Joy Nott | Publications sur EDC.ca
https://www.edc.ca/fr/bio/joy-rankothge.html,OK,Indexable,Joy Rankothge | Publications sur EDC.ca
https://www.edc.ca/fr/bio/joy-yap.html,OK,Indexable,Joy Yap | Publications sur EDC.ca
https://www.edc.ca/fr/bio/juan-sebastian-panesso.html,OK,Indexable,Juan Sebastián Panesso | Posts on EDC.ca
https://www.edc.ca/fr/bio/juana-valentina-mican-garcia.html,OK,Indexable,Juana Valentina Micán García | Posts on EDC.ca
https://www.edc.ca/fr/bio/judy-cotte.html,OK,Indexable,Judy Cotte  | Posts on EDC.ca
https://www.edc.ca/fr/bio/juliana-perez-garcia.html,OK,Indexable,Juliana Perez Garcia | Publications sur EDC.ca
https://www.edc.ca/fr/bio/julie-beun.html,OK,Indexable,Julie Beun | Publications sur EDC.ca
https://www.edc.ca/fr/bio/julie-jeffires.html,OK,Indexable,Julie Jeffires | Publications sur EDC.ca
https://www.edc.ca/fr/bio/julie-perreault.html,OK,Indexable,Julie Perreault | Publications sur EDC.ca
https://www.edc.ca/fr/bio/julie-pottier.html,OK,Indexable,Julie Pottier | Publications sur EDC.ca
https://www.edc.ca/fr/bio/julie-robidoux.html,OK,Indexable,Julie Robidoux | Publications sur EDC.ca
https://www.edc.ca/fr/bio/june-kang.html,OK,Indexable,June Kang | Publications sur EDC.ca
https://www.edc.ca/fr/bio/justin-taylor.html,OK,Indexable,Justin Taylor | Publications sur EDC.ca
https://www.edc.ca/fr/bio/justine-hendricks.html,OK,Indexable,Justine Hendricks | Publications sur EDC.ca
https://www.edc.ca/fr/bio/kailey-gilchrist.html,OK,Indexable,Kailey Gilchrist  | Publications sur EDC.ca
https://www.edc.ca/fr/bio/karen-clarke-whistler.html,OK,Indexable,Karen Clarke-Whistler | Posts on EDC.ca
https://www.edc.ca/fr/bio/karen-hennessey.html,OK,Indexable,Karen Hennessey | Posts on EDC.ca
https://www.edc.ca/fr/bio/karen-macwilliam.html,OK,Indexable,Karen MacWilliam | Publications sur EDC.ca
https://www.edc.ca/fr/bio/karen-trujillo.html,OK,Indexable,Karen Trujillo | Publications sur EDC.ca
https://www.edc.ca/fr/bio/karen-turner.html,OK,Indexable,Karen Turner | Publications sur EDC.ca
https://www.edc.ca/fr/bio/kari-yuers.html,OK,Indexable,Kari Yuers | Publications sur EDC.ca
https://www.edc.ca/fr/bio/karicia-quiroz.html,OK,Indexable,Karicia Quiroz | Publications sur EDC.ca
https://www.edc.ca/fr/bio/karn-manhas.html,OK,Indexable,Karn Manhas | Publications sur EDC.ca
https://www.edc.ca/fr/bio/karna-gupta.html,OK,Indexable,Karna Gupta | Publications sur EDC.ca
https://www.edc.ca/fr/bio/kate-murdoch.html,OK,Indexable,Kate Murdoch | Publications sur EDC.ca
https://www.edc.ca/fr/bio/kathleen-brown.html,OK,Indexable,Kathleen Brown | Publications sur EDC.ca
https://www.edc.ca/fr/bio/kathleen-childs.html,OK,Indexable,Kathleen Childs | Publications sur EDC.ca
https://www.edc.ca/fr/bio/kathleen-freimond.html,OK,Indexable,Kathleen Freimond | Publications sur EDC.ca
https://www.edc.ca/fr/bio/kayla-isabelle.html,OK,Indexable,Kayla Isabelle | Publications sur EDC.ca
https://www.edc.ca/fr/bio/kelly-brown.html,OK,Indexable,Kelly Brown | Publications sur EDC.ca
https://www.edc.ca/fr/bio/kendal-hembroff.html,OK,Indexable,Kendal Hembroff | Publications sur EDC.ca
https://www.edc.ca/fr/bio/kevin-elliott.html,OK,Indexable,Kevin Elliott | Publications sur EDC.ca
https://www.edc.ca/fr/bio/kevin-klaassen.html,OK,Indexable,Kevin Klaassen - Publications sur EDC.ca
https://www.edc.ca/fr/bio/khozema-anajwalla.html,OK,Indexable,Khozema Anajwalla  | Publications sur EDC.ca
https://www.edc.ca/fr/bio/kirk-homenick.html,OK,Indexable,Kirk Homenick | Publications sur EDC.ca
https://www.edc.ca/fr/bio/kirsten-thibault.html,OK,Indexable,Kirsten Thibault | Publications sur EDC.ca
https://www.edc.ca/fr/bio/klaus-houben.html,OK,Indexable,Klaus Houben | Publications sur EDC.ca
https://www.edc.ca/fr/bio/kristin-cuddington.html,OK,Indexable,Kristin Cuddington | Publications sur EDC.ca
https://www.edc.ca/fr/bio/kseniya-stogniy.html,OK,Indexable,Kseniya Stogniy | Publications sur EDC.ca
https://www.edc.ca/fr/bio/kurtis-mcbride.html,OK,Indexable,Kurtis McBride | Publications sur EDC.ca
https://www.edc.ca/fr/bio/kyle-hanlon.html,OK,Indexable,Kyle Hanlon  | Publications sur EDC.ca
https://www.edc.ca/fr/bio/ladislau-papara.html,OK,Indexable,Ladislau Papara | Publications sur EDC.ca
https://www.edc.ca/fr/bio/lama-alsafi.html,OK,Indexable,Lama Alsafi | Publications sur EDC.ca
https://www.edc.ca/fr/bio/larry-weinberg.html,OK,Indexable,Larry Weinberg | Publications sur EDC.ca
https://www.edc.ca/fr/bio/laura-didyk.html,OK,Indexable,Laura Didyk | Publications sur EDC.ca
https://www.edc.ca/fr/bio/laura-mcleod.html,OK,Indexable,Laura McLeod | Publications sur EDC.ca
https://www.edc.ca/fr/bio/lawrence-lewis.html,OK,Indexable,Lawrence Lewis  | Posts on EDC.ca
https://www.edc.ca/fr/bio/leigh-joseph.html,OK,Indexable,Leigh Joseph | Publications sur EDC.ca
https://www.edc.ca/fr/bio/leroy-lowe.html,OK,Indexable,Leroy Lowe | Publications sur EDC.ca
https://www.edc.ca/fr/bio/lili-mei.html,OK,Indexable,Lili Mei | Publications sur EDC.ca
https://www.edc.ca/fr/bio/liliane-pin.html,OK,Indexable,Liliane Pin | Publications sur EDC.ca
https://www.edc.ca/fr/bio/lindsay-gordon.html,Moved Permanently,Non-Indexable,
https://www.edc.ca/fr/bio/lindsay-margeneau.html,OK,Indexable,Lindsay Margeneau | Publications sur EDC.ca
https://www.edc.ca/fr/bio/lionel-gibbs.html,OK,Indexable,Lionel J Gibbs |  Publications sur EDC.ca
https://www.edc.ca/fr/bio/lisa-fenton.html,OK,Indexable,Lisa Fenton | Publications sur EDC.ca
https://www.edc.ca/fr/bio/lisa-mcewan.html,OK,Indexable,Lisa McEwan | Publications sur EDC.ca
https://www.edc.ca/fr/bio/lisa-westlund.html,OK,Indexable,Lisa Westlund | Publications sur EDC.ca
https://www.edc.ca/fr/bio/lissa-bjerkelund.html,OK,Indexable,Lissa Bjerkelund | Publications sur EDC.ca
https://www.edc.ca/fr/bio/liz-zhang.html,OK,Indexable,Liz Zhang | Publications sur EDC.ca
https://www.edc.ca/fr/bio/lora-rigutto-vigliatore.html,OK,Indexable,Lora Rigutto Vigliatore | Publications sur EDC.ca
https://www.edc.ca/fr/bio/lori-bamber.html,OK,Indexable,Lori Bamber | Publications sur EDC.ca
https://www.edc.ca/fr/bio/lori-guetre.html,OK,Indexable,Lori Guetre | Publications sur EDC.ca
https://www.edc.ca/fr/bio/lorraine-audsley.html,OK,Indexable,Lorraine Audsley | Publications sur EDC.ca
https://www.edc.ca/fr/bio/louis-tremblay.html,OK,Indexable,Louis Tremblay | Publications sur EDC.ca
https://www.edc.ca/fr/bio/luc-fournier.html,OK,Indexable,Luc Fournier | Publications sur EDC.ca
https://www.edc.ca/fr/bio/lucci-mihet.html,OK,Indexable,Lucci Mihet | Publications sur EDC.ca
https://www.edc.ca/fr/bio/luisa-rebolledo.html,OK,Indexable,Luisa Rebolledo | Publications sur EDC.ca
https://www.edc.ca/fr/bio/luna-yu.html,OK,Indexable,Luna Yu | Publications sur EDC.ca
https://www.edc.ca/fr/bio/lynda-arsenault.html,OK,Indexable,Lynda Arsenault | Publications sur EDC.ca
https://www.edc.ca/fr/bio/lynette-gillen.html,OK,Indexable,Lynette Gillen | Publications sur EDC.ca
https://www.edc.ca/fr/bio/lynn-cote.html,OK,Indexable,Lynn Côté | Publications sur EDC.ca
https://www.edc.ca/fr/bio/lynn-hampson.html,OK,Indexable,Lynn Hampson | Publications sur EDC.ca
https://www.edc.ca/fr/bio/lynne-thomson.html,OK,Indexable,Lynne Thomson | Publications sur EDC.ca
https://www.edc.ca/fr/bio/mackie-hilborn.html,OK,Indexable,Mackie Hilborn | Publications sur EDC.ca
https://www.edc.ca/fr/bio/mairead-lavery.html,OK,Indexable,Mairead Lavery | Publications sur EDC.ca
https://www.edc.ca/fr/bio/manjit-sharma.html,OK,Indexable,Manjit Sharma | Publications sur EDC.ca
https://www.edc.ca/fr/bio/manon-degarie.html,OK,Indexable,Manon Dégarie | Publications sur EDC.ca
https://www.edc.ca/fr/bio/marc-andre-blanchard.html,OK,Indexable,Marc-André Blanchard | Publications sur EDC.ca
https://www.edc.ca/fr/bio/marc-andre-hawke.html,OK,Indexable,Marc-André Hawke  | Publications sur EDC.ca
https://www.edc.ca/fr/bio/marc-vaucher.html,OK,Indexable,Marc Vaucher | Publications sur EDC.ca
https://www.edc.ca/fr/bio/maria-cristina-fabrega.html,OK,Indexable,María Cristina Fábrega | Publications sur EDC.ca
https://www.edc.ca/fr/bio/maria-fernanda-rubio-marroquin.html,OK,Indexable,Maria Fernanda Rubio Marroquín | Publications sur EDC.ca
https://www.edc.ca/fr/bio/maria-zalazar.html,OK,Indexable,Maria Zalazar | Publications sur EDC.ca
https://www.edc.ca/fr/bio/marie-claude-chagnon.html,OK,Indexable,Marie-Claude Chagnon | Publications sur EDC.ca
https://www.edc.ca/fr/bio/marie-claude-du-cap.html,OK,Indexable,Marie-Claude Du Cap | Publications sur EDC.ca
https://www.edc.ca/fr/bio/marie-elaine-beaudoin.html,OK,Indexable,Marie-Elaine Beaudoin | Publications sur EDC.ca
https://www.edc.ca/fr/bio/marie-eve-varin-lacasse.html,OK,Indexable,Marie-Eve Varin-Lacasse | Posts on EDC.ca
https://www.edc.ca/fr/bio/marie-josee-lavoie.html,OK,Indexable,Marie-Josée Lavoie | Publications sur EDC.ca
https://www.edc.ca/fr/bio/marie-lucie-morin.html,OK,Indexable,Marie-Lucie Morin | Publications sur EDC.ca
https://www.edc.ca/fr/bio/marilu-cisneros-vargas.html,OK,Indexable,Marilú Cisneros Vargas  | Publications sur EDC.ca
https://www.edc.ca/fr/bio/marina-malcheva.html,OK,Indexable,Marina Malcheva | Publications sur EDC.ca
https://www.edc.ca/fr/bio/mario-aguero.html,OK,Indexable,Mario Agüero | Publications sur EDC.ca
https://www.edc.ca/fr/bio/mario-emond.html,OK,Indexable,Mario Emond | Publications sur EDC.ca
https://www.edc.ca/fr/bio/mario-thomas.html,OK,Indexable,Mario Thomas  | Posts on EDC.ca
https://www.edc.ca/fr/bio/mark-ang.html,OK,Indexable,Mark Ang | Publications sur EDC.ca
https://www.edc.ca/fr/bio/mark-bedard.html,OK,Indexable,Mark Bedard | Publications sur EDC.ca
https://www.edc.ca/fr/bio/mark-brownlee.html,OK,Indexable,Mark Brownlee | Publications sur EDC.ca
https://www.edc.ca/fr/bio/mark-fisher.html,OK,Indexable,Mark Fisher | Publications sur EDC.ca
https://www.edc.ca/fr/bio/mark-senn.html,OK,Indexable,Mark Senn | Publications sur EDC.ca
https://www.edc.ca/fr/bio/mark-sullivan.html,OK,Indexable,Mark Sullivan | Publications sur EDC.ca
https://www.edc.ca/fr/bio/mark-tasse.html,OK,Indexable,Mark Tassé | Publications sur EDC.ca
https://www.edc.ca/fr/bio/mark-warner.html,OK,Indexable,Mark Warner | Publications sur EDC.ca
https://www.edc.ca/fr/bio/marta-recinos.html,OK,Indexable,Marta Recinos | Posts on EDC.ca
https://www.edc.ca/fr/bio/marthe-lemay.html,OK,Indexable,Marthe Lemay | Publications sur EDC.ca
https://www.edc.ca/fr/bio/martine-irman.html,Found,Non-Indexable,
https://www.edc.ca/fr/bio/masud-azizi.html,OK,Indexable,Masud Azizi  | Publications sur EDC.ca
https://www.edc.ca/fr/bio/matthew-fraser.html,OK,Indexable,Matthew Fraser | Publications sur EDC.ca
https://www.edc.ca/fr/bio/maylis-yangni-angate.html,OK,Indexable,Maylis Yangni-Angaté | Publications sur EDC.ca
https://www.edc.ca/fr/bio/media-relations.html,OK,Indexable,media-relations
https://www.edc.ca/fr/bio/meena-aier.html,OK,Indexable,Meena Aier | Publications sur EDC.ca
https://www.edc.ca/fr/bio/megan-malone.html,OK,Indexable,Megan Malone | Publications sur EDC.ca
https://www.edc.ca/fr/bio/megan-telford.html,OK,Indexable,Megan Telford | Publications sur EDC.ca
https://www.edc.ca/fr/bio/melanie-carter.html,OK,Indexable,Mélanie Carter | Publications sur EDC.ca
https://www.edc.ca/fr/bio/melanie-coulson.html,OK,Indexable,Melanie Coulson | Publications sur EDC.ca
https://www.edc.ca/fr/bio/melanie-oh.html,OK,Indexable,Melanie Oh | Publications sur EDC.ca
https://www.edc.ca/fr/bio/melisande-henry.html,OK,Indexable,Mélisande Henry | Publications sur EDC.ca
https://www.edc.ca/fr/bio/melissa-malcolm.html,OK,Indexable,Melissa Malcolm | Publications sur EDC.ca
https://www.edc.ca/fr/bio/melissa-wharton.html,OK,Indexable,Melissa G. Wharton | Publications sur EDC.ca
https://www.edc.ca/fr/bio/meredith-lilly.html,OK,Indexable,Meredith Lilly | Publications sur EDC.ca
https://www.edc.ca/fr/bio/michael-ansara.html,OK,Indexable,Michael Ansara | Publications sur EDC.ca
https://www.edc.ca/fr/bio/michael-bernard.html,OK,Indexable,Michael Bernard | Publications sur EDC.ca
https://www.edc.ca/fr/bio/michael-borish.html,OK,Indexable,Michael Borish | Publications sur EDC.ca
https://www.edc.ca/fr/bio/michael-gilbert.html,OK,Indexable,Michael Gilbert  | Publications sur EDC.ca
https://www.edc.ca/fr/bio/michael-gonsalves.html,OK,Indexable,Michael Gonsalves | Publications sur EDC.ca
https://www.edc.ca/fr/bio/michael-klauck.html,OK,Indexable,Michael Klauck | Publications sur EDC.ca
https://www.edc.ca/fr/bio/michael-kron.html,OK,Indexable,Michael Kron | Publications sur EDC.ca
https://www.edc.ca/fr/bio/michael-marcotte.html,OK,Indexable,Michael Marcotte | Publications sur EDC.ca
https://www.edc.ca/fr/bio/michael-reid.html,OK,Indexable,Michael Reid | Posts on EDC.ca
https://www.edc.ca/fr/bio/michael-smart.html,OK,Indexable,Michael Smart | Publications sur EDC.ca
https://www.edc.ca/fr/bio/michel-bergeron.html,OK,Indexable,Michel Bergeron | Publications sur EDC.ca
https://www.edc.ca/fr/bio/michele-smith.html,OK,Indexable,Michele Smith | Publications sur EDC.ca
https://www.edc.ca/fr/bio/michelle-mcbane.html,OK,Indexable,Michelle McBane | Publications sur EDC.ca
https://www.edc.ca/fr/bio/miguel-simard.html,OK,Indexable,Miguel Simard | Posts on EDC.ca
https://www.edc.ca/fr/bio/mike-brownhill.html,OK,Indexable,Mike Brownhill  | Publications sur EDC.ca
https://www.edc.ca/fr/bio/mike-giles.html,OK,Indexable,Mike Giles | Publications sur EDC.ca
https://www.edc.ca/fr/bio/mike-neals.html,OK,Indexable,Mike Neals | Publications sur EDC.ca
https://www.edc.ca/fr/bio/mike-skirzynski.html,OK,Indexable,Mike Skirzynski | Publications sur EDC.ca
https://www.edc.ca/fr/bio/mohammed-rajpar.html,OK,Indexable,Mohammed Rajpar | Publications sur EDC.ca
https://www.edc.ca/fr/bio/monica-busch.html,OK,Indexable,Monica Busch | Publications sur EDC.ca
https://www.edc.ca/fr/bio/mora-johnson.html,OK,Indexable,Mora Johnson | Publications sur EDC.ca
https://www.edc.ca/fr/bio/motoko-hunt.html,OK,Indexable,Motoko Hunt | Publications sur EDC.ca
https://www.edc.ca/fr/bio/motria-savaryn-roy.html,OK,Indexable,Motria Savaryn-Roy | Publications sur EDC.ca
https://www.edc.ca/fr/bio/myriam-francisque.html,OK,Indexable,Myriam Francisque | Publications sur EDC.ca
https://www.edc.ca/fr/bio/nadeem-rizwan.html,OK,Indexable,Nadeem Rizwan | Publications sur EDC.ca
https://www.edc.ca/fr/bio/nam-hoang.html,OK,Indexable,Nam Hoang | Publications sur EDC.ca
https://www.edc.ca/fr/bio/nancy-goudreau.html,OK,Indexable,Nancy Goudreau | Publications sur EDC.ca
https://www.edc.ca/fr/bio/nancy-russell.html,OK,Indexable,Nancy Russell | Publications sur EDC.ca
https://www.edc.ca/fr/bio/nancy-simoneau.html,OK,Indexable,Nancy Simoneau | Publications sur EDC.ca
https://www.edc.ca/fr/bio/nancy-stibbard.html,OK,Indexable,Nancy Stibbard | Publications sur EDC.ca
https://www.edc.ca/fr/bio/nataly-kelly.html,OK,Indexable,Nataly Kelly | Publications sur EDC.ca
https://www.edc.ca/fr/bio/nathan-andrew-nelson.html,OK,Indexable,Nathan Andrew Nelson | Publications sur EDC.ca
https://www.edc.ca/fr/bio/navi-dhami.html,OK,Indexable,Navi Dhami  | Publications sur EDC.ca
https://www.edc.ca/fr/bio/neil-chaulk.html,OK,Indexable,Neil Chaulk | Publications sur EDC.ca
https://www.edc.ca/fr/bio/neil-mcostrich.html,OK,Indexable,Neil McOstrich | Publications sur EDC.ca
https://www.edc.ca/fr/bio/neil-schwartz.html,OK,Indexable,Neil Schwartz | Publications sur EDC.ca
https://www.edc.ca/fr/bio/nicolas-fontaine.html,OK,Non-Indexable,Nicolas Fontaine | Publications sur EDC.ca
https://www.edc.ca/fr/bio/nigel-neale.html,OK,Indexable,Nigel Neale | Publications sur EDC.ca
https://www.edc.ca/fr/bio/nigel-selig.html,OK,Indexable,Nigel Selig | Publications sur EDC.ca
https://www.edc.ca/fr/bio/nona-akhavan.html,OK,Indexable,Nona Akhavan | Publications sur EDC.ca
https://www.edc.ca/fr/bio/oana-labes.html,OK,Indexable,Oana Labes | Posts on EDC.ca
https://www.edc.ca/fr/bio/ohad-arazi.html,OK,Indexable,Ohad Arazi | Publications sur EDC.ca
https://www.edc.ca/fr/bio/olga-vovk.html,OK,Indexable,Olga Vovk | Publications sur EDC.ca
https://www.edc.ca/fr/bio/olivia-lee.html,OK,Indexable,Olivia Lee | Publications sur EDC.ca
https://www.edc.ca/fr/bio/owais-ahmed.html,OK,Indexable,Owais Ahmed | Publications sur EDC.ca
https://www.edc.ca/fr/bio/pallavi-roy.html,OK,Indexable,Pallavi Roy | Publications sur EDC.ca
https://www.edc.ca/fr/bio/paolo-utano.html,OK,Indexable,Paolo Utano  | Publications sur EDC.ca
https://www.edc.ca/fr/bio/patrice-guindon.html,OK,Indexable,Patrice Guindon | Publications sur EDC.ca
https://www.edc.ca/fr/bio/patricia-elliott.html,OK,Indexable,Patricia Elliott  | Publications sur EDC.ca
https://www.edc.ca/fr/bio/patrick-mcquilken.html,OK,Indexable,Patrick McQuilken | Publications sur EDC.ca
https://www.edc.ca/fr/bio/patrick-michetti.html,OK,Indexable,Patrick Michetti | Publications sur EDC.ca
https://www.edc.ca/fr/bio/patrick-watson.html,OK,Indexable,Patrick Watson | Publications sur EDC.ca
https://www.edc.ca/fr/bio/patti-lane.html,OK,Indexable,Patti Lane | Publications sur EDC.ca
https://www.edc.ca/fr/bio/paul-langdon.html,OK,Indexable,Paul Langdon | Publications sur EDC.ca
https://www.edc.ca/fr/bio/paul-thoppil.html,OK,Indexable,Paul Thoppil | Publications sur EDC.ca
https://www.edc.ca/fr/bio/paul-turner.html,OK,Indexable,Paul Turner | Publications sur EDC.ca
https://www.edc.ca/fr/bio/paula-greene.html,OK,Indexable,Paula Greene | Publications sur EDC.ca
https://www.edc.ca/fr/bio/pernille-fischer-boulter.html,OK,Indexable,Pernille Fischer Boulter | Publications sur EDC.ca
https://www.edc.ca/fr/bio/perrin-beatty.html,OK,Indexable,Perrin Beatty | Publications sur EDC.ca
https://www.edc.ca/fr/bio/peter-gray.html,OK,Indexable,Peter Gray | Publications sur EDC.ca
https://www.edc.ca/fr/bio/peter-hall.html,OK,Indexable,Peter Hall | Publications sur EDC.ca
https://www.edc.ca/fr/bio/peter-londa.html,OK,Indexable,Peter Londa | Publications sur EDC.ca
https://www.edc.ca/fr/bio/peter-simpson.html,OK,Indexable,Peter Simpson | Publications sur EDC.ca
https://www.edc.ca/fr/bio/peter-whelan.html,OK,Indexable,Peter Whelan | Publications sur EDC.ca
https://www.edc.ca/fr/bio/peter-whelan1.html,OK,Indexable,Peter Whelan | Posts on EDC.ca
https://www.edc.ca/fr/bio/phil-taylor.html,OK,Indexable,Phil Taylor | Publications sur EDC.ca
https://www.edc.ca/fr/bio/philip-ducharme.html,OK,Indexable,Philip Ducharme | Publications sur EDC.ca
https://www.edc.ca/fr/bio/philip-turi.html,OK,Indexable,Philip Turi | Publications sur EDC.ca
https://www.edc.ca/fr/bio/philippe-beaulieu.html,OK,Indexable,Philippe Beaulieu | Publications sur EDC.ca
https://www.edc.ca/fr/bio/philippe-desjardins.html,OK,Indexable,Philippe Desjardins | Publications sur EDC.ca
https://www.edc.ca/fr/bio/pierluigi-buonicore.html,OK,Indexable,Pierluigi Buonicore | Publications sur EDC.ca
https://www.edc.ca/fr/bio/pierre-boivin.html,OK,Indexable,Pierre Boivin | Publications sur EDC.ca
https://www.edc.ca/fr/bio/pierre-cleroux.html,OK,Indexable,Pierre Cléroux | Publications sur EDC.ca
https://www.edc.ca/fr/bio/pierre-francois-allaire.html,OK,Indexable,Pierre-François Allaire | Publications sur EDC.ca
https://www.edc.ca/fr/bio/pierre-matuszewski.html,OK,Indexable,Pierre Matuszewski | Publications sur EDC.ca
https://www.edc.ca/fr/bio/pieter-bouwer.html,OK,Indexable,Pieter Bouwer | Publications sur EDC.ca
https://www.edc.ca/fr/bio/prashant-modha.html,OK,Indexable,Prashant Modha | Publications sur EDC.ca
https://www.edc.ca/fr/bio/prerna-sharma.html,OK,Indexable,Prerna Sharma | Publications sur EDC.ca
https://www.edc.ca/fr/bio/prince-owusu.html,OK,Indexable,Prince Owusu | Publications sur EDC.ca
https://www.edc.ca/fr/bio/quynh-nguyen.html,OK,Indexable,Quynh Nguyen | Publications sur EDC.ca
https://www.edc.ca/fr/bio/rachel-guthrie.html,OK,Indexable,Rachel Guthrie | Publications sur EDC.ca
https://www.edc.ca/fr/bio/rachel-lambo.html,OK,Indexable,Rachel Lambo | Publications sur EDC.ca
https://www.edc.ca/fr/bio/rachel-samson.html,OK,Indexable,Rachel Samson | Publications sur EDC.ca
https://www.edc.ca/fr/bio/rafael-castillo.html,OK,Indexable,Rafael Castillo | Publications sur EDC.ca
https://www.edc.ca/fr/bio/rahim-mohtaram.html,OK,Indexable,Rahim Mohtaram | Publications sur EDC.ca
https://www.edc.ca/fr/bio/rajesh-prashadcolah.html,OK,Indexable,Rajesh Prashadcolah | Publications sur EDC.ca
https://www.edc.ca/fr/bio/rajiv-parrab.html,OK,Indexable,Rajiv Parrab  | Publications sur EDC.ca
https://www.edc.ca/fr/bio/rami-faour.html,OK,Indexable,Rami Faour | Publications sur EDC.ca
https://www.edc.ca/fr/bio/ran-carter.html,OK,Indexable,Ran Carter | Publications sur EDC.ca
https://www.edc.ca/fr/bio/ranaditya-kumar.html,OK,Indexable,Ranaditya Kumar | Publications sur EDC.ca
https://www.edc.ca/fr/bio/randall-mang.html,OK,Indexable,Randall Mang | Publications sur EDC.ca
https://www.edc.ca/fr/bio/raul-vargas-yemail.html,OK,Indexable,Raul Vargas Yemail | Publications sur EDC.ca
https://www.edc.ca/fr/bio/remi-desa.html,OK,Indexable,Remi Desa | Publications sur EDC.ca
https://www.edc.ca/fr/bio/richard-dubuc.html,OK,Indexable,Richard Dubuc | Publications sur EDC.ca
https://www.edc.ca/fr/bio/richard-payette.html,Moved Permanently,Non-Indexable,
https://www.edc.ca/fr/bio/richard-schuster.html,OK,Indexable,Richard Schuster | Publications sur EDC.ca
https://www.edc.ca/fr/bio/robert-cameron.html,OK,Indexable,Robert Cameron | Publications sur EDC.ca
https://www.edc.ca/fr/bio/robert-caouette.html,OK,Indexable,Robert Caouette | Publications sur EDC.ca
https://www.edc.ca/fr/bio/robert-clark.html,OK,Indexable,Robert Clark | Publications sur EDC.ca
https://www.edc.ca/fr/bio/robert-macdonald.html,OK,Indexable,Robert MacDonald | Publications sur EDC.ca
https://www.edc.ca/fr/bio/robert-mccubbing.html,OK,Indexable,Robert McCubbing | Publications sur EDC.ca
https://www.edc.ca/fr/bio/robert-niven.html,OK,Indexable,Robert Niven | Publications sur EDC.ca
https://www.edc.ca/fr/bio/robert-pelletier.html,OK,Indexable,Robert Pelletier | Publications sur EDC.ca
https://www.edc.ca/fr/bio/robert-s-mcleese.html,Moved Permanently,Non-Indexable,
https://www.edc.ca/fr/bio/roberto-bagnato.html,OK,Indexable,Roberto Bagnato | Publications sur EDC.ca
https://www.edc.ca/fr/bio/robin-kovitz.html,OK,Indexable,Robin Kovitz | Publications sur EDC.ca
https://www.edc.ca/fr/bio/rocco-caminiti.html,OK,Indexable,Rocco Caminiti | Posts on EDC.ca
https://www.edc.ca/fr/bio/rodrigo-ibarra.html,OK,Indexable,Rodrigo Ibarra | Publications sur EDC.ca
https://www.edc.ca/fr/bio/roger-tambay.html,OK,Indexable,Roger Tambay | Publications sur EDC.ca
https://www.edc.ca/fr/bio/roisin-grimes.html,OK,Indexable,Roisin Grimes | Publications sur EDC.ca
https://www.edc.ca/fr/bio/rosemary-mccarney.html,OK,Indexable,Rosemary McCarney | Publications sur EDC.ca
https://www.edc.ca/fr/bio/ross-prusakowski.html,OK,Indexable,Ross Prusakowski | Publications sur EDC.ca
https://www.edc.ca/fr/bio/rowda-mohamud.html,OK,Indexable,Rowda Mohamud | Publications sur EDC.ca
https://www.edc.ca/fr/bio/roxanne-chaudier.html,OK,Indexable,Roxanne Chaudier | Publications sur EDC.ca
https://www.edc.ca/fr/bio/ruth-vachon.html,OK,Indexable,Ruth Vachon | Publications sur EDC.ca
https://www.edc.ca/fr/bio/ruzan-desai.html,OK,Indexable,Ruzan Desai | Publications sur EDC.ca
https://www.edc.ca/fr/bio/ryan-fung.html,OK,Indexable,Ryan Fung | Publications sur EDC.ca
https://www.edc.ca/fr/bio/ryan-smith.html,OK,Indexable,Ryan Smith | Publications sur EDC.ca
https://www.edc.ca/fr/bio/sabrina-fiorellino.html,OK,Indexable,Sabrina Fiorellino | Publications sur EDC.ca
https://www.edc.ca/fr/bio/sam-ramadori.html,OK,Indexable,Sam Ramadori | Publications sur EDC.ca
https://www.edc.ca/fr/bio/samah-nimir.html,OK,Indexable,Samah Nimir | Publications sur EDC.ca
https://www.edc.ca/fr/bio/sameer-madhok.html,Moved Permanently,Non-Indexable,
https://www.edc.ca/fr/bio/sanaa-msittef.html,OK,Indexable,Sanaa Msittef | Publications sur EDC.ca
https://www.edc.ca/fr/bio/sandra-filopoulos.html,OK,Non-Indexable,Sandra Filopoulos | Publications sur EDC.ca
https://www.edc.ca/fr/bio/sara-scurfield.html,OK,Indexable,Sara Scurfield | Publications sur EDC.ca
https://www.edc.ca/fr/bio/sara-wilshaw.html,OK,Indexable,Sara Wilshaw | Publications sur EDC.ca
https://www.edc.ca/fr/bio/sarah-daniele.html,OK,Indexable,Sarah Daniele | Publications sur EDC.ca
https://www.edc.ca/fr/bio/sarah-quigley.html,OK,Indexable,Sarah Quigley | Publications sur EDC.ca
https://www.edc.ca/fr/bio/sarah-turnbull.html,OK,Indexable,Sarah Turnbull | Posts on EDC.ca
https://www.edc.ca/fr/bio/sarah-van-wolde.html,OK,Indexable,Sarah van Wolde | Publications sur EDC.ca
https://www.edc.ca/fr/bio/sasan-fouladirad.html,OK,Indexable,Sasan Fouladirad | Publications sur EDC.ca
https://www.edc.ca/fr/bio/scott-moore.html,OK,Indexable,Scott Moore | Publications sur EDC.ca
https://www.edc.ca/fr/bio/sean-emmond.html,OK,Indexable,Sean Emmond  | Publications sur EDC.ca
https://www.edc.ca/fr/bio/serge-beauchemin.html,OK,Indexable,Serge Beauchemin  | Publications sur EDC.ca
https://www.edc.ca/fr/bio/shannon-fisher.html,OK,Indexable,Shannon Fisher | Publications sur EDC.ca
https://www.edc.ca/fr/bio/shannon-mcluhan.html,OK,Indexable,Shannon McLuhan | Publications sur EDC.ca
https://www.edc.ca/fr/bio/sharon-carvalho.html,OK,Indexable,Sharon Carvalho | Publications sur EDC.ca
https://www.edc.ca/fr/bio/shelby-taylor.html,OK,Indexable,Shelby Taylor | Publications sur EDC.ca
https://www.edc.ca/fr/bio/shelley-maclean.html,OK,Indexable,Shelley Maclean | Publications sur EDC.ca
https://www.edc.ca/fr/bio/sheri-griffiths.html,OK,Indexable,Sheri Griffiths | Publications sur EDC.ca
https://www.edc.ca/fr/bio/shonezi-noor.html,OK,Indexable,Shonezi Noor | Publications sur EDC.ca
https://www.edc.ca/fr/bio/simi-bhagwandass.html,OK,Indexable,Simi Bhagwandass | Publications sur EDC.ca
https://www.edc.ca/fr/bio/simon-cairns.html,OK,Indexable,Simon Cairns | Publications sur EDC.ca
https://www.edc.ca/fr/bio/simon-forsyth.html,OK,Indexable,Simon Forsyth | Publications sur EDC.ca
https://www.edc.ca/fr/bio/simon-gittens.html,OK,Indexable,Simon Gittens | Publications sur EDC.ca
https://www.edc.ca/fr/bio/simonil-bamji.html,OK,Indexable,Simonil Bamji | Publications sur EDC.ca
https://www.edc.ca/fr/bio/someyita-bictogo.html,OK,Indexable,Someyita Bictogo | Publications sur EDC.ca
https://www.edc.ca/fr/bio/sonia-lapierre.html,OK,Indexable,Sonia Lapierre | Publications sur EDC.ca
https://www.edc.ca/fr/bio/sonia-vieira.html,OK,Indexable,Sonia Vieira | Publications sur EDC.ca
https://www.edc.ca/fr/bio/sophie-dumoulin.html,OK,Indexable,Sophie Dumoulin | Publications sur EDC.ca
https://www.edc.ca/fr/bio/soroush-karimzadeh.html,OK,Indexable,Soroush Karimzadeh | Publications sur EDC.ca
https://www.edc.ca/fr/bio/spencer-callaghan.html,OK,Indexable,Spencer Callaghan | Publications sur EDC.ca
https://www.edc.ca/fr/bio/stacey-wallin.html,OK,Indexable,Stacey Wallin | Publications sur EDC.ca
https://www.edc.ca/fr/bio/stan-de-caluwe.html,OK,Indexable,Stan de Caluwe | Publications sur EDC.ca
https://www.edc.ca/fr/bio/stephanie-fontaine.html,OK,Indexable,Stephanie Fontaine  | Publications sur EDC.ca
https://www.edc.ca/fr/bio/stephen-callaghan.html,OK,Indexable,Stephen Callaghan | Publications sur EDC.ca
https://www.edc.ca/fr/bio/stephen-goodman.html,OK,Indexable,Stephen Goodman | Publications sur EDC.ca
https://www.edc.ca/fr/bio/stephen-tapp.html,OK,Indexable,Stephen Tapp | Publications sur EDC.ca
https://www.edc.ca/fr/bio/stephen-wilhelm.html,OK,Indexable,Stephen Wilhelm | Publications sur EDC.ca
https://www.edc.ca/fr/bio/steve-levely.html,OK,Indexable,Steve Levely | Publications sur EDC.ca
https://www.edc.ca/fr/bio/steve-wilson.html,OK,Indexable,Steve Wilson | Publications sur EDC.ca
https://www.edc.ca/fr/bio/steven-goodinson.html,OK,Indexable,Steven Goodinson | Publications sur EDC.ca
https://www.edc.ca/fr/bio/steven-richards.html,OK,Indexable,Steven Richards | Publications sur EDC.ca
https://www.edc.ca/fr/bio/stig-larsson.html,OK,Indexable,Stig Larsson | Publications sur EDC.ca
https://www.edc.ca/fr/bio/stuart-bergman.html,OK,Indexable,Stuart Bergman | Publications sur EDC.ca
https://www.edc.ca/fr/bio/stuart-lombard.html,OK,Indexable,Stuart Lombard | Publications sur EDC.ca
https://www.edc.ca/fr/bio/sue-rauth.html,OK,Indexable,Sue Rauth | Posts on EDC.ca
https://www.edc.ca/fr/bio/sugantha-nathaniel.html,OK,Indexable,Sugantha Nathaniel | Publications sur EDC.ca
https://www.edc.ca/fr/bio/supun-fernando.html,OK,Non-Indexable,Supun Fernando | Publications sur EDC.ca
https://www.edc.ca/fr/bio/susan-redding.html,OK,Indexable,Susan Redding | Publications sur EDC.ca
https://www.edc.ca/fr/bio/susan-rohac.html,OK,Indexable,Susan Rohac | Publications sur EDC.ca
https://www.edc.ca/fr/bio/susanna-campagna.html,OK,Indexable,Susanna Campagna | Publications sur EDC.ca
https://www.edc.ca/fr/bio/susannah-crabtree.html,OK,Indexable,Susannah Crabtree | Publications sur EDC.ca
https://www.edc.ca/fr/bio/suveen-suri.html,OK,Indexable,Suveen Suri | Publications sur EDC.ca
https://www.edc.ca/fr/bio/sven-list.html,OK,Indexable,Sven List | Publications sur EDC.ca
https://www.edc.ca/fr/bio/sylvain-lemay.html,OK,Indexable,Sylvain Lemay | Publications sur EDC.ca
https://www.edc.ca/fr/bio/sylvain-morel.html,OK,Indexable,Sylvain Morel | Publications sur EDC.ca
https://www.edc.ca/fr/bio/tamara-fathi.html,OK,Indexable,Tamara Fathi | Publications sur EDC.ca
https://www.edc.ca/fr/bio/tania-chaar.html,OK,Indexable,Tania Chaar | Publications sur EDC.ca
https://www.edc.ca/fr/bio/tanita-alexandridis.html,OK,Indexable,Tanita Alexandridis | Publications sur EDC.ca
https://www.edc.ca/fr/bio/tanya-walker.html,OK,Indexable,Tanya C. Walker | Publications sur EDC.ca
https://www.edc.ca/fr/bio/tara-tosh.html,OK,Indexable,Tara Tosh Kennedy | Publications sur EDC.ca
https://www.edc.ca/fr/bio/tariq-esmail.html,OK,Indexable,Tariq Esmail | Publications sur EDC.ca
https://www.edc.ca/fr/bio/taylor-hladik.html,OK,Indexable,Taylor Hladik | Publications sur EDC.ca
https://www.edc.ca/fr/bio/teresa-nizzola.html,OK,Indexable,Teresa Nizzola | Publications sur EDC.ca
https://www.edc.ca/fr/bio/thi-be-nguyen.html,OK,Indexable,Thi Be Nguyen | Posts on EDC.ca
https://www.edc.ca/fr/bio/thomas-cambien.html,OK,Indexable,Thomas Cambien | Publications sur EDC.ca
https://www.edc.ca/fr/bio/tia-loftsgard.html,OK,Indexable,Tia Loftsgard | Publications sur EDC.ca
https://www.edc.ca/fr/bio/tiffany-stephenson.html,OK,Indexable,Tiffany Stephenson | Publications sur EDC.ca
https://www.edc.ca/fr/bio/toby-heaps.html,OK,Indexable,Toby Heaps | Posts on EDC.ca
https://www.edc.ca/fr/bio/todd-evans.html,OK,Indexable,Todd Evans | Publications sur EDC.ca
https://www.edc.ca/fr/bio/todd-winterhalt.html,OK,Indexable,Todd Winterhalt | Publications sur EDC.ca
https://www.edc.ca/fr/bio/tom-cumming.html,OK,Indexable,Tom Cumming | Publications sur EDC.ca
https://www.edc.ca/fr/bio/tom-gardner.html,OK,Indexable,Tom Gardner | Publications sur EDC.ca
https://www.edc.ca/fr/bio/tomislav-ivancic.html,OK,Indexable,Tomislav Ivančić | Posts on EDC.ca
https://www.edc.ca/fr/bio/tracey-speares.html,OK,Indexable,Tracey Speares | Publications sur EDC.ca
https://www.edc.ca/fr/bio/tracy-schwetz.html,OK,Indexable,Tracy Schwetz | Publications sur EDC.ca
https://www.edc.ca/fr/bio/treena-hein.html,OK,Indexable,Treena Hein | Publications sur EDC.ca
https://www.edc.ca/fr/bio/trevor-spinney.html,OK,Indexable,Trevor Spinney | Publications sur EDC.ca
https://www.edc.ca/fr/bio/troy-deware.html,OK,Indexable,Troy DeWare | Publications sur EDC.ca
https://www.edc.ca/fr/bio/tyler-hamilton.html,OK,Indexable,Tyler Hamilton | Publications sur EDC.ca
https://www.edc.ca/fr/bio/umer-naeem.html,OK,Indexable,Umer Naeem | Publications sur EDC.ca
https://www.edc.ca/fr/bio/valerie-robitaille.html,OK,Indexable,Valérie Robitaille | Publications sur EDC.ca
https://www.edc.ca/fr/bio/veronique-st-jean.html,OK,Indexable,Veronique St-Jean  | Publications sur EDC.ca
https://www.edc.ca/fr/bio/veronique-tremblay.html,OK,Indexable,Veronique Tremblay | Publications sur EDC.ca
https://www.edc.ca/fr/bio/vibhav-agarwal.html,OK,Indexable,Vibhav Agarwal | Publications sur EDC.ca
https://www.edc.ca/fr/bio/vicki-saunders.html,OK,Indexable,Vicki Saunders | Publications sur EDC.ca
https://www.edc.ca/fr/bio/victoria-lennox.html,OK,Indexable,Victoria Lennox | Publications sur EDC.ca
https://www.edc.ca/fr/bio/vikas-arora.html,OK,Indexable,Vikas Arora | Publications sur EDC.ca
https://www.edc.ca/fr/bio/vivian-abdelmessih.html,OK,Indexable,Vivian Abdelmessih | Publications sur EDC.ca
https://www.edc.ca/fr/bio/wayne-farmer.html,OK,Indexable,Wayne Farmer | Publications sur EDC.ca
https://www.edc.ca/fr/bio/wendy-wagner.html,OK,Indexable,Wendy Wagner | Posts on EDC.ca
https://www.edc.ca/fr/bio/william-pellerin.html,OK,Indexable,William Pellerin | Publications sur EDC.ca
https://www.edc.ca/fr/bio/william-polushin.html,OK,Indexable,William Polushin | Publications sur EDC.ca
https://www.edc.ca/fr/bio/william-thomas.html,OK,Indexable,William Thomas | Publications sur EDC.ca
https://www.edc.ca/fr/bio/willy-fogang.html,OK,Indexable,Willy Fogang | Publications sur EDC.ca
https://www.edc.ca/fr/bio/wovi-komassi.html,OK,Indexable,Awovi Komassi | Posts on EDC.ca
https://www.edc.ca/fr/bio/ximena-tercero.html,OK,Indexable,Ximena Tercero | Publications sur EDC.ca
https://www.edc.ca/fr/bio/yasmine-fouad.html,OK,Indexable,Yasmine Fouad | Publications sur EDC.ca
https://www.edc.ca/fr/bio/zach-herbers.html,OK,Indexable,Zach Herbers | Publications sur EDC.ca
https://www.edc.ca/fr/bio/zhenzhen-ye.html,OK,Indexable,Zhenzhen Ye | Publications sur EDC.ca
https://www.edc.ca/fr/bio/ziyad-rahme.html,OK,Indexable,Ziyad Rahme | Publications sur EDC.ca
https://www.edc.ca/fr/bio/zoe-de-bellefeuille.html,OK,Indexable,Zoe de Bellefeuille | Publications sur EDC.ca
https://www.edc.ca/fr/blog.html,Found,Non-Indexable,
https://www.edc.ca/fr/blog/10-principles-managing-risk-covid-19.html,Blocked by robots.txt,Non-Indexable,
https://www.edc.ca/fr/blog/2017-export-numbers-positive-for-canadian-companies.html,Blocked by robots.txt,Non-Indexable,
https://www.edc.ca/fr/blog/2017-french-elections.html,Blocked by robots.txt,Non-Indexable,
https://www.edc.ca/fr/blog/2019-cleantech-export-star-ecobee.html,Blocked by robots.txt,Non-Indexable,
https://www.edc.ca/fr/blog/2020-trade-outlook-canadian-export-growth.html,Blocked by robots.txt,Non-Indexable,
https://www.edc.ca/fr/blog/3-ingredients-to-going-global.html,Blocked by robots.txt,Non-Indexable,
https://www.edc.ca/fr/blog/4-indicators-expand-internationally.html,Blocked by robots.txt,Non-Indexable,
https://www.edc.ca/fr/blog/4-lessons-learned-exporting-to-india.html,Blocked by robots.txt,Non-Indexable,
https://www.edc.ca/fr/blog/75-years-and-counting.html,Blocked by robots.txt,Non-Indexable,
https://www.edc.ca/fr/blog/8-tips-maximize-online-presence.html,Blocked by robots.txt,Non-Indexable,
https://www.edc.ca/fr/blog/a-day-in-the-life-wuxly.html,Blocked by robots.txt,Non-Indexable,
https://www.edc.ca/fr/blog/advice-from-canadian-companies-going-global.html,Blocked by robots.txt,Non-Indexable,
https://www.edc.ca/fr/blog/agri-food-trends-in-europe.html,Blocked by robots.txt,Non-Indexable,
https://www.edc.ca/fr/blog/america-first-affects.html,Blocked by robots.txt,Non-Indexable,
https://www.edc.ca/fr/blog/amlo-first-100-days.html,Blocked by robots.txt,Non-Indexable,
https://www.edc.ca/fr/blog/asean-canada-agreement.html,Blocked by robots.txt,Non-Indexable,
https://www.edc.ca/fr/blog/ask-the-export-help-team-moving-the-goods.html,Blocked by robots.txt,Non-Indexable,
https://www.edc.ca/fr/blog/ask-the-export-help-team-sealing-the-deal.html,Blocked by robots.txt,Non-Indexable,
https://www.edc.ca/fr/blog/ask-the-export-help-team-tackling-your-taxes.html,Blocked by robots.txt,Non-Indexable,
https://www.edc.ca/fr/blog/ask-the-export-help-team.html,Blocked by robots.txt,Non-Indexable,
https://www.edc.ca/fr/blog/atlanta-latest-breakout-star-for-canadian-exports.html,Blocked by robots.txt,Non-Indexable,
https://www.edc.ca/fr/blog/barriers-for-black-exporters-edc-report.html,Blocked by robots.txt,Non-Indexable,
https://www.edc.ca/fr/blog/bdc-helps-exporters.html,Blocked by robots.txt,Non-Indexable,
https://www.edc.ca/fr/blog/benefits-of-advisory-boards-edc.html,Blocked by robots.txt,Non-Indexable,
https://www.edc.ca/fr/blog/boost-online-sales-by-localizing-your-website.html,Blocked by robots.txt,Non-Indexable,
https://www.edc.ca/fr/blog/brazil-export-giant.html,Blocked by robots.txt,Non-Indexable,
https://www.edc.ca/fr/blog/breaking-down-barriers-for-women-entrepreneurs.html,Blocked by robots.txt,Non-Indexable,
https://www.edc.ca/fr/blog/brexit-here-is-what-you-need-to-know.html,Blocked by robots.txt,Non-Indexable,
https://www.edc.ca/fr/blog/brexit-its-down-to-a-coin-toss.html,Blocked by robots.txt,Non-Indexable,
https://www.edc.ca/fr/blog/brexit-what-is-next.html,Blocked by robots.txt,Non-Indexable,
https://www.edc.ca/fr/blog/brics-frontier-markets.html,Blocked by robots.txt,Non-Indexable,
https://www.edc.ca/fr/blog/bringing-agribusiness-to-the-eu.html,Blocked by robots.txt,Non-Indexable,
https://www.edc.ca/fr/blog/build-international-network.html,Blocked by robots.txt,Non-Indexable,
https://www.edc.ca/fr/blog/builder-exports-bungalows.html,Blocked by robots.txt,Non-Indexable,
https://www.edc.ca/fr/blog/building-a-compliance-program.html,Blocked by robots.txt,Non-Indexable,
https://www.edc.ca/fr/blog/building-an-export-plan.html,Blocked by robots.txt,Non-Indexable,
https://www.edc.ca/fr/blog/building-export-plans.html,Blocked by robots.txt,Non-Indexable,
https://www.edc.ca/fr/blog/building-relationships-in-china.html,Blocked by robots.txt,Non-Indexable,
https://www.edc.ca/fr/blog/building-solid-export-plan.html,Blocked by robots.txt,Non-Indexable,
https://www.edc.ca/fr/blog/business-in-mexico.html,Blocked by robots.txt,Non-Indexable,
https://www.edc.ca/fr/blog/business-philippines-etiquette-tips.html,Blocked by robots.txt,Non-Indexable,
https://www.edc.ca/fr/blog/business-readiness-assessment-tool-for-women.html,Blocked by robots.txt,Non-Indexable,
https://www.edc.ca/fr/blog/business-women-in-trade-bwit.html,Blocked by robots.txt,Non-Indexable,
https://www.edc.ca/fr/blog/canada-brand-exporting-advantage.html,Blocked by robots.txt,Non-Indexable,
https://www.edc.ca/fr/blog/canada-cleantech-advantage.html,Blocked by robots.txt,Non-Indexable,
https://www.edc.ca/fr/blog/canada-europe-trade-relationship.html,Blocked by robots.txt,Non-Indexable,
https://www.edc.ca/fr/blog/canada-financial-institutions-help-export-success.html,Blocked by robots.txt,Non-Indexable,
https://www.edc.ca/fr/blog/canada-health-wellness-export-opportunity.html,Blocked by robots.txt,Non-Indexable,
https://www.edc.ca/fr/blog/canada-mexico-trade.html,Blocked by robots.txt,Non-Indexable,
https://www.edc.ca/fr/blog/canada-organic-sector-growth.html,Blocked by robots.txt,Non-Indexable,
https://www.edc.ca/fr/blog/canada-plant-based-protein-growth.html,Blocked by robots.txt,Non-Indexable,
https://www.edc.ca/fr/blog/canada-south-korea-free-trade.html,Blocked by robots.txt,Non-Indexable,
https://www.edc.ca/fr/blog/canadas-automotive-industry-exporting-history.html,Blocked by robots.txt,Non-Indexable,
https://www.edc.ca/fr/blog/canadas-export-potential-with-agricultural-technology.html,Blocked by robots.txt,Non-Indexable,
https://www.edc.ca/fr/blog/canadas-ict-sector-built-for-exporting.html,Blocked by robots.txt,Non-Indexable,
https://www.edc.ca/fr/blog/canadas-oil-and-gas-sector-report.html,Blocked by robots.txt,Non-Indexable,
https://www.edc.ca/fr/blog/canadian-agribusiness-in-brazil-and-argentina.html,Blocked by robots.txt,Non-Indexable,
https://www.edc.ca/fr/blog/canadian-beef-exports-ceta.html,Blocked by robots.txt,Non-Indexable,
https://www.edc.ca/fr/blog/canadian-brand-advantage.html,Blocked by robots.txt,Non-Indexable,
https://www.edc.ca/fr/blog/canadian-clean-technology.html,Blocked by robots.txt,Non-Indexable,
https://www.edc.ca/fr/blog/canadian-cleantech-export-week.html,Blocked by robots.txt,Non-Indexable,
https://www.edc.ca/fr/blog/canadian-companies-doing-business-in-china.html,Blocked by robots.txt,Non-Indexable,
https://www.edc.ca/fr/blog/canadian-companies-exporting-to-china.html,Blocked by robots.txt,Non-Indexable,
https://www.edc.ca/fr/blog/canadian-culture-helps-exports.html,Blocked by robots.txt,Non-Indexable,
https://www.edc.ca/fr/blog/canadian-export-challenge.html,Blocked by robots.txt,Non-Indexable,
https://www.edc.ca/fr/blog/canadian-export-opportunities-us.html,Blocked by robots.txt,Non-Indexable,
https://www.edc.ca/fr/blog/canadian-exports-coronavirus-outbreak.html,Blocked by robots.txt,Non-Indexable,
https://www.edc.ca/fr/blog/canadian-fintech-export-ready.html,Blocked by robots.txt,Non-Indexable,
https://www.edc.ca/fr/blog/canadian-global-trade.html,Blocked by robots.txt,Non-Indexable,
https://www.edc.ca/fr/blog/canadian-maple-syrup-exports.html,Blocked by robots.txt,Non-Indexable,
https://www.edc.ca/fr/blog/canadian-opportunity-in-indonesia.html,Blocked by robots.txt,Non-Indexable,
https://www.edc.ca/fr/blog/canadian-trade-with-france.html,Blocked by robots.txt,Non-Indexable,
https://www.edc.ca/fr/blog/carbicrete-wins-edc-pitch-competition.html,Blocked by robots.txt,Non-Indexable,
https://www.edc.ca/fr/blog/cash-flow-forecasting-during-covid19.html,Blocked by robots.txt,Non-Indexable,
https://www.edc.ca/fr/blog/ceta-aerospace-sector-opportunities.html,Blocked by robots.txt,Non-Indexable,
https://www.edc.ca/fr/blog/ceta-opportunities-canadian-food-exporters.html,Blocked by robots.txt,Non-Indexable,
https://www.edc.ca/fr/blog/challenges-for-women-exporters.html,Blocked by robots.txt,Non-Indexable,
https://www.edc.ca/fr/blog/chile-energy-sector-for-canadian-companies.html,Blocked by robots.txt,Non-Indexable,
https://www.edc.ca/fr/blog/china-ecommerce-market.html,Blocked by robots.txt,Non-Indexable,
https://www.edc.ca/fr/blog/choosing-to-act-edc-reponse-to-original-pandemic.html,Blocked by robots.txt,Non-Indexable,
https://www.edc.ca/fr/blog/ciele-tips-to-expand-globally.html,Blocked by robots.txt,Non-Indexable,
https://www.edc.ca/fr/blog/clean-energy-colombias-untapped-potential.html,Blocked by robots.txt,Non-Indexable,
https://www.edc.ca/fr/blog/cleantech-canada-growing-global-markets.html,Blocked by robots.txt,Non-Indexable,
https://www.edc.ca/fr/blog/cleantech-disruptive-technology.html,Blocked by robots.txt,Non-Indexable,
https://www.edc.ca/fr/blog/cleantech-resources-for-exporters.html,Blocked by robots.txt,Non-Indexable,
https://www.edc.ca/fr/blog/clearing-customs.html,Blocked by robots.txt,Non-Indexable,
https://www.edc.ca/fr/blog/complying-with-cusma-rules-of-origin.html,Blocked by robots.txt,Non-Indexable,
https://www.edc.ca/fr/blog/costing-and-financing-ecommerce-platforms.html,Blocked by robots.txt,Non-Indexable,
https://www.edc.ca/fr/blog/covid-19-africa-outlook.html,Blocked by robots.txt,Non-Indexable,
https://www.edc.ca/fr/blog/covid-19-building-remote-teams.html,Blocked by robots.txt,Non-Indexable,
https://www.edc.ca/fr/blog/covid-19-cash-flow-management-strategies.html,Blocked by robots.txt,Non-Indexable,
https://www.edc.ca/fr/blog/covid-19-edc-financial-support.html,Blocked by robots.txt,Non-Indexable,
https://www.edc.ca/fr/blog/covid-19-edc-summer-survey-findings.html,Blocked by robots.txt,Non-Indexable,
https://www.edc.ca/fr/blog/covid-19-edc-survey-findings.html,Blocked by robots.txt,Non-Indexable,
https://www.edc.ca/fr/blog/covid-19-impact-survey-highlights.html,Blocked by robots.txt,Non-Indexable,
https://www.edc.ca/fr/blog/covid-19-market-insights-africa.html,Blocked by robots.txt,Non-Indexable,
https://www.edc.ca/fr/blog/covid-19-market-insights-middle-east.html,Blocked by robots.txt,Non-Indexable,
https://www.edc.ca/fr/blog/covid-19-sector-economic-fallout.html,Blocked by robots.txt,Non-Indexable,
https://www.edc.ca/fr/blog/covid-changed-everything.html,Blocked by robots.txt,Non-Indexable,
https://www.edc.ca/fr/blog/credit-management-strategy-new-market.html,Blocked by robots.txt,Non-Indexable,
https://www.edc.ca/fr/blog/cultural-intelligence-helps-service-exports.html,Blocked by robots.txt,Non-Indexable,
https://www.edc.ca/fr/blog/cultural-intelligence-matters.html,Blocked by robots.txt,Non-Indexable,
https://www.edc.ca/fr/blog/currency-exchange-risk-covid-19.html,Blocked by robots.txt,Non-Indexable,
https://www.edc.ca/fr/blog/currency-exchange-risk.html,Blocked by robots.txt,Non-Indexable,
https://www.edc.ca/fr/blog/cusma-helps-canadian-companies.html,Blocked by robots.txt,Non-Indexable,
https://www.edc.ca/fr/blog/customs-brokers-help-canadian-exporters.html,Blocked by robots.txt,Non-Indexable,
https://www.edc.ca/fr/blog/defending-your-brand-at-premium-price.html,Blocked by robots.txt,Non-Indexable,
https://www.edc.ca/fr/blog/digital-transformation-in-turkiye.html,Blocked by robots.txt,Non-Indexable,
https://www.edc.ca/fr/blog/digital-trends-canada-2018.html,Blocked by robots.txt,Non-Indexable,
https://www.edc.ca/fr/blog/discover-who-to-bank-with-when-exporting.html,Blocked by robots.txt,Non-Indexable,
https://www.edc.ca/fr/blog/dispatch-from-london.html,Blocked by robots.txt,Non-Indexable,
https://www.edc.ca/fr/blog/diversify-service-exports-ceta.html,Blocked by robots.txt,Non-Indexable,
https://www.edc.ca/fr/blog/diversity-at-edc.html,Blocked by robots.txt,Non-Indexable,
https://www.edc.ca/fr/blog/doing-business-in-britain.html,Blocked by robots.txt,Non-Indexable,
https://www.edc.ca/fr/blog/doing-business-in-italy-exporters.html,Blocked by robots.txt,Non-Indexable,
https://www.edc.ca/fr/blog/doing-business-mexico-12-etiquette-tips.html,Blocked by robots.txt,Non-Indexable,
https://www.edc.ca/fr/blog/e-commerce-beauty-market.html,Blocked by robots.txt,Non-Indexable,
https://www.edc.ca/fr/blog/ecommerce-for-business-exporters.html,Blocked by robots.txt,Non-Indexable,
https://www.edc.ca/fr/blog/ecommerce-for-business.html,Blocked by robots.txt,Non-Indexable,
https://www.edc.ca/fr/blog/ecommerce-holiday-shipping.html,Blocked by robots.txt,Non-Indexable,
https://www.edc.ca/fr/blog/ecommerce-technology-in-global-markets.html,Blocked by robots.txt,Non-Indexable,
https://www.edc.ca/fr/blog/economic-forecast-of-global-economy.html,Blocked by robots.txt,Non-Indexable,
https://www.edc.ca/fr/blog/economic-growth-in-ocean-technology-exports.html,Blocked by robots.txt,Non-Indexable,
https://www.edc.ca/fr/blog/economics-look-ahead-for-2020.html,Blocked by robots.txt,Non-Indexable,
https://www.edc.ca/fr/blog/economics-of-logic.html,Blocked by robots.txt,Non-Indexable,
https://www.edc.ca/fr/blog/edc-betr-strategy-and-collaboration.html,Blocked by robots.txt,Non-Indexable,
https://www.edc.ca/fr/blog/edc-business-connections-mexico-canada.html,Blocked by robots.txt,Non-Indexable,
https://www.edc.ca/fr/blog/edc-indigenous-business-strategy.html,Blocked by robots.txt,Non-Indexable,
https://www.edc.ca/fr/blog/edc-national-indigenous-business-strategy.html,Blocked by robots.txt,Non-Indexable,
https://www.edc.ca/fr/blog/edc-net-zero-emissions-2050.html,Blocked by robots.txt,Non-Indexable,
https://www.edc.ca/fr/blog/edc-six-trends-to-watch.html,Blocked by robots.txt,Non-Indexable,
https://www.edc.ca/fr/blog/edc-weoc-women-in-trade-conference.html,Blocked by robots.txt,Non-Indexable,
https://www.edc.ca/fr/blog/eight-part-ecommerce-series-to-help-your-company-thrive.html,Blocked by robots.txt,Non-Indexable,
https://www.edc.ca/fr/blog/employees-key-to-marketing-strategy.html,Blocked by robots.txt,Non-Indexable,
https://www.edc.ca/fr/blog/empowering-women-entrepreneurs-in-retail.html,Blocked by robots.txt,Non-Indexable,
https://www.edc.ca/fr/blog/esg-plan-for-international-success.html,Blocked by robots.txt,Non-Indexable,
https://www.edc.ca/fr/blog/eu-trade-commissioner-economic-insights.html,Blocked by robots.txt,Non-Indexable,
https://www.edc.ca/fr/blog/evaluating-your-product-offer.html,Blocked by robots.txt,Non-Indexable,
https://www.edc.ca/fr/blog/expand-internationally-guide.html,Blocked by robots.txt,Non-Indexable,
https://www.edc.ca/fr/blog/expand-to-european-market.html,Blocked by robots.txt,Non-Indexable,
https://www.edc.ca/fr/blog/expanding-acquiring-a-company-internationally.html,Blocked by robots.txt,Non-Indexable,
https://www.edc.ca/fr/blog/expanding-coronavirus-covid-19-threat.html,Blocked by robots.txt,Non-Indexable,
https://www.edc.ca/fr/blog/expanding-internationally-risk-assessment.html,Blocked by robots.txt,Non-Indexable,
https://www.edc.ca/fr/blog/export-budget-2017.html,Blocked by robots.txt,Non-Indexable,
https://www.edc.ca/fr/blog/export-challenges-for-women.html,Blocked by robots.txt,Non-Indexable,
https://www.edc.ca/fr/blog/export-growth-for-canadas-floriculture-industry.html,Blocked by robots.txt,Non-Indexable,
https://www.edc.ca/fr/blog/export-internationally-with-toronto-bot.html,Blocked by robots.txt,Non-Indexable,
https://www.edc.ca/fr/blog/export-markets-in-latin-america.html,Blocked by robots.txt,Non-Indexable,
https://www.edc.ca/fr/blog/export-opportunities-germany.html,Blocked by robots.txt,Non-Indexable,
https://www.edc.ca/fr/blog/export-strength-for-businesses.html,Blocked by robots.txt,Non-Indexable,
https://www.edc.ca/fr/blog/export-success-for-canadian-companies-through-supply-chains.html,Blocked by robots.txt,Non-Indexable,
https://www.edc.ca/fr/blog/exporter-knowledge-on-canada-ukraine-trade-deal.html,Blocked by robots.txt,Non-Indexable,
https://www.edc.ca/fr/blog/exporters-journey.html,Blocked by robots.txt,Non-Indexable,
https://www.edc.ca/fr/blog/exporting-101-resources-to-grow-business.html,Blocked by robots.txt,Non-Indexable,
https://www.edc.ca/fr/blog/exporting-101-trade-acronyms.html,Blocked by robots.txt,Non-Indexable,
https://www.edc.ca/fr/blog/exporting-canadas-cleantech-opportunity.html,Blocked by robots.txt,Non-Indexable,
https://www.edc.ca/fr/blog/exporting-canadian-arts-culture.html,Blocked by robots.txt,Non-Indexable,
https://www.edc.ca/fr/blog/exporting-canadian-music.html,Blocked by robots.txt,Non-Indexable,
https://www.edc.ca/fr/blog/exporting-checklist-for-indigenous-entrepreneurs.html,Blocked by robots.txt,Non-Indexable,
https://www.edc.ca/fr/blog/exporting-strategies-to-the-us.html,Blocked by robots.txt,Non-Indexable,
https://www.edc.ca/fr/blog/exporting-to-argentina.html,Blocked by robots.txt,Non-Indexable,
https://www.edc.ca/fr/blog/exporting-to-australia.html,Blocked by robots.txt,Non-Indexable,
https://www.edc.ca/fr/blog/exporting-to-europe-through-netherlands-ecommerce.html,Blocked by robots.txt,Non-Indexable,
https://www.edc.ca/fr/blog/exporting-winter-in-canada.html,Blocked by robots.txt,Non-Indexable,
https://www.edc.ca/fr/blog/exporting-with-pride-travel-tips.html,Blocked by robots.txt,Non-Indexable,
https://www.edc.ca/fr/blog/exporting-with-pride.html,Blocked by robots.txt,Non-Indexable,
https://www.edc.ca/fr/blog/fast-growing-export-for-canadian-financial-services.html,Blocked by robots.txt,Non-Indexable,
https://www.edc.ca/fr/blog/fcc-edc-agrifood-covid.html,Blocked by robots.txt,Non-Indexable,
https://www.edc.ca/fr/blog/feeding-a-world-hungry-for-canada.html,Blocked by robots.txt,Non-Indexable,
https://www.edc.ca/fr/blog/film-organic-cleantech-one-to-watch.html,Blocked by robots.txt,Non-Indexable,
https://www.edc.ca/fr/blog/find-global-growth-opportunities.html,Blocked by robots.txt,Non-Indexable,
https://www.edc.ca/fr/blog/find-new-customers-market-finder-and-edc.html,Blocked by robots.txt,Non-Indexable,
https://www.edc.ca/fr/blog/fitt-turns-30.html,Blocked by robots.txt,Non-Indexable,
https://www.edc.ca/fr/blog/four-women-changed-exporting-for-canadian-musicians.html,Blocked by robots.txt,Non-Indexable,
https://www.edc.ca/fr/blog/full-potential-for-canadas-ict-sector.html,Blocked by robots.txt,Non-Indexable,
https://www.edc.ca/fr/blog/gain-global-presence-in-the-us.html,Blocked by robots.txt,Non-Indexable,
https://www.edc.ca/fr/blog/gan-systems-cleantech-one-to-watch.html,Blocked by robots.txt,Non-Indexable,
https://www.edc.ca/fr/blog/gender-equality-for-women-in-trade.html,Blocked by robots.txt,Non-Indexable,
https://www.edc.ca/fr/blog/get-secure-trusted-website.html,Blocked by robots.txt,Non-Indexable,
https://www.edc.ca/fr/blog/get-your-online-store-ready-to-fill-orders.html,Blocked by robots.txt,Non-Indexable,
https://www.edc.ca/fr/blog/getting-export-ready.html,Blocked by robots.txt,Non-Indexable,
https://www.edc.ca/fr/blog/getting-online-with-google-what-your-customers-want.html,Blocked by robots.txt,Non-Indexable,
https://www.edc.ca/fr/blog/getting-up-to-speed-on-canadas-internet.html,Blocked by robots.txt,Non-Indexable,
https://www.edc.ca/fr/blog/getting-your-ecommerce-store-ship-shape.html,Blocked by robots.txt,Non-Indexable,
https://www.edc.ca/fr/blog/gidney-fisheries-growing-brands.html,Blocked by robots.txt,Non-Indexable,
https://www.edc.ca/fr/blog/gig-workers-boost-competitive-advantage.html,Blocked by robots.txt,Non-Indexable,
https://www.edc.ca/fr/blog/global-competitive-advantage-success-pillars.html,Blocked by robots.txt,Non-Indexable,
https://www.edc.ca/fr/blog/global-export-strategy.html,Blocked by robots.txt,Non-Indexable,
https://www.edc.ca/fr/blog/global-export-tips.html,Blocked by robots.txt,Non-Indexable,
https://www.edc.ca/fr/blog/global-markets-for-cleantech.html,Blocked by robots.txt,Non-Indexable,
https://www.edc.ca/fr/blog/global-protectionism-and-tariffs.html,Blocked by robots.txt,Non-Indexable,
https://www.edc.ca/fr/blog/global-recession-obsession.html,Blocked by robots.txt,Non-Indexable,
https://www.edc.ca/fr/blog/going-global.html,Blocked by robots.txt,Non-Indexable,
https://www.edc.ca/fr/blog/greenmantra-cleantech-export-stars-2021.html,Blocked by robots.txt,Non-Indexable,
https://www.edc.ca/fr/blog/growing-business-without-borders.html,Blocked by robots.txt,Non-Indexable,
https://www.edc.ca/fr/blog/growing-sales-in-emerging-markets.html,Blocked by robots.txt,Non-Indexable,
https://www.edc.ca/fr/blog/growth-in-mexico-offers-benefits-to-canadians.html,Blocked by robots.txt,Non-Indexable,
https://www.edc.ca/fr/blog/growth-requires-diversification.html,Blocked by robots.txt,Non-Indexable,
https://www.edc.ca/fr/blog/guide-to-exporting.html,Blocked by robots.txt,Non-Indexable,
https://www.edc.ca/fr/blog/harness-cptpp-opportunities.html,Blocked by robots.txt,Non-Indexable,
https://www.edc.ca/fr/blog/helping-canadian-exporters-trade-agenda.html,Blocked by robots.txt,Non-Indexable,
https://www.edc.ca/fr/blog/hockeyshot-shoots-scores.html,Blocked by robots.txt,Non-Indexable,
https://www.edc.ca/fr/blog/how-building-our-brand-set-us-on-a-global-adventure.html,Blocked by robots.txt,Non-Indexable,
https://www.edc.ca/fr/blog/how-canada-contributes-to-the-holidays.html,Blocked by robots.txt,Non-Indexable,
https://www.edc.ca/fr/blog/how-canadian-businesses-can-ride-chinas-economic-wave.html,Blocked by robots.txt,Non-Indexable,
https://www.edc.ca/fr/blog/how-digital-tech-is-driving-change.html,Blocked by robots.txt,Non-Indexable,
https://www.edc.ca/fr/blog/how-energy-geeks-tackled-the-us-market.html,Blocked by robots.txt,Non-Indexable,
https://www.edc.ca/fr/blog/how-indigenous-businesses-are-taking-on-the-world.html,Blocked by robots.txt,Non-Indexable,
https://www.edc.ca/fr/blog/how-to-combine-ecommerce-and-instore.html,Blocked by robots.txt,Non-Indexable,
https://www.edc.ca/fr/blog/how-to-grow-business-internationally.html,Blocked by robots.txt,Non-Indexable,
https://www.edc.ca/fr/blog/hs-codes-2022-changes.html,Blocked by robots.txt,Non-Indexable,
https://www.edc.ca/fr/blog/idc-export-paperwork-help.html,Blocked by robots.txt,Non-Indexable,
https://www.edc.ca/fr/blog/incoterms-2020-ex-works-rule.html,Blocked by robots.txt,Non-Indexable,
https://www.edc.ca/fr/blog/incoterms-2020-fca-free-carrier-rule.html,Blocked by robots.txt,Non-Indexable,
https://www.edc.ca/fr/blog/incoterms-2020-group-d-rules.html,Blocked by robots.txt,Non-Indexable,
https://www.edc.ca/fr/blog/increase-customer-engagement-through-storytelling.html,Blocked by robots.txt,Non-Indexable,
https://www.edc.ca/fr/blog/indigenous-women-in-trade-canada.html,Blocked by robots.txt,Non-Indexable,
https://www.edc.ca/fr/blog/indirect-vs-direct-exporting.html,Blocked by robots.txt,Non-Indexable,
https://www.edc.ca/fr/blog/innovation-by-changing-business-environment.html,Blocked by robots.txt,Non-Indexable,
https://www.edc.ca/fr/blog/innovation-for-canadian-mining-companies.html,Blocked by robots.txt,Non-Indexable,
https://www.edc.ca/fr/blog/instagram-for-business.html,Blocked by robots.txt,Non-Indexable,
https://www.edc.ca/fr/blog/international-decision-makers.html,Blocked by robots.txt,Non-Indexable,
https://www.edc.ca/fr/blog/international-financial-crime-quiz.html,Blocked by robots.txt,Non-Indexable,
https://www.edc.ca/fr/blog/international-pricing-constraints-for-exporters.html,Blocked by robots.txt,Non-Indexable,
https://www.edc.ca/fr/blog/international-trade-shows.html,Blocked by robots.txt,Non-Indexable,
https://www.edc.ca/fr/blog/international-womens-day-now-as-much-as-ever.html,Blocked by robots.txt,Non-Indexable,
https://www.edc.ca/fr/blog/invest-in-the-us.html,Blocked by robots.txt,Non-Indexable,
https://www.edc.ca/fr/blog/irpp-canadian-trade-policy.html,Blocked by robots.txt,Non-Indexable,
https://www.edc.ca/fr/blog/jennifer-cooke-women-in-trade.html,Blocked by robots.txt,Non-Indexable,
https://www.edc.ca/fr/blog/joy-yap-faces-future.html,Blocked by robots.txt,Non-Indexable,
https://www.edc.ca/fr/blog/land-of-export-opportunity-for-canadians.html,Blocked by robots.txt,Non-Indexable,
https://www.edc.ca/fr/blog/leadership-sampler-success.html,Blocked by robots.txt,Non-Indexable,
https://www.edc.ca/fr/blog/leading-with-values.html,Blocked by robots.txt,Non-Indexable,
https://www.edc.ca/fr/blog/led-roadway-lighting-cleantech-export-star.html,Blocked by robots.txt,Non-Indexable,
https://www.edc.ca/fr/blog/listening-our-way-through-a-pandemic.html,Blocked by robots.txt,Non-Indexable,
https://www.edc.ca/fr/blog/lord-cultural-resources.html,Blocked by robots.txt,Non-Indexable,
https://www.edc.ca/fr/blog/making-virtual-business-connections.html,Blocked by robots.txt,Non-Indexable,
https://www.edc.ca/fr/blog/managing-political-risks.html,Blocked by robots.txt,Non-Indexable,
https://www.edc.ca/fr/blog/managing-risk.html,Blocked by robots.txt,Non-Indexable,
https://www.edc.ca/fr/blog/managing-risks-doing-business-internationally.html,Blocked by robots.txt,Non-Indexable,
https://www.edc.ca/fr/blog/market-insights-australia-covid-19.html,Blocked by robots.txt,Non-Indexable,
https://www.edc.ca/fr/blog/market-insights-china-covid-19.html,Blocked by robots.txt,Non-Indexable,
https://www.edc.ca/fr/blog/market-insights-india-covid-19.html,Blocked by robots.txt,Non-Indexable,
https://www.edc.ca/fr/blog/market-insights-peru-covid-19.html,Blocked by robots.txt,Non-Indexable,
https://www.edc.ca/fr/blog/market-insights-south-america-covid-19.html,Blocked by robots.txt,Non-Indexable,
https://www.edc.ca/fr/blog/market-insights-southeast-asia-covid-19.html,Blocked by robots.txt,Non-Indexable,
https://www.edc.ca/fr/blog/market-insights-united-kingdom-covid-19.html,Blocked by robots.txt,Non-Indexable,
https://www.edc.ca/fr/blog/marketing-champions.html,Blocked by robots.txt,Non-Indexable,
https://www.edc.ca/fr/blog/mastering-digital-marketing.html,Blocked by robots.txt,Non-Indexable,
https://www.edc.ca/fr/blog/mentoring-women-trade.html,Blocked by robots.txt,Non-Indexable,
https://www.edc.ca/fr/blog/minesense-cleantech-one-to-watch-2019.html,Blocked by robots.txt,Non-Indexable,
https://www.edc.ca/fr/blog/miovision-cleantech-export-star.html,Blocked by robots.txt,Non-Indexable,
https://www.edc.ca/fr/blog/most-common-export-trade-question.html,Blocked by robots.txt,Non-Indexable,
https://www.edc.ca/fr/blog/moving-operations-to-us.html,Blocked by robots.txt,Non-Indexable,
https://www.edc.ca/fr/blog/mysa-cleantech-one-to-watch-2021.html,Blocked by robots.txt,Non-Indexable,
https://www.edc.ca/fr/blog/nafta-economic-growth.html,Blocked by robots.txt,Non-Indexable,
https://www.edc.ca/fr/blog/nafta-renegotiation-and-modernization.html,Blocked by robots.txt,Non-Indexable,
https://www.edc.ca/fr/blog/navigating-opportunities-in-asia.html,Blocked by robots.txt,Non-Indexable,
https://www.edc.ca/fr/blog/network-benefits-for-women-in-trade.html,Blocked by robots.txt,Non-Indexable,
https://www.edc.ca/fr/blog/new-technology-for-canadian-exporters.html,Blocked by robots.txt,Non-Indexable,
https://www.edc.ca/fr/blog/oil-and-gas-services.html,Blocked by robots.txt,Non-Indexable,
https://www.edc.ca/fr/blog/opportunities-for-canadian-businesses-in-china.html,Blocked by robots.txt,Non-Indexable,
https://www.edc.ca/fr/blog/opportunities-in-uae-free-trade-zones.html,Blocked by robots.txt,Non-Indexable,
https://www.edc.ca/fr/blog/opportunity-awaits-canadian-businesses-in-india.html,Blocked by robots.txt,Non-Indexable,
https://www.edc.ca/fr/blog/outsourcing-for-small-business.html,Blocked by robots.txt,Non-Indexable,
https://www.edc.ca/fr/blog/overcoming-export-challenges-for-quebec.html,Blocked by robots.txt,Non-Indexable,
https://www.edc.ca/fr/blog/partnerships-key-to-success.html,Blocked by robots.txt,Non-Indexable,
https://www.edc.ca/fr/blog/perfect-sales-pitch.html,Blocked by robots.txt,Non-Indexable,
https://www.edc.ca/fr/blog/perkuto-tips-for-success.html,Blocked by robots.txt,Non-Indexable,
https://www.edc.ca/fr/blog/pop-up-shops-example.html,Blocked by robots.txt,Non-Indexable,
https://www.edc.ca/fr/blog/pop-up-shops.html,Blocked by robots.txt,Non-Indexable,
https://www.edc.ca/fr/blog/positive-outlook-food-beverage-sector.html,Blocked by robots.txt,Non-Indexable,
https://www.edc.ca/fr/blog/power-of-politics-in-business.html,Blocked by robots.txt,Non-Indexable,
https://www.edc.ca/fr/blog/powered-to-grow-exports.html,Blocked by robots.txt,Non-Indexable,
https://www.edc.ca/fr/blog/preparing-business-for-brexit-outcomes.html,Blocked by robots.txt,Non-Indexable,
https://www.edc.ca/fr/blog/preserve-business-integrity-covid-19.html,Blocked by robots.txt,Non-Indexable,
https://www.edc.ca/fr/blog/prince-rupert-port-close-to-asian-markets.html,Blocked by robots.txt,Non-Indexable,
https://www.edc.ca/fr/blog/progressive-trade-measures.html,Blocked by robots.txt,Non-Indexable,
https://www.edc.ca/fr/blog/protect-intellectual-property-when-exporting.html,Blocked by robots.txt,Non-Indexable,
https://www.edc.ca/fr/blog/protecting-ip-abroad.html,Blocked by robots.txt,Non-Indexable,
https://www.edc.ca/fr/blog/publish-book-export-plan.html,Blocked by robots.txt,Non-Indexable,
https://www.edc.ca/fr/blog/quadrogen-cleantech-ones-to-watch-2021.html,Blocked by robots.txt,Non-Indexable,
https://www.edc.ca/fr/blog/reasons-to-export.html,Blocked by robots.txt,Non-Indexable,
https://www.edc.ca/fr/blog/reputation-risk-in-global-supply-chain.html,Blocked by robots.txt,Non-Indexable,
https://www.edc.ca/fr/blog/reshape-grow-company-with-crowdfunding.html,Blocked by robots.txt,Non-Indexable,
https://www.edc.ca/fr/blog/rethinking-strategy-fresh-approach.html,Blocked by robots.txt,Non-Indexable,
https://www.edc.ca/fr/blog/rising-interest-rates.html,Blocked by robots.txt,Non-Indexable,
https://www.edc.ca/fr/blog/risk-management-plan-response.html,Blocked by robots.txt,Non-Indexable,
https://www.edc.ca/fr/blog/risk-reward-in-business-overseas.html,Blocked by robots.txt,Non-Indexable,
https://www.edc.ca/fr/blog/rules-of-origin-incoterms-2020.html,Blocked by robots.txt,Non-Indexable,
https://www.edc.ca/fr/blog/samples-travel-duty-free-with-carnet-program.html,Blocked by robots.txt,Non-Indexable,
https://www.edc.ca/fr/blog/scale-and-go-global.html,Blocked by robots.txt,Non-Indexable,
https://www.edc.ca/fr/blog/secrets-to-ecommerce-success.html,Blocked by robots.txt,Non-Indexable,
https://www.edc.ca/fr/blog/sector-advisor-helps-canadian-automotive-businesses.html,Blocked by robots.txt,Non-Indexable,
https://www.edc.ca/fr/blog/sector-opportunities-german-market.html,Blocked by robots.txt,Non-Indexable,
https://www.edc.ca/fr/blog/seizing-cleantech-opportunities.html,Blocked by robots.txt,Non-Indexable,
https://www.edc.ca/fr/blog/selling-internationally-on-ebay.html,Blocked by robots.txt,Non-Indexable,
https://www.edc.ca/fr/blog/selling-online-has-never-been-easier-shopify.html,Blocked by robots.txt,Non-Indexable,
https://www.edc.ca/fr/blog/selling-outside-of-canada-shopify-app.html,Blocked by robots.txt,Non-Indexable,
https://www.edc.ca/fr/blog/semios-cleantech-export-star-2019.html,Blocked by robots.txt,Non-Indexable,
https://www.edc.ca/fr/blog/service-exporters.html,Blocked by robots.txt,Non-Indexable,
https://www.edc.ca/fr/blog/setting-up-business-in-another-country.html,Blocked by robots.txt,Non-Indexable,
https://www.edc.ca/fr/blog/seven-part-ecommerce-series-to-help-your-company-thrive.html,Blocked by robots.txt,Non-Indexable,
https://www.edc.ca/fr/blog/showing-the-way-forward.html,Blocked by robots.txt,Non-Indexable,
https://www.edc.ca/fr/blog/signs-to-selling-internationally.html,Blocked by robots.txt,Non-Indexable,
https://www.edc.ca/fr/blog/skills-to-grow-internationally.html,Blocked by robots.txt,Non-Indexable,
https://www.edc.ca/fr/blog/small-and-medium-enterprises-in-export-markets.html,Blocked by robots.txt,Non-Indexable,
https://www.edc.ca/fr/blog/software-as-a-service-growth.html,Blocked by robots.txt,Non-Indexable,
https://www.edc.ca/fr/blog/standby-letters-of-credit.html,Blocked by robots.txt,Non-Indexable,
https://www.edc.ca/fr/blog/strategy-for-doing-business-in-china.html,Blocked by robots.txt,Non-Indexable,
https://www.edc.ca/fr/blog/strengthen-brand-with-corporate-social-responsibility.html,Blocked by robots.txt,Non-Indexable,
https://www.edc.ca/fr/blog/successful-change-management.html,Blocked by robots.txt,Non-Indexable,
https://www.edc.ca/fr/blog/supply-chain-diversity.html,Blocked by robots.txt,Non-Indexable,
https://www.edc.ca/fr/blog/supporting-exporters-during-covid.html,Blocked by robots.txt,Non-Indexable,
https://www.edc.ca/fr/blog/tackle-covid-19-economy-with-edc-business-pivot-playbook.html,Blocked by robots.txt,Non-Indexable,
https://www.edc.ca/fr/blog/taking-your-woman-owned-business-international.html,Blocked by robots.txt,Non-Indexable,
https://www.edc.ca/fr/blog/tantalus-cleantech-export-star.html,Blocked by robots.txt,Non-Indexable,
https://www.edc.ca/fr/blog/tcs-exporter-solutions.html,Blocked by robots.txt,Non-Indexable,
https://www.edc.ca/fr/blog/ten-resources-for-quebec-exporters.html,Blocked by robots.txt,Non-Indexable,
https://www.edc.ca/fr/blog/terramera-cleantech-export-stars-2021.html,Blocked by robots.txt,Non-Indexable,
https://www.edc.ca/fr/blog/the-art-of-bringing-art-to-the-world.html,Blocked by robots.txt,Non-Indexable,
https://www.edc.ca/fr/blog/the-drive-to-diversify.html,Blocked by robots.txt,Non-Indexable,
https://www.edc.ca/fr/blog/the-headspace-of-canadian-exporters.html,Blocked by robots.txt,Non-Indexable,
https://www.edc.ca/fr/blog/the-power-of-partnerships.html,Blocked by robots.txt,Non-Indexable,
https://www.edc.ca/fr/blog/think-long-term-when-exporting-to-the-us.html,Blocked by robots.txt,Non-Indexable,
https://www.edc.ca/fr/blog/time-to-celebrate-small-business.html,Blocked by robots.txt,Non-Indexable,
https://www.edc.ca/fr/blog/tips-canadian-brewers-sell-outside-canada.html,Blocked by robots.txt,Non-Indexable,
https://www.edc.ca/fr/blog/tips-for-breaking-into-us-markets.html,Blocked by robots.txt,Non-Indexable,
https://www.edc.ca/fr/blog/tips-for-building-cleantech-company.html,Blocked by robots.txt,Non-Indexable,
https://www.edc.ca/fr/blog/tips-for-staying-cool-when-competition-is-hot.html,Blocked by robots.txt,Non-Indexable,
https://www.edc.ca/fr/blog/tips-on-exporting-cosmetics-from-daniele-henkel.html,Blocked by robots.txt,Non-Indexable,
https://www.edc.ca/fr/blog/tips-startup-new-markets.html,Blocked by robots.txt,Non-Indexable,
https://www.edc.ca/fr/blog/tips-to-succeed-in-global-manufacturing.html,Blocked by robots.txt,Non-Indexable,
https://www.edc.ca/fr/blog/tools-to-avoid-bribery-risk.html,Blocked by robots.txt,Non-Indexable,
https://www.edc.ca/fr/blog/tools-to-size-global-competition.html,Blocked by robots.txt,Non-Indexable,
https://www.edc.ca/fr/blog/top-five-webinars-of-2020.html,Blocked by robots.txt,Non-Indexable,
https://www.edc.ca/fr/blog/top-performing-businesses.html,Blocked by robots.txt,Non-Indexable,
https://www.edc.ca/fr/blog/top-summer-exports.html,Blocked by robots.txt,Non-Indexable,
https://www.edc.ca/fr/blog/top-tropical-markets.html,Blocked by robots.txt,Non-Indexable,
https://www.edc.ca/fr/blog/top-tropical-markets1.html,Blocked by robots.txt,Non-Indexable,
https://www.edc.ca/fr/blog/tourism-service-exports-canada.html,Blocked by robots.txt,Non-Indexable,
https://www.edc.ca/fr/blog/trade-despite-protectionism.html,Blocked by robots.txt,Non-Indexable,
https://www.edc.ca/fr/blog/trade-mission-benefits.html,Blocked by robots.txt,Non-Indexable,
https://www.edc.ca/fr/blog/trade-show-marketing-strategy.html,Blocked by robots.txt,Non-Indexable,
https://www.edc.ca/fr/blog/trade-show-preparation-competition.html,Blocked by robots.txt,Non-Indexable,
https://www.edc.ca/fr/blog/trade-turbulence-weighs-on-exporters-card.html,Blocked by robots.txt,Non-Indexable,
https://www.edc.ca/fr/blog/trade-turbulence-weighs-on-exporters.html,Blocked by robots.txt,Non-Indexable,
https://www.edc.ca/fr/blog/trends-canadian-goods-exports.html,Blocked by robots.txt,Non-Indexable,
https://www.edc.ca/fr/blog/trends-in-maritime-transport.html,Blocked by robots.txt,Non-Indexable,
https://www.edc.ca/fr/blog/understanding-country-risk-quarterly.html,Blocked by robots.txt,Non-Indexable,
https://www.edc.ca/fr/blog/understanding-intellectual-property.html,Blocked by robots.txt,Non-Indexable,
https://www.edc.ca/fr/blog/unique-selling-proposition.html,Blocked by robots.txt,Non-Indexable,
https://www.edc.ca/fr/blog/united-arab-emirates-business-etiquette.html,Blocked by robots.txt,Non-Indexable,
https://www.edc.ca/fr/blog/unleashing-the-power-of-women-entrepreneurs.html,Blocked by robots.txt,Non-Indexable,
https://www.edc.ca/fr/blog/unlocking-doors-in-latin-america.html,Blocked by robots.txt,Non-Indexable,
https://www.edc.ca/fr/blog/us-ecommerce-market-regulations.html,Blocked by robots.txt,Non-Indexable,
https://www.edc.ca/fr/blog/us-infrastructure-opportunity.html,Blocked by robots.txt,Non-Indexable,
https://www.edc.ca/fr/blog/us-steel-and-aluminum-tariffs.html,Blocked by robots.txt,Non-Indexable,
https://www.edc.ca/fr/blog/using-consultants-in-talent-pool.html,Blocked by robots.txt,Non-Indexable,
https://www.edc.ca/fr/blog/usmca-protects-copyright.html,Blocked by robots.txt,Non-Indexable,
https://www.edc.ca/fr/blog/valentines-day-exports.html,Blocked by robots.txt,Non-Indexable,
https://www.edc.ca/fr/blog/vivecrop-cleantech-one-to-watch-2019.html,Blocked by robots.txt,Non-Indexable,
https://www.edc.ca/fr/blog/web-social-trends-international-audience.html,Blocked by robots.txt,Non-Indexable,
https://www.edc.ca/fr/blog/website-tips-to-enter-new-markets.html,Blocked by robots.txt,Non-Indexable,
https://www.edc.ca/fr/blog/what-innovation-means-for-canadian-businesses.html,Blocked by robots.txt,Non-Indexable,
https://www.edc.ca/fr/blog/what-is-blockchain.html,Blocked by robots.txt,Non-Indexable,
https://www.edc.ca/fr/blog/what-is-export-credit-agency.html,Blocked by robots.txt,Non-Indexable,
https://www.edc.ca/fr/blog/why-canadian-exporters-must-diversify.html,Blocked by robots.txt,Non-Indexable,
https://www.edc.ca/fr/blog/why-exporters-are-more-successful.html,Blocked by robots.txt,Non-Indexable,
https://www.edc.ca/fr/blog/why-exporters-do-better.html,Blocked by robots.txt,Non-Indexable,
https://www.edc.ca/fr/blog/winter-olympics-canadian-trade.html,Blocked by robots.txt,Non-Indexable,
https://www.edc.ca/fr/blog/women-entrepreneurs-connect-globally.html,Blocked by robots.txt,Non-Indexable,
https://www.edc.ca/fr/blog/women-entrepreneurs-excel-through-collaboration.html,Blocked by robots.txt,Non-Indexable,
https://www.edc.ca/fr/blog/women-in-international-trade-share-advice.html,Blocked by robots.txt,Non-Indexable,
https://www.edc.ca/fr/blog/women-in-trade-success-tips.html,Blocked by robots.txt,Non-Indexable,
https://www.edc.ca/fr/blog/xpertsea-cleantech-export-stars-2021.html,Blocked by robots.txt,Non-Indexable,
https://www.edc.ca/fr/blog/your-step-by-step-ecommerce-summary.html,Blocked by robots.txt,Non-Indexable,
https://www.edc.ca/fr/campaign.html,Found,Non-Indexable,
https://www.edc.ca/fr/campaign/9-ways-access-financing.html,Found,Non-Indexable,
https://www.edc.ca/fr/campaign/accelerate-your-international-growth.html,OK,Indexable,Accélérez votre croissance internationale | EDC
https://www.edc.ca/fr/campaign/account-performance-security-guarantee-qa.html,OK,Non-Indexable,Questions et réponses : Marge pour garanties de cautionnements bancaires | EDC
https://www.edc.ca/fr/campaign/agri-food.html,OK,Non-Indexable,Renforcer la résilience du secteur agroalimentaire | EDC
https://www.edc.ca/fr/campaign/anti-corruption.html,OK,Indexable,Centre de ressources anticorruption d'EDC  | EDC
https://www.edc.ca/fr/campaign/bcap-guarantee-financing.html,Moved Permanently,Non-Indexable,
https://www.edc.ca/fr/campaign/bcap-guarantee-mid-market.html,OK,Non-Indexable,Garantie – Programme de crédit aux entreprises d’EDC | EDC
https://www.edc.ca/fr/campaign/bcap-guarantee.html,OK,Non-Indexable,"Garantie du PCE, nouveau produit d’EDC en réponse à la COVID 19 | EDC"
https://www.edc.ca/fr/campaign/black-exporters.html,OK,Indexable,Entrepreneures et entrepreneurs noirs | EDC
https://www.edc.ca/fr/campaign/broker-cit.html,OK,Indexable,Changements à notre assurance crédit | EDC
https://www.edc.ca/fr/campaign/canada-exporting.html,OK,Indexable,Accédez à de nouveaux marchés en toute confiance | EDC
https://www.edc.ca/fr/campaign/cleantech-export-week.html,Found,Non-Indexable,
https://www.edc.ca/fr/campaign/coralus.html,Found,Non-Indexable,
https://www.edc.ca/fr/campaign/coronavirus-covid-19-bcap.html,OK,Non-Indexable,Gestion des flux de trésorerie et reprise : ressources | EDC
https://www.edc.ca/fr/campaign/coronavirus-covid-19-card.html,Found,Non-Indexable,
https://www.edc.ca/fr/campaign/coronavirus-covid-19-resources-card.html,Found,Non-Indexable,
https://www.edc.ca/fr/campaign/coronavirus-covid-19-resources.html,Found,Non-Indexable,
https://www.edc.ca/fr/campaign/coronavirus-covid-19.html,Found,Non-Indexable,
https://www.edc.ca/fr/campaign/covid-19-business-resources.html,Found,Non-Indexable,
https://www.edc.ca/fr/campaign/covid-support-and-resources.html,OK,Indexable,"Aide financière, ressources et expertise liées à la COVID-19 | EDC"
https://www.edc.ca/fr/campaign/credit-insurance-export-financing-solutions-from-edc.html,OK,Indexable,Assurance Crédit d’EDC | Exportation Développement Canada
https://www.edc.ca/fr/campaign/credit-insurance.html,OK,Indexable,Les risques de non-paiement et comment les éviter | EDC
https://www.edc.ca/fr/campaign/delivering-the-wow-factor.html,Found,Non-Indexable,
https://www.edc.ca/fr/campaign/desjardins.html,OK,Indexable,Partenariat EDC Desjardins | EDC
https://www.edc.ca/fr/campaign/edc-export-guarantee-program-cg1.html,Moved Permanently,Non-Indexable,
https://www.edc.ca/fr/campaign/edc-simplified-credit-insurance-oldtemplate.html,OK,Indexable,Changements à l’Assurance-crédit EDC | EDC
https://www.edc.ca/fr/campaign/edc-simplified-credit-insurance.html,OK,Non-Indexable,Changements à l’Assurance-crédit EDC | EDC
https://www.edc.ca/fr/campaign/edc-tradeinsights-eship1.html,OK,Indexable,EDC TradeInsights | EDC
https://www.edc.ca/fr/campaign/export-impact.html,OK,Non-Indexable,L'impact de l'exportation | EDC
https://www.edc.ca/fr/campaign/export-indo-pacific.html,OK,Indexable,Planifier sa croissance dans l’Indo-Pacifique | EDC
https://www.edc.ca/fr/campaign/exporter-advantage-program-invite.html,OK,Indexable,Programme Avantage de l’exportateur en Indo-Pacifique | EDC
https://www.edc.ca/fr/campaign/global-growth.html,OK,Indexable,Rien ne peut contenir notre ambition | EDC
https://www.edc.ca/fr/campaign/guide-3-avenues-boost-capital.html,OK,Non-Indexable,Trois façons d’augmenter son capital | EDC
https://www.edc.ca/fr/campaign/guide-mitigate-client-payment-risk-credit-insurance.html,OK,Non-Indexable,8 façons d’éviter les risques pour accroître vos ventes | EDC
https://www.edc.ca/fr/campaign/indigenous-business.html,OK,Non-Indexable,Entrepreneures et entrepreneurs autochtones | EDC
https://www.edc.ca/fr/campaign/market-diversification-report.html,OK,Non-Indexable,Rapport personnalisé sur les marchés d’exportation | EDC
https://www.edc.ca/fr/campaign/mitigate-client-payment-risk-credit-insurance.html,OK,Indexable,Guide gratuit : 8 façons de vous assurer d’être payé pendant la COVID-19 | EDC
https://www.edc.ca/fr/campaign/mmgb-explained.html,OK,Non-Indexable,Présentation de l’Équipe des entreprises en croissance du marchés commerciaux | EDC
https://www.edc.ca/fr/campaign/mmgb-welcome.html,OK,Non-Indexable,L’Équipe des entreprises en croissance du marchés intermédiaire vous souhaite la bienvenue! | EDC
https://www.edc.ca/fr/campaign/not-needed-ci-changes-benefits.html,OK,Indexable,Quatre avantages des changements apportés à l’assurance crédit d’EDC | Export Financing Solutions from EDC
https://www.edc.ca/fr/campaign/not-needed-edc-simplified-credit-insurance.html,OK,Indexable,Assurance crédit d'EDC - Portefeuille - information courtiers
https://www.edc.ca/fr/campaign/not-needed-simplified-credit-insurance.html,OK,Indexable,Changements apportés à l’assurance crédit d’EDC
https://www.edc.ca/fr/campaign/opportunities-for-canadian-agri-food.html,OK,Non-Indexable,Opportunités pour le secteur agroalimentaire canadien | EDC
https://www.edc.ca/fr/campaign/rethink-export.html,OK,Indexable,Repensons l'exportation | EDC
https://www.edc.ca/fr/campaign/risk-experts.html,OK,Indexable,Exportation et développement Canada
https://www.edc.ca/fr/campaign/risk-experts1.html,OK,Indexable,Exportation et développement Canada : Experts du risque
https://www.edc.ca/fr/campaign/risk-to-reward.html,OK,Indexable,Risque et bénéfices avec A. Dickinson et D. Henkel
https://www.edc.ca/fr/campaign/sci-onboarding-benefits.html,OK,Non-Indexable,Assurance crédit — Sélective | EDC
https://www.edc.ca/fr/campaign/sci-onboarding.html,OK,Non-Indexable,Assurance crédit – Séléctive – Intégration | Export Financing Solutions from EDC
https://www.edc.ca/fr/campaign/seafood-connections.html,OK,Non-Indexable,Connexions produits de la mer | EDC
https://www.edc.ca/fr/campaign/select-credit-insurance-faq.html,OK,Indexable,Assurance crédit d’EDC – Sélective | FAQ
https://www.edc.ca/fr/campaign/select-credit-insurance-quick-quote-calculator.html,OK,Indexable,Calculateur de devis rapide pour l'Assurance de crédit sélective | EDC
https://www.edc.ca/fr/campaign/sem.html,Found,Non-Indexable,
https://www.edc.ca/fr/campaign/sem/export-guarantee-program.html,OK,Non-Indexable,Programme de garanties d’exportations | EDC
https://www.edc.ca/fr/campaign/simplified-credit-insurance-export.html,OK,Non-Indexable,L’assurance crédit simplifiée | EDC
https://www.edc.ca/fr/campaign/simplified-credit-insurance.html,OK,Non-Indexable,L’assurance crédit simplifiée | EDC
https://www.edc.ca/fr/campaign/strategies-building-resilience-in-uncertain-times.html,OK,Non-Indexable,Renforcer la résilience commerciale en période d’incertitude | EDC
https://www.edc.ca/fr/campaign/trade-accelerator-program.html,OK,Indexable,Programme d’accélération du commerce du Canada | EDC
https://www.edc.ca/fr/campaign/trade-accelerator-program/trade-accelerator-program-resources.html,OK,Non-Indexable,Programme d’accélération du commerce – Ressources | EDC
https://www.edc.ca/fr/campaign/trade-resiliency-uncertain-times.html,OK,Indexable,La résilience commerciale au-delà du marché étatsunien | EDC
https://www.edc.ca/fr/campaign/trade-support-canadian-companies.html,OK,Indexable,Programme d'impact commercial d'EDC | EDC
https://www.edc.ca/fr/campaign/ups.html,OK,Non-Indexable,Vendre à l’étranger et gérer le risque avec UPS et EDC | EDC
https://www.edc.ca/fr/campaign/us-export.html,OK,Indexable,Exporter aux États-Unis | EDC
https://www.edc.ca/fr/campaign/women-in-trade-card.html,Found,Non-Indexable,
https://www.edc.ca/fr/campaign/women-in-trade.html,OK,Non-Indexable,Femmes entrepreneurs | EDC
https://www.edc.ca/fr/community-guidelines.html,OK,Indexable,Lignes directrices sur le contenu et les médias sociaux | EDC
https://www.edc.ca/fr/contact-us.html,OK,Indexable,Contactez-nous | EDC
https://www.edc.ca/fr/contact-us/your-credit-insurance.html,Found,Non-Indexable,
https://www.edc.ca/fr/contact-us/your-credit-insurance/billing-issues.html,OK,Indexable,Contactez-nous – Problèmes de facturation | EDC
https://www.edc.ca/fr/contact-us/your-credit-insurance/buyers-and-credit-limits.html,OK,Indexable,Contactez-nous – Acheteurs et limites de crédit | EDC
https://www.edc.ca/fr/contact-us/your-credit-insurance/existing-policies-and-ongoing-applications.html,OK,Indexable,Contactez-nous – Polices existantes et demandes en cours | EDC
https://www.edc.ca/fr/contact-us/your-credit-insurance/select-credit-insurance-support.html,OK,Indexable,Contactez-nous – Support pour l'Assurance crédit sélective d’EDC | EDC
https://www.edc.ca/fr/country-info.html,OK,Indexable,Recherche de marchés mondiaux | EDC
https://www.edc.ca/fr/country-info/country.html,Found,Non-Indexable,
https://www.edc.ca/fr/country-info/country/afghanistan.html,OK,Indexable,Info-pays sur Afghanistan | Exportation et développement Canada
https://www.edc.ca/fr/country-info/country/albania.html,OK,Indexable,Info-pays sur Albanie | Exportation et développement Canada
https://www.edc.ca/fr/country-info/country/algeria.html,OK,Indexable,Renseignements sur le pays : Algérie | EDC
https://www.edc.ca/fr/country-info/country/angola.html,OK,Indexable,Info-pays : Angola | EDC
https://www.edc.ca/fr/country-info/country/antigua-barbuda.html,OK,Indexable,Info-pays sur Antigua-et-Barbuda | Exportation et développement Canada
https://www.edc.ca/fr/country-info/country/argentina.html,OK,Indexable,Info-pays : l’Argentine | EDC
https://www.edc.ca/fr/country-info/country/armenia.html,OK,Indexable,Info-pays sur Arménie | Exportation et développement Canada
https://www.edc.ca/fr/country-info/country/aruba.html,OK,Indexable,Info-pays sur Aruba | Exportation et développement Canada
https://www.edc.ca/fr/country-info/country/australia.html,OK,Indexable,Info-pays sur Australie | EDC
https://www.edc.ca/fr/country-info/country/austria.html,OK,Indexable,Info-pays : Autriche | EDC
https://www.edc.ca/fr/country-info/country/azerbaijan.html,OK,Indexable,Info-pays sur Azerbaïdjan | Exportation et développement Canada
https://www.edc.ca/fr/country-info/country/bahamas.html,OK,Indexable,Info-pays : Bahamas | EDC
https://www.edc.ca/fr/country-info/country/bahrain.html,OK,Indexable,Info-pays sur Bahreïn | Exportation et développement Canada
https://www.edc.ca/fr/country-info/country/bangladesh.html,OK,Indexable,Info-pays sur Bangladesh | Exportation et développement Canada
https://www.edc.ca/fr/country-info/country/barbados.html,OK,Indexable,Info-pays : Barbade | EDC
https://www.edc.ca/fr/country-info/country/belarus.html,OK,Indexable,Info-pays sur Bélarus | Exportation et développement Canada
https://www.edc.ca/fr/country-info/country/belgium.html,OK,Indexable,Info-pays : Belgique | EDC
https://www.edc.ca/fr/country-info/country/belize.html,OK,Indexable,Info-pays sur Belize | Exportation et développement Canada
https://www.edc.ca/fr/country-info/country/benin.html,OK,Indexable,Info-pays sur Bénin | Exportation et développement Canada
https://www.edc.ca/fr/country-info/country/bermuda.html,OK,Indexable,Info-pays : Bermudes | EDC
https://www.edc.ca/fr/country-info/country/bhutan.html,OK,Indexable,Info-pays sur Bhoutan | Exportation et développement Canada
https://www.edc.ca/fr/country-info/country/bolivia.html,OK,Indexable,Info-pays : Bolivie | EDC
https://www.edc.ca/fr/country-info/country/bosnia-herzegovina.html,OK,Indexable,Info-pays sur Bosnie-Herzégovine | Exportation et développement Canada
https://www.edc.ca/fr/country-info/country/botswana.html,OK,Indexable,Info-pays : Botswana | EDC
https://www.edc.ca/fr/country-info/country/brazil.html,OK,Indexable,Info-pays : Brésil | EDC
https://www.edc.ca/fr/country-info/country/brunei-darussalam.html,OK,Indexable,Info-pays sur Brunéi Darussalam | Exportation et développement Canada
https://www.edc.ca/fr/country-info/country/bulgaria.html,OK,Indexable,Info-pays sur Bulgarie | Exportation et développement Canada
https://www.edc.ca/fr/country-info/country/burkina-faso.html,OK,Indexable,Info-pays sur Burkina Faso | Exportation et développement Canada
https://www.edc.ca/fr/country-info/country/burundi.html,OK,Indexable,Info-pays sur Burundi | Exportation et développement Canada
https://www.edc.ca/fr/country-info/country/cabo-verde.html,OK,Indexable,Info-pays sur Cabo Verde | Exportation et développement Canada
https://www.edc.ca/fr/country-info/country/cambodia.html,OK,Indexable,Info-pays sur Cambodge | Exportation et développement Canada
https://www.edc.ca/fr/country-info/country/cameroon.html,OK,Indexable,Info-pays sur Cameroun | Exportation et développement Canada
https://www.edc.ca/fr/country-info/country/central-african-republic.html,OK,Indexable,Info-pays sur République centrafricaine | Exportation et développement Canada
https://www.edc.ca/fr/country-info/country/chad.html,OK,Indexable,Info-pays sur Tchad | Exportation et développement Canada
https://www.edc.ca/fr/country-info/country/chile.html,OK,Indexable,Info-pays sur Chili | EDC
https://www.edc.ca/fr/country-info/country/china.html,OK,Indexable,Info-pays sur Chine | EDC
https://www.edc.ca/fr/country-info/country/colombia.html,OK,Indexable,Info-pays en Colombie | EDC
https://www.edc.ca/fr/country-info/country/comoros.html,OK,Indexable,Info-pays sur Comores | Exportation et développement Canada
https://www.edc.ca/fr/country-info/country/congo-drc.html,OK,Indexable,Info-pays sur République démocratique du Congo | Exportation et développement Canada
https://www.edc.ca/fr/country-info/country/congo-republic-of.html,OK,Indexable,Info-pays sur République du Congo | Exportation et développement Canada
https://www.edc.ca/fr/country-info/country/costa-rica.html,OK,Indexable,Info-pays sur Costa Rica | Exportation et développement Canada
https://www.edc.ca/fr/country-info/country/cote-divoire.html,OK,Indexable,Info-pays : Côte d’Ivoire | EDC
https://www.edc.ca/fr/country-info/country/croatia.html,OK,Indexable,Info-pays : Croatie | EDC
https://www.edc.ca/fr/country-info/country/cuba.html,OK,Indexable,Info-pays : Cuba | EDC
https://www.edc.ca/fr/country-info/country/curacao.html,OK,Indexable,Info-pays sur Curaçao | Exportation et développement Canada
https://www.edc.ca/fr/country-info/country/cyprus.html,OK,Indexable,Info-pays sur Chypre | Exportation et développement Canada
https://www.edc.ca/fr/country-info/country/czech-republic.html,OK,Indexable,Info-pays : République tchèque | EDC
https://www.edc.ca/fr/country-info/country/denmark.html,OK,Indexable,Info-pays : Danemark | EDC
https://www.edc.ca/fr/country-info/country/djibouti.html,OK,Indexable,Info-pays sur Djibouti | Exportation et développement Canada
https://www.edc.ca/fr/country-info/country/dominica.html,OK,Indexable,Info-pays sur Dominique | Exportation et développement Canada
https://www.edc.ca/fr/country-info/country/dominican-republic.html,OK,Indexable,Info-pays : la République dominicaine | EDC
https://www.edc.ca/fr/country-info/country/ecuador.html,OK,Indexable,Info-pays : l’Équateur | EDC
https://www.edc.ca/fr/country-info/country/egypt.html,OK,Indexable,Info-pays : Égypte | EDC
https://www.edc.ca/fr/country-info/country/el-salvador.html,OK,Indexable,Info-pays sur Salvador | Exportation et développement Canada
https://www.edc.ca/fr/country-info/country/equatorial-guinea.html,OK,Indexable,Info-pays sur Guinée équatoriale | Exportation et développement Canada
https://www.edc.ca/fr/country-info/country/eritrea.html,OK,Indexable,Info-pays sur Érythrée | Exportation et développement Canada
https://www.edc.ca/fr/country-info/country/estonia.html,OK,Indexable,Info-pays sur Estonie | Exportation et développement Canada
https://www.edc.ca/fr/country-info/country/ethiopia.html,OK,Indexable,Info-pays : Éthiopie | EDC
https://www.edc.ca/fr/country-info/country/fiji.html,OK,Indexable,Info-pays sur Fidji | Exportation et développement Canada
https://www.edc.ca/fr/country-info/country/finland.html,OK,Indexable,Info-pays − Finlande | EDC
https://www.edc.ca/fr/country-info/country/france.html,OK,Indexable,Info-pays − France | EDC
https://www.edc.ca/fr/country-info/country/gabon.html,OK,Indexable,Info-pays sur Gabon | Exportation et développement Canada
https://www.edc.ca/fr/country-info/country/gambia.html,OK,Indexable,Info-pays sur Gambie | Exportation et développement Canada
https://www.edc.ca/fr/country-info/country/georgia.html,OK,Indexable,Info-pays sur Géorgie | Exportation et développement Canada
https://www.edc.ca/fr/country-info/country/germany.html,OK,Indexable,Info-pays en Allemagne | EDC
https://www.edc.ca/fr/country-info/country/ghana.html,OK,Indexable,Info-pays : Ghana | EDC
https://www.edc.ca/fr/country-info/country/greece.html,OK,Indexable,Info-pays sur Grèce | Exportation et développement Canada
https://www.edc.ca/fr/country-info/country/grenada.html,OK,Indexable,Info-pays sur Grenade | Exportation et développement Canada
https://www.edc.ca/fr/country-info/country/guatemala.html,OK,Indexable,Info-pays sur Guatemala | Exportation et développement Canada
https://www.edc.ca/fr/country-info/country/guinea-bissau.html,OK,Indexable,Info-pays sur Guinée-Bissau | Export Development Canada
https://www.edc.ca/fr/country-info/country/guinea.html,OK,Indexable,Info-pays sur Guinée | Exportation et développement Canada
https://www.edc.ca/fr/country-info/country/guyana.html,OK,Indexable,Info-pays sur Guyana | Exportation et développement Canada
https://www.edc.ca/fr/country-info/country/haiti.html,OK,Indexable,Info-pays sur Haïti | Exportation et développement Canada
https://www.edc.ca/fr/country-info/country/honduras.html,OK,Indexable,Info-pays sur Honduras | Exportation et développement Canada
https://www.edc.ca/fr/country-info/country/hong-kong.html,OK,Indexable,Info-pays sur Hong Kong | EDC
https://www.edc.ca/fr/country-info/country/hungary.html,OK,Indexable,Info-pays sur Hongrie | Exportation et développement Canada
https://www.edc.ca/fr/country-info/country/iceland.html,OK,Indexable,Info-pays sur Islande | Exportation et développement Canada
https://www.edc.ca/fr/country-info/country/india.html,OK,Indexable,Info-pays est l’Inde | EDC
https://www.edc.ca/fr/country-info/country/indonesia.html,OK,Indexable,Info-pays : l’Indonésie | EDC
https://www.edc.ca/fr/country-info/country/iran.html,OK,Indexable,Info-pays sur Iran | Exportation et développement Canada
https://www.edc.ca/fr/country-info/country/iraq.html,OK,Indexable,Info-pays sur Iraq | Exportation et développement Canada
https://www.edc.ca/fr/country-info/country/ireland.html,OK,Indexable,Info-pays sur Irlande | Exportation et développement Canada
https://www.edc.ca/fr/country-info/country/israel.html,OK,Indexable,Info-pays − Israël | EDC
https://www.edc.ca/fr/country-info/country/italy.html,OK,Indexable,Info-pays : Italie | EDC
https://www.edc.ca/fr/country-info/country/jamaica.html,OK,Indexable,Info-pays : Jamaïque | EDC
https://www.edc.ca/fr/country-info/country/japan.html,OK,Indexable,Info-pays − Japon | EDC
https://www.edc.ca/fr/country-info/country/jordan.html,OK,Indexable,Info-pays sur Jordanie | Exportation et développement Canada
https://www.edc.ca/fr/country-info/country/kazakhstan.html,OK,Indexable,Info-pays : Kazakhstan | EDC
https://www.edc.ca/fr/country-info/country/kenya.html,OK,Indexable,Info-pays : le Kenya | EDC
https://www.edc.ca/fr/country-info/country/kiribati.html,OK,Indexable,Info-pays sur Kiribati | Exportation et développement Canada
https://www.edc.ca/fr/country-info/country/kuwait.html,OK,Indexable,Info-pays : Koweït | EDC
https://www.edc.ca/fr/country-info/country/kyrgyz-republic.html,OK,Indexable,Info-pays sur Kirghizistan | Exportation et développement Canada
https://www.edc.ca/fr/country-info/country/laos.html,OK,Indexable,Info-pays sur Laos | Exportation et développement Canada
https://www.edc.ca/fr/country-info/country/latvia.html,OK,Indexable,Info-pays sur Lettonie | Exportation et développement Canada
https://www.edc.ca/fr/country-info/country/lebanon.html,OK,Indexable,Info-pays sur Liban | Exportation et développement Canada
https://www.edc.ca/fr/country-info/country/lesotho.html,OK,Indexable,Info-pays sur Lesotho | Exportation et développement Canada
https://www.edc.ca/fr/country-info/country/liberia.html,OK,Indexable,Info-pays sur Libéria | Exportation et développement Canada
https://www.edc.ca/fr/country-info/country/libya.html,OK,Indexable,Info-pays sur Libye | Exportation et développement Canada
https://www.edc.ca/fr/country-info/country/liechtenstein.html,OK,Indexable,Info-pays sur Liechtenstein | Exportation et développement Canada
https://www.edc.ca/fr/country-info/country/lithuania.html,OK,Indexable,Info-pays sur Lituanie | Exportation et développement Canada
https://www.edc.ca/fr/country-info/country/luxembourg.html,OK,Indexable,Info-pays sur Luxembourg | Exportation et développement Canada
https://www.edc.ca/fr/country-info/country/macao.html,OK,Indexable,Info-pays : Macao | EDC
https://www.edc.ca/fr/country-info/country/macedonia.html,OK,Indexable,Info-pays sur Macédoine du Nord (Macédoine) ​| Exportation et développement Canada
https://www.edc.ca/fr/country-info/country/madagascar.html,OK,Indexable,Info-pays sur Madagascar | Exportation et développement Canada
https://www.edc.ca/fr/country-info/country/malawi.html,OK,Indexable,Info-pays sur Malawi | Exportation et développement Canada
https://www.edc.ca/fr/country-info/country/malaysia.html,OK,Indexable,Info-pays : Malaisie | EDC
https://www.edc.ca/fr/country-info/country/maldives.html,OK,Indexable,Info-pays sur Maldives | Exportation et développement Canada
https://www.edc.ca/fr/country-info/country/mali.html,OK,Indexable,Info-pays sur Mali | Exportation et développement Canada
https://www.edc.ca/fr/country-info/country/malta.html,OK,Indexable,Info-pays sur Malte | Exportation et développement Canada
https://www.edc.ca/fr/country-info/country/marshall-islands.html,OK,Indexable,"Info-pays sur Marshall, Îles | Exportation et développement Canada"
https://www.edc.ca/fr/country-info/country/mauritania.html,OK,Indexable,Info-pays sur Mauritanie | Exportation et développement Canada
https://www.edc.ca/fr/country-info/country/mauritius.html,OK,Indexable,Info-pays sur Maurice | Exportation et développement Canada
https://www.edc.ca/fr/country-info/country/mexico.html,OK,Indexable,Info-pays sur Mexico | EDC
https://www.edc.ca/fr/country-info/country/micronesia.html,OK,Indexable,Info-pays sur Micronésie | Exportation et développement Canada
https://www.edc.ca/fr/country-info/country/moldova.html,OK,Indexable,Info-pays sur Moldavie | Exportation et développement Canada
https://www.edc.ca/fr/country-info/country/mongolia.html,OK,Indexable,Info-pays sur Mongolie | Exportation et développement Canada
https://www.edc.ca/fr/country-info/country/montenegro.html,OK,Indexable,Info-pays sur Monténégro | Exportation et développement Canada
https://www.edc.ca/fr/country-info/country/morocco.html,OK,Indexable,Info-pays : Maroc | EDC
https://www.edc.ca/fr/country-info/country/mozambique.html,OK,Indexable,Info-pays sur Mozambique | Exportation et développement Canada
https://www.edc.ca/fr/country-info/country/myanmar.html,OK,Indexable,Info-pays sur Myanmar | Exportation et développement Canada
https://www.edc.ca/fr/country-info/country/namibia.html,OK,Indexable,Info-pays sur Namibie | Exportation et développement Canada
https://www.edc.ca/fr/country-info/country/nauru.html,OK,Indexable,Info-pays sur Nauru | Exportation et développement Canada
https://www.edc.ca/fr/country-info/country/nepal.html,OK,Indexable,Info-pays sur Népal | Exportation et développement Canada
https://www.edc.ca/fr/country-info/country/netherlands.html,OK,Indexable,Info-pays sur Pays-Bas | Exportation et développement Canada
https://www.edc.ca/fr/country-info/country/new-zealand.html,OK,Indexable,Info-pays − Nouvelle-Zélande | EDC
https://www.edc.ca/fr/country-info/country/nicaragua.html,OK,Indexable,Info-pays sur Nicaragua | Exportation et développement Canada
https://www.edc.ca/fr/country-info/country/niger.html,OK,Indexable,Info-pays sur Niger | Exportation et développement Canada
https://www.edc.ca/fr/country-info/country/nigeria.html,OK,Indexable,Info-pays sur Nigéria | Exportation et développement Canada
https://www.edc.ca/fr/country-info/country/north-korea.html,OK,Indexable,Info-pays sur Corée du Nord | Exportation et développement Canada
https://www.edc.ca/fr/country-info/country/norway.html,OK,Indexable,Info-pays sur Norvège | Exportation et développement Canada
https://www.edc.ca/fr/country-info/country/oman.html,OK,Indexable,Info-pays : Oman | EDC
https://www.edc.ca/fr/country-info/country/pakistan.html,OK,Indexable,Info-pays : Pakistan | EDC
https://www.edc.ca/fr/country-info/country/palau.html,OK,Indexable,Info-pays sur Palaos | Exportation et développement Canada
https://www.edc.ca/fr/country-info/country/panama.html,OK,Indexable,Info-pays : Panama | EDC
https://www.edc.ca/fr/country-info/country/papua-new-guinea.html,OK,Indexable,Info-pays sur Papouasie-Nouvelle-Guinée | Exportation et développement Canada
https://www.edc.ca/fr/country-info/country/paraguay.html,OK,Indexable,Info-pays : Paraguay | EDC
https://www.edc.ca/fr/country-info/country/peru.html,OK,Indexable,Info-pays sur Pérou | EDC
https://www.edc.ca/fr/country-info/country/philippines.html,OK,Indexable,Info-pays : Philippines | EDC
https://www.edc.ca/fr/country-info/country/poland.html,OK,Indexable,Info-pays sur Pologne | Exportation et développement Canada
https://www.edc.ca/fr/country-info/country/portugal.html,OK,Indexable,Info-pays sur Portugal | Exportation et développement Canada
https://www.edc.ca/fr/country-info/country/qatar.html,OK,Indexable,Info-pays sur le Qatar | EDC
https://www.edc.ca/fr/country-info/country/romania.html,OK,Indexable,Info-pays sur Roumanie | Exportation et développement Canada
https://www.edc.ca/fr/country-info/country/russia.html,OK,Indexable,Info-pays sur Russie | Exportation et développement Canada
https://www.edc.ca/fr/country-info/country/rwanda.html,OK,Indexable,Info-pays sur Rwanda | Exportation et développement Canada
https://www.edc.ca/fr/country-info/country/saint-kitts-nevis.html,OK,Indexable,Info-pays sur Saint-Kitts-et-Nevis | Exportation et développement Canada
https://www.edc.ca/fr/country-info/country/saint-lucia.html,OK,Indexable,Info-pays sur Sainte-Lucie | Exportation et développement Canada
https://www.edc.ca/fr/country-info/country/saint-vincent-grenadines.html,OK,Indexable,Info-pays sur St-Vincent et Grenadines | Exportation et développement Canada
https://www.edc.ca/fr/country-info/country/samoa.html,OK,Indexable,Info-pays sur Samoa | Exportation et développement Canada
https://www.edc.ca/fr/country-info/country/sao-tome-principe.html,OK,Indexable,Info-pays sur Sao Tomé-et-Principe | Exportation et développement Canada
https://www.edc.ca/fr/country-info/country/saudi-arabia.html,OK,Indexable,Info-pays sur Arabie saoudite | Exportation et développement Canada
https://www.edc.ca/fr/country-info/country/senegal.html,OK,Indexable,Country information on Senegal | EDC
https://www.edc.ca/fr/country-info/country/serbia.html,OK,Indexable,Info-pays sur la Serbie | EDC
https://www.edc.ca/fr/country-info/country/seychelles.html,OK,Indexable,Info-pays sur Seychelles | Exportation et développement Canada
https://www.edc.ca/fr/country-info/country/sierra-leone.html,OK,Indexable,Info-pays sur Sierra Leone | Exportation et développement Canada
https://www.edc.ca/fr/country-info/country/singapore.html,OK,Indexable,Info-pays sur Singapour | EDC
https://www.edc.ca/fr/country-info/country/sint-maarten-dutch.html,OK,Indexable,Info-pays sur Saint-Martin (néerlandaise) | Exportation et développement Canada
https://www.edc.ca/fr/country-info/country/slovakia.html,OK,Indexable,Info-pays sur Slovaquie | Exportation et développement Canada
https://www.edc.ca/fr/country-info/country/slovenia.html,OK,Indexable,Info-pays sur Slovénie | Exportation et développement Canada
https://www.edc.ca/fr/country-info/country/solomon-islands.html,OK,Indexable,"Info-pays sur Salomon, Îles | Exportation et développement Canada"
https://www.edc.ca/fr/country-info/country/somalia.html,OK,Indexable,Info-pays sur Somalie | Exportation et développement Canada
https://www.edc.ca/fr/country-info/country/south-africa.html,OK,Indexable,Info-pays sur Afrique du Sud | EDC
https://www.edc.ca/fr/country-info/country/south-korea.html,OK,Indexable,Info-pays − Corée du Sud | EDC
https://www.edc.ca/fr/country-info/country/south-sudan.html,OK,Indexable,Info-pays sur Soudan du Sud | Exportation et développement Canada
https://www.edc.ca/fr/country-info/country/spain.html,OK,Indexable,Info-pays −  Espagne | EDC
https://www.edc.ca/fr/country-info/country/sri-lanka.html,OK,Indexable,Info-pays − Sri Lanka | EDC
https://www.edc.ca/fr/country-info/country/state-of-palestine.html,OK,Indexable,Info-pays sur l’ État Palestine | EDC
https://www.edc.ca/fr/country-info/country/sudan.html,OK,Indexable,Info-pays sur Soudan | Exportation et développement Canada
https://www.edc.ca/fr/country-info/country/suriname.html,OK,Indexable,Info-pays sur Suriname | Exportation et développement Canada
https://www.edc.ca/fr/country-info/country/swaziland.html,OK,Indexable,Info-pays sur Eswatini (Swaziland) | EDC
https://www.edc.ca/fr/country-info/country/sweden.html,OK,Indexable,Info-pays sur Suède | Exportation et développement Canada
https://www.edc.ca/fr/country-info/country/switzerland.html,OK,Indexable,Info-pays sur la Suisse | EDC
https://www.edc.ca/fr/country-info/country/syria.html,OK,Indexable,Info-pays sur Syrie | Exportation et développement Canada
https://www.edc.ca/fr/country-info/country/taiwan.html,OK,Indexable,Info-pays − Taïwan | EDC
https://www.edc.ca/fr/country-info/country/tajikistan.html,OK,Indexable,Info-pays sur Tadjikistan | Exportation et développement Canada
https://www.edc.ca/fr/country-info/country/tanzania.html,OK,Indexable,Info-pays sur la Tanzanie | EDC
https://www.edc.ca/fr/country-info/country/thailand.html,OK,Indexable,Info-pays sur la Thaïlande | EDC
https://www.edc.ca/fr/country-info/country/timor-leste.html,OK,Indexable,Info-pays sur Timor-Leste | Exportation et développement Canada
https://www.edc.ca/fr/country-info/country/togo.html,OK,Indexable,Info-pays sur Togo | Exportation et développement Canada
https://www.edc.ca/fr/country-info/country/tonga.html,OK,Indexable,Info-pays sur Tonga | Exportation et développement Canada
https://www.edc.ca/fr/country-info/country/trinidad-tobago.html,OK,Indexable,Info-pays sur Trinité-et-Tobago | Exportation et développement Canada
https://www.edc.ca/fr/country-info/country/tunisia.html,OK,Indexable,Info-pays : Tunisie | EDC
https://www.edc.ca/fr/country-info/country/turkey.html,OK,Indexable,Info-pays sur Turquie | EDC
https://www.edc.ca/fr/country-info/country/turkmenistan.html,OK,Indexable,Info-pays sur Turkménistan | Exportation et développement Canada
https://www.edc.ca/fr/country-info/country/tuvalu.html,OK,Indexable,Info-pays sur Tuvalu | Exportation et développement Canada
https://www.edc.ca/fr/country-info/country/uganda.html,OK,Indexable,Info-pays sur Ouganda | Exportation et développement Canada
https://www.edc.ca/fr/country-info/country/ukraine.html,OK,Indexable,Info-pays sur Ukraine | Exportation et développement Canada
https://www.edc.ca/fr/country-info/country/united-arab-emirates.html,OK,Indexable,Info-pays sur Émirats arabes unis | EDC
https://www.edc.ca/fr/country-info/country/united-kingdom.html,OK,Indexable,Info-pays sur Royaume-Uni | EDC
https://www.edc.ca/fr/country-info/country/united-states.html,OK,Indexable,Info-pays sur États-Unis | EDC
https://www.edc.ca/fr/country-info/country/uruguay.html,OK,Indexable,Info-pays : Uruguay | EDC
https://www.edc.ca/fr/country-info/country/uzbekistan.html,OK,Indexable,Info-pays sur Ouzbékistan | Exportation et développement Canada
https://www.edc.ca/fr/country-info/country/vanuatu.html,OK,Indexable,Info-pays sur Vanuatu | Exportation et développement Canada
https://www.edc.ca/fr/country-info/country/venezuela.html,OK,Indexable,Info-pays sur Venezuela | Exportation et développement Canada
https://www.edc.ca/fr/country-info/country/vietnam.html,OK,Indexable,Info-pays sur le Vietnam | EDC
https://www.edc.ca/fr/country-info/country/yemen.html,OK,Indexable,Info-pays sur Yémen | Exportation et développement Canada
https://www.edc.ca/fr/country-info/country/zambia.html,OK,Indexable,Info-pays sur Zambie | Exportation et développement Canada
https://www.edc.ca/fr/country-info/country/zimbabwe.html,OK,Indexable,Info-pays sur Zimbabwe | Exportation et développement Canada
https://www.edc.ca/fr/economic-resources.html,OK,Indexable,Services économiques d’EDC : Rapprocher le Canada des marchés mondiaux | EDC
https://www.edc.ca/fr/errors.html,OK,Indexable,errors
https://www.edc.ca/fr/errors/401.html,OK,Indexable,401
https://www.edc.ca/fr/errors/403.html,OK,Indexable,403
https://www.edc.ca/fr/errors/404.html,OK,Indexable,404
https://www.edc.ca/fr/errors/500.html,OK,Indexable,500
https://www.edc.ca/fr/errors/myaccount-system-error.html,OK,Indexable,Erreur
https://www.edc.ca/fr/events.html,OK,Indexable,Webinaires | EDC
https://www.edc.ca/fr/events/export-growth-connections.html,Found,Non-Indexable,
https://www.edc.ca/fr/events/webinar.html,Found,Non-Indexable,
https://www.edc.ca/fr/events/webinar/2026-find-buyers-in-new-markets.html,OK,Indexable,Trouver des acheteurs dans de nouveaux marchés | EDC
https://www.edc.ca/fr/events/webinar/2026-global-economic-outlook-for-exporters.html,OK,Indexable,Webinaire sur les Perspectives économiques mondiales | EDC
https://www.edc.ca/fr/events/webinar/2026-manage-trade-uncertainty.html,OK,Indexable,Webinaire : comment gérer l’incertitude commerciale | EDC
https://www.edc.ca/fr/events/webinar/ask-edc-exploring-canadas-ev-industry.html,Found,Non-Indexable,
https://www.edc.ca/fr/events/webinar/canada-opportunity-indo-pacific-markets.html,OK,Indexable,Au-delà des frontières : percer en Indo-Pacifique | EDC
https://www.edc.ca/fr/events/webinar/discover-global-economic-trends-2025.html,OK,Indexable,Webinaire - Découvrez les tendances économiques mondiales de 2025 | EDC
https://www.edc.ca/fr/events/webinar/diversify-your-global-markets-to-hedge-against-risks.html,OK,Indexable,Diversifier vos marchés pour parer aux risques | EDC
https://www.edc.ca/fr/events/webinar/embracing-ai-to-enhance-business-growth.html,OK,Indexable,L’IA pour favoriser la croissance à l’international | EDC
https://www.edc.ca/fr/events/webinar/expanding-business-south-of-the-border.html,Found,Non-Indexable,
https://www.edc.ca/fr/events/webinar/export-financing-enter-new-markets.html,OK,Indexable,Financement à l’exportation et conquête des marchés | EDC
https://www.edc.ca/fr/events/webinar/export-strategy-2026-outlook.html,OK,Indexable,Perspectives économiques mondiales : cap sur l’export | EDC
https://www.edc.ca/fr/events/webinar/export-to-europe-with-canadas-ftas.html,OK,Indexable,Webinaire Exporter en Europe grâce aux ALE du Canada | EDC
https://www.edc.ca/fr/events/webinar/export-to-european-markets.html,OK,Indexable,Exporter en Europe : trouver de nouveaux marchés | EDC
https://www.edc.ca/fr/events/webinar/exporting-to-mexico-and-latin-america-with-ftas.html,Found,Non-Indexable,
https://www.edc.ca/fr/events/webinar/finance-international-expansion.html,OK,Indexable,Comment financer votre croissance mondiale | EDC
https://www.edc.ca/fr/events/webinar/foreign-currency-risk-mitigation-webinar.html,OK,Non-Indexable,Protégez vos profits du risque de change | EDC
https://www.edc.ca/fr/events/webinar/future-of-your-business-in-southeast-asia.html,OK,Indexable,L’avenir de votre entreprise en Asie du Sud-Est | EDC
https://www.edc.ca/fr/events/webinar/get-financing-to-grow-your-business.html,OK,Indexable,Webinaire : De local à mondial : Obtenir du financement pour votre entreprise  | EDC
https://www.edc.ca/fr/events/webinar/global-economic-outlook-manage-trade-tariff-risks.html,OK,Indexable,Webinaire - Info-marché : risques tarifaires et commerciaux | EDC
https://www.edc.ca/fr/events/webinar/global-economic-outlook.html,OK,Indexable,Perspectives économiques mondiales 2024 de S. Bergman | EDC
https://www.edc.ca/fr/events/webinar/grow-your-global-business-with-canada-trade-team.html,OK,Indexable,Webinaire - Étendez vos activités mondiales avec l’Équipe Canada | EDC
https://www.edc.ca/fr/events/webinar/how-indigenous-companies-can-get-support-for-exporting.html,OK,Indexable,Webinaire - Capitaux et soutien pour entreprises autochtones | EDC
https://www.edc.ca/fr/events/webinar/how-the-us-election-could-impact-trade.html,OK,Indexable,Webinaire - Retombées des élections aux É.-U. sur le commerce | EDC
https://www.edc.ca/fr/events/webinar/how-to-adapt-esg-principles-in-supply-chains.html,OK,Indexable,ESG : les avantages de l’approvisionnement durable | EDC
https://www.edc.ca/fr/events/webinar/how-women-led-companies-can-access-new-markets-and-capital.html,OK,Indexable,Webinaire - Ressources pour les entreprises dirigées par des femmes | EDC
https://www.edc.ca/fr/events/webinar/indo-pacific-agri-food-export-strategy.html,OK,Indexable,Webinaire: l’agroalimentaire en Indo-Pacifique | EDC
https://www.edc.ca/fr/events/webinar/key-markets-strategic-trade-diversification.html,OK,Indexable,Webinaire - Marchés clés pour la diversification stratégique | EDC
https://www.edc.ca/fr/events/webinar/managing-supply-chain-risks-2025.html,OK,Indexable,Webinaire - Gérer les risques des chaînes d’approvisionnement | EDC
https://www.edc.ca/fr/events/webinar/marketing-strategies-for-canadian-companies-in-foreign-markets.html,OK,Indexable,Croître et conquérir : stratégies marketing à l’étranger | EDC
https://www.edc.ca/fr/events/webinar/mastering-incoterms-2020-to-succeed-internationally.html,OK,Indexable,"Exportateurs canadiens, maîtrisez les Incoterms 2020 | EDC"
https://www.edc.ca/fr/events/webinar/mastering-international-contracts.html,Found,Non-Indexable,
https://www.edc.ca/fr/events/webinar/mastering-logistics-of-export-success.html,OK,Indexable,Exporter avec succès en maîtrisant la logistique | EDC
https://www.edc.ca/fr/events/webinar/navigating-tariffs-customs-regulations.html,OK,Indexable,Webinaire - Tarifs et règlements douaniers : mode d’emploi | EDC
https://www.edc.ca/fr/events/webinar/negotiating-payment-terms-for-cash-flow.html,OK,Indexable,Webinaire - Négocier ses modalités de paiement pour une trésorerie optimale | EDC
https://www.edc.ca/fr/events/webinar/path-to-net-zero-how-canadas-indigenous-businesses-can-benefit.html,OK,Indexable,Vers la carboneutralité : des avantages pour les entreprises autochtones | EDC
https://www.edc.ca/fr/events/webinar/planning-expansion-changing-global-market.html,OK,Indexable,Webinaire - Planifier son expansion dans un marché en mutation | EDC
https://www.edc.ca/fr/events/webinar/scale-exports-with-digital-tools-and-ai.html,OK,Indexable,Exportez plus grâce aux outils numériques et à l'IA | EDC
https://www.edc.ca/fr/events/webinar/stimulating-growth-with-supplier-diversity.html,OK,Indexable,Accroître vos activités aux côtés de la diversité | EDC
https://www.edc.ca/fr/events/webinar/strategic-global-pricing-exporters.html,OK,Indexable,Prix stratégiques pour gérer le risque à l’exportation | EDC
https://www.edc.ca/fr/events/webinar/strategies-for-global-expansion.html,OK,Indexable,Webinaire - Des stratégies pour réussir votre expansion mondiale | EDC
https://www.edc.ca/fr/events/webinar/strategies-to-grow-your-business-globally.html,OK,Indexable,Webinaire - Femmes en commerce : faire croître votre entreprise | EDC
https://www.edc.ca/fr/events/webinar/strikeup-2023.html,OK,Indexable,Une coche plus haut 2023 : Croître et prospérer | EDC
https://www.edc.ca/fr/events/webinar/stronger-together-benefits-of-indigenous-partnerships.html,OK,Indexable,Webinaire - Forts ensemble : partenariats autochtones bénéfiques | EDC
https://www.edc.ca/fr/events/webinar/template-for-success.html,OK,Indexable,Un modèle de réussite : Créez votre vision de l'exportation pour vous développer à l'échelle mondiale | EDC
https://www.edc.ca/fr/events/webinar/the-new-nafta-how-to-leverage-cusma-to-enter-new-markets.html,OK,Indexable,Webinaire - Le nouvel ALÉNA : pénétrer de nouveaux marchés avec l’ACEUM | EDC
https://www.edc.ca/fr/events/webinar/unlock-new-markets-with-mergers-and-acquisitions.html,OK,Indexable,Webinaire - Percer de nouveaux marchés grâce aux F-A | EDC
https://www.edc.ca/fr/expand-your-global-presence.html,OK,Indexable,Étendez votre présence mondiale | EDC
https://www.edc.ca/fr/export-knowledge.html,Found,Non-Indexable,
https://www.edc.ca/fr/export-knowledge/get-started.html,OK,Indexable,Les rudiments de l'exportation
https://www.edc.ca/fr/export-knowledge/get-started/exporting-101.html,OK,Indexable,Démarrer
https://www.edc.ca/fr/export-knowledge/get-started/exporting-101/about-exporting.html,OK,Indexable,Au sujet de l’exportation | Exporter : un guide | EDC
https://www.edc.ca/fr/export-knowledge/get-started/exporting-101/exporter-definition.html,OK,Non-Indexable,Définition d'un exportateur | EDC
https://www.edc.ca/fr/export-knowledge/podcast.html,OK,Indexable,L’impact de l’exportation – Balado | EDC
https://www.edc.ca/fr/export-knowledge/podcast/disclaimer.html,OK,Indexable,Divulgation légale du balado | EDC
https://www.edc.ca/fr/export-knowledge/podcast/episode-01-joseph-mimran.html,OK,Indexable,Rencontrez l'animatrice du balado: Marie-Josée Richer | EDC
https://www.edc.ca/fr/export-knowledge/podcast/episode-01-season-2-bruce-croxon.html,OK,Indexable,"Découvrez Nicolas Duvernois, l’animateur du balado | EDC"
https://www.edc.ca/fr/export-knowledge/podcast/episode-02-season-2-big-mountain-growing-plant-based-business.html,OK,Indexable,Études de marché au service des stratégies d'expansion | EDC
https://www.edc.ca/fr/export-knowledge/podcast/episode-02-season-3-urban-sustainability-alveole.html,OK,Indexable,L'expansion écologique d'Alvéole | EDC
https://www.edc.ca/fr/export-knowledge/podcast/episode-02-sustainable-fishing.html,OK,Indexable,Du crémasse Haïtien sur les tablettes Nord-Américaine | EDC
https://www.edc.ca/fr/export-knowledge/podcast/episode-03-feeding-the-future.html,OK,Indexable,L’industrie agroalimentaire canadienne | EDC
https://www.edc.ca/fr/export-knowledge/podcast/episode-04-season-2-carbonet-inspiring-sustainability.html,OK,Indexable,"Éocycle : stratégie, défis et principes ESG en action | EDC"
https://www.edc.ca/fr/export-knowledge/podcast/episode-04-sustainable-innovation.html,OK,Indexable,L'avenir du transport avec Bus.com | EDC
https://www.edc.ca/fr/export-knowledge/podcast/episode-05-conscious-consuming.html,OK,Indexable,L’importance de la règlementation en exportation | EDC
https://www.edc.ca/fr/export-knowledge/podcast/episode-05-season-2-loulou-lollipop-navigating-export-hurdles.html,OK,Indexable,Un succès qui a du piquant et une saveur mondiale | EDC
https://www.edc.ca/fr/export-knowledge/podcast/episode-06-opportunities-in-south-korea.html,OK,Indexable,Découverte l’exportation en Asie du Sud-Est | EDC
https://www.edc.ca/fr/export-knowledge/podcast/episode-06-season-2-scaling-global-photography-business.html,OK,Indexable,Exporter son savoir-faire technologique | EDC
https://www.edc.ca/fr/export-knowledge/podcast/episode-07-creating-media-with-diversity.html,OK,Indexable,Le développement durable à l’international | EDC
https://www.edc.ca/fr/export-knowledge/podcast/episode-07-season-2-genetec-barriers-indo-pacific-markets.html,OK,Indexable,Transformer l'industrie de la robotique | EDC
https://www.edc.ca/fr/export-knowledge/podcast/episode-08-100-years-of-success.html,OK,Indexable,Importer de la valeur au Canada en tant qu’exportateur | EDC
https://www.edc.ca/fr/export-knowledge/podcast/episode-08-season-2-exporting-edtech-solutions-globally.html,OK,Indexable,Exporter l’éducation interactive à l’échelle mondiale | EDC
https://www.edc.ca/fr/export-knowledge/podcast/episode-09-overcoming-underwater-fibre-optic-challenges.html,OK,Indexable,Maguire : transparence et qualité abordable | EDC
https://www.edc.ca/fr/export-knowledge/podcast/episode-09-season-2-building-customer-loyalty-men-clothing.html,OK,Indexable,Manmade: Construire son image de marque avec succès | EDC
https://www.edc.ca/fr/export-knowledge/podcast/episode-10-season-2-exporting-asian-food-latin-america.html,OK,Indexable,Occasions d’affaires en Amérique Latine | EDC
https://www.edc.ca/fr/export-knowledge/podcast/episode-10-using-storytelling-to-expand-globally.html,OK,Indexable,Airbus : un avenir durable dans l’aéronautique | EDC
https://www.edc.ca/fr/export-knowledge/podcast/episode-11-balancing-motherhood-and-entrepreneurship.html,OK,Indexable,Les entreprises québécoises à l’international | EDC
https://www.edc.ca/fr/export-knowledge/podcast/episode-11-season-2-scaling-cybersecurity-services-globally.html,OK,Indexable,Exporter des produits de boulangerie québécois | EDC
https://www.edc.ca/fr/export-knowledge/podcast/episode-12-season-2-navigating-furniture-tariffs-in-the-us-and-mexico.html,OK,Indexable,Exporter une solution IA RH vers l’Europe et l’Afrique | EDC
https://www.edc.ca/fr/export-knowledge/podcast/episode-12-trading-in-the-indo-pacific.html,OK,Indexable,Garder l’élan en s’adaptant aux marchés mondiaux | EDC
https://www.edc.ca/fr/export-knowledge/podcast/episode-13-competing-on-quality.html,OK,Non-Indexable,Une nouvelle ère de pionniers canadiens | EDC
https://www.edc.ca/fr/export-knowledge/podcast/episode-14-finding-opportunity-in-adversity.html,OK,Indexable,Propulser la carrière des entrepreneures | EDC
https://www.edc.ca/fr/export-knowledge/podcast/episode-15-building-trust-globally.html,OK,Indexable,EDC au service des exportateurs québécois | EDC
https://www.edc.ca/fr/export-knowledge/podcast/episode-16-business-relationships-in-india.html,OK,Indexable,E2ip Technologies : interfaces homme-machine | EDC
https://www.edc.ca/fr/export-knowledge/podcast/episode-17-international-success-in-niche-markets.html,OK,Indexable,S’implanter dans le secteur de la création mondial | EDC
https://www.edc.ca/fr/export-knowledge/podcast/episode-18-success-with-sheertex.html,OK,Indexable,Valsoft : acteur mondial de la tech | EDC
https://www.edc.ca/fr/export-knowledge/podcast/episode-19-opportunities-in-southeast-asia.html,OK,Indexable,Pénétrer des marchés hyperconcurrentiels | EDC
https://www.edc.ca/fr/export-knowledge/podcast/episode-20-mini-tipi-cultural-threads.html,OK,Indexable,Concevoir des solutions écoresponsables en pharmacie | EDC
https://www.edc.ca/fr/export-knowledge/podcast/episode-21-investing-in-tech-abroad.html,OK,Indexable,Une célébration mondiale de la culture autochtone | EDC
https://www.edc.ca/fr/export-knowledge/podcast/episode-22-investing-in-southeast-asia.html,OK,Indexable,L'alliance: le symbole de l'amour et de l'engagement | EDC
https://www.edc.ca/fr/export-knowledge/podcast/episode-23-edc-podcast-mimran-season-highlights.html,OK,Indexable,Retour sur les moments clés de la première saison | EDC
https://www.edc.ca/fr/export-knowledge/tools.html,Moved Permanently,Non-Indexable,
https://www.edc.ca/fr/export-knowledge/tools/search-international-companies.html,OK,Indexable,Vérif-entreprise d’EDC | EDC
https://www.edc.ca/fr/export-knowledge/tools/search-international-companies/australia-due-diligence.html,OK,Non-Indexable,Contrôle du marché Vérif-entreprise – Australie | EDC
https://www.edc.ca/fr/export-knowledge/tools/search-international-companies/china-due-diligence.html,OK,Non-Indexable,Contrôle du marché Vérif-entreprise – Chine | EDC
https://www.edc.ca/fr/export-knowledge/tools/search-international-companies/general-due-diligence.html,OK,Non-Indexable,Contrôle du marché Vérif-entreprise – Général | EDC
https://www.edc.ca/fr/export-knowledge/tools/search-international-companies/india-due-diligence.html,OK,Non-Indexable,Contrôle du marché Vérif-entreprise – Inde | EDC
https://www.edc.ca/fr/export-knowledge/tools/search-international-companies/japan-due-diligence.html,OK,Non-Indexable,Contrôle du marché Vérif-entreprise – Japon | EDC
https://www.edc.ca/fr/export-knowledge/tools/search-international-companies/mexico-due-diligence.html,OK,Non-Indexable,Contrôle du marché Vérif-entreprise – Mexique | EDC
https://www.edc.ca/fr/export-knowledge/tools/search-international-companies/saudi-arabia-due-diligence.html,OK,Non-Indexable,Contrôle du marché Vérif-entreprise – Arabie Saoudite | EDC
https://www.edc.ca/fr/export-knowledge/tools/search-international-companies/taiwan-due-diligence.html,OK,Non-Indexable,Contrôle du marché Vérif-entreprise – Taïwan | EDC
https://www.edc.ca/fr/export-knowledge/tools/search-international-companies/united-states-due-diligence.html,OK,Non-Indexable,Contrôle du marché Vérif-entreprise – États-Unis | EDC
https://www.edc.ca/fr/financial-institutions.html,OK,Non-Indexable,Solutions pour les institutions financières | EDC
https://www.edc.ca/fr/financial-institutions/forms.html,OK,Non-Indexable,Formulaires | EDC
https://www.edc.ca/fr/financial-institutions/forms/account-performance-security-guarantee.html,Found,Non-Indexable,
https://www.edc.ca/fr/financial-institutions/forms/account-performance-security-guarantee/request-cover.html,OK,Non-Indexable,Marge GCB formulaire– Demande de couverture | EDC
https://www.edc.ca/fr/financial-institutions/insights.html,OK,Non-Indexable,Renseignements pour les IF | EDC
https://www.edc.ca/fr/financial-institutions/insights/article.html,Found,Non-Indexable,
https://www.edc.ca/fr/financial-institutions/insights/article/fi-bcap-helps-good-natured.html,OK,Non-Indexable,Une entreprise d’emballage poursuit sa croissance malgré la COVID-19 avec l’aide d’EDC | EDC
https://www.edc.ca/fr/financial-institutions/insights/article/fi-bcap-helps-real-earth-bounty.html,OK,Non-Indexable,COVID-19 : se maintenir à flot avec RBC et EDC | EDC
https://www.edc.ca/fr/financial-institutions/insights/article/fi-effenco-solutions-egp-fxg.html,Found,Non-Indexable,
https://www.edc.ca/fr/financial-institutions/insights/blog.html,Found,Non-Indexable,
https://www.edc.ca/fr/financial-institutions/insights/blog/fi-covid-19-edc-summer-survey-findings.html,OK,Non-Indexable,Sondage sur les effets de la COVID-19 | EDC
https://www.edc.ca/fr/financial-institutions/insights/blog/fi-edc-build-indigenous-trust.html,OK,Non-Indexable,Renforcer la confiance avec les entreprises autochtones | EDC
https://www.edc.ca/fr/financial-institutions/insights/blog/fi-global-economic-outlook.html,OK,Non-Indexable,"Intérêt, taux de change, PIB : perspectives 2021 | EDC"
https://www.edc.ca/fr/financial-institutions/insights/building-the-future-of-canadas-international-trade-economy.html,OK,Non-Indexable,Table ronde à l’intention des institutions financières|EDC
https://www.edc.ca/fr/financial-institutions/insights/fi-building-customers-trade-potential.html,OK,Non-Indexable,Retour sur les tables rondes régionales avec P. Hall | EDC
https://www.edc.ca/fr/financial-institutions/insights/fi-delivering-the-wow-factor.html,OK,Non-Indexable,Institutions financières impressionnent leurs clientèle | EDC
https://www.edc.ca/fr/financial-institutions/insights/fi-g2voptics.html,OK,Non-Indexable,G2V Optics accélère sa croissance | EDC
https://www.edc.ca/fr/financial-institutions/insights/fi-new-oil-and-gas-climate-change-reporting.html,OK,Non-Indexable,Pétrole et gaz naturel : parlons chiffres et climat | EDC
https://www.edc.ca/fr/financial-institutions/insights/fi-strengthen-client-fxg-strategy.html,OK,Non-Indexable,Améliorer la stratégie de couverture de son client | EDC
https://www.edc.ca/fr/financial-institutions/insights/fxg-3-case-studies-fi.html,OK,Non-Indexable,Garantie de facilité de change – Études de cas | EDC
https://www.edc.ca/fr/financial-institutions/insights/guide.html,Found,Non-Indexable,
https://www.edc.ca/fr/financial-institutions/insights/partner-roundtable-2022.html,OK,Non-Indexable,Série de tables rondes des partenaires régionaux | EDC
https://www.edc.ca/fr/financial-institutions/solutions.html,OK,Non-Indexable,Solutions pour les institutions financières | EDC
https://www.edc.ca/fr/financial-institutions/solutions/account-performance-security-guarantee.html,OK,Non-Indexable,Marge pour garanties de cautionnements bancaires | EDC
https://www.edc.ca/fr/financial-institutions/solutions/account-performance-security-guarantee/faqs.html,Found,Non-Indexable,
https://www.edc.ca/fr/financial-institutions/solutions/account-performance-security-guarantee/frequently-asked-questions.html,OK,Non-Indexable,Marge pour garanties de cautionnements bancaires (Marge PSG) – Foire aux questions | EDC
https://www.edc.ca/fr/financial-institutions/solutions/advance-payment-insurance.html,Found,Non-Indexable,
https://www.edc.ca/fr/financial-institutions/solutions/bcap-fi-guide.html,OK,Non-Indexable,Garantie – PCE d’EDC | EDC
https://www.edc.ca/fr/financial-institutions/solutions/bcap-mid-market.html,OK,Non-Indexable,Garantie—Programme de crédit aux entreprises (PCE) d’EDC—Marché intermédiaire | EDC
https://www.edc.ca/fr/financial-institutions/solutions/bcap-mid-market/frequently-asked-questions-mid-market.html,Found,Non-Indexable,
https://www.edc.ca/fr/financial-institutions/solutions/credit-insurance.html,OK,Non-Indexable,Assurance-crédit | EDC
https://www.edc.ca/fr/financial-institutions/solutions/credit-insurance/frequently-asked-questions.html,OK,Non-Indexable,Assurance crédit – Foire aux questions | EDC
https://www.edc.ca/fr/financial-institutions/solutions/export-guarantee-program.html,OK,Non-Indexable,Programme de garanties d’exportations | EDC
https://www.edc.ca/fr/financial-institutions/solutions/export-guarantee-program/frequently-asked-questions.html,OK,Non-Indexable,Programme de garanties d’exportations – Foire aux questions | EDC
https://www.edc.ca/fr/financial-institutions/solutions/foreign-exchange-facility-guarantee.html,OK,Non-Indexable,Garantie de facilité de change | EDC
https://www.edc.ca/fr/financial-institutions/solutions/foreign-exchange-facility-guarantee/frequently-asked-questions.html,OK,Non-Indexable,Garantie de facilité de change – Foire aux questions | EDC
https://www.edc.ca/fr/financial-institutions/solutions/frequently-asked-questions.html,OK,Non-Indexable,Garantie – PCE d’EDC – Foire qux questions | EDC
https://www.edc.ca/fr/financial-institutions/solutions/political-risk-insurance.html,OK,Non-Indexable,Assurance risques politiques | EDC
https://www.edc.ca/fr/financial-institutions/solutions/trade-expansion-lending-program.html,OK,Non-Indexable,Programme de prêts à l’expansion internationale  | EDC
https://www.edc.ca/fr/financial-institutions/solutions/trade-expansion-lending-program/frequently-asked-questions.html,OK,Non-Indexable,Programme de prêts à l’expansion internationale – Foire aux questions | EDC
https://www.edc.ca/fr/financial-institutions/solutions/trade-impact-program.html,OK,Non-Indexable,Programme d’Impact Commercial | EDC
https://www.edc.ca/fr/financial-institutions/solutions/trade-recovery-guarantee.html,OK,Non-Indexable,Garantie de relance du commerce | EDC
https://www.edc.ca/fr/financial-institutions/solutions/trade-recovery-guarantee/frequently-asked-questions.html,OK,Non-Indexable,Garantie de relance du commerce – Foire aux questions | EDC
https://www.edc.ca/fr/financial-institutions/temp-measures.html,Found,Non-Indexable,
https://www.edc.ca/fr/financial-institutions/whats-new.html,OK,Non-Indexable,Quoi de neuf pour les institutions financières | EDC
https://www.edc.ca/fr/form.html,OK,Non-Indexable,Formulaire
https://www.edc.ca/fr/form/broker-terms-conditions.html,OK,Non-Indexable,Inscription du courtier Conditions Générales | EDC
https://www.edc.ca/fr/form/business-credit-availability-program.html,Found,Non-Indexable,
https://www.edc.ca/fr/form/connections.html,Found,Non-Indexable,
https://www.edc.ca/fr/form/export-help-request.html,OK,Non-Indexable,Demande de renseignements sur le commerce | EDC
https://www.edc.ca/fr/form/export-help.html,Found,Non-Indexable,
https://www.edc.ca/fr/form/freight-forwarder-registry.html,Found,Non-Indexable,
https://www.edc.ca/fr/form/inquiry.html,OK,Non-Indexable,Demande d’information au sujet des produits | EDC
https://www.edc.ca/fr/form/inquiry/future-exporters.html,OK,Non-Indexable,Futurs exportateurs | EDC
https://www.edc.ca/fr/form/inquiry/knowledge-resources.html,OK,Non-Indexable,Ressources du savoir | EDC
https://www.edc.ca/fr/form/inquiry/non-incorporated.html,OK,Non-Indexable,Pas une entreprise canadienne constituée en société | EDC
https://www.edc.ca/fr/form/inquiry/partner-resources.html,OK,Non-Indexable,Ressources de partenaires | EDC
https://www.edc.ca/fr/form/inquiry/success1.html,OK,Non-Indexable,Demande soumise avec succès | EDC
https://www.edc.ca/fr/form/inquiry/success2.html,OK,Non-Indexable,Demande soumise avec succès | EDC
https://www.edc.ca/fr/form/online-payments.html,OK,Non-Indexable,Paiement d'EDC
https://www.edc.ca/fr/form/referral-consent-form.html,OK,Non-Indexable,Formulaire de consentement de référence | EDC
https://www.edc.ca/fr/form/supplier-registration.html,OK,Non-Indexable,Inscription des fournisseurs | EDC
https://www.edc.ca/fr/form/trade-expansion-lending-program.html,OK,Non-Indexable,Programme de prêts à l'expansion internationale d’EDC | EDC
https://www.edc.ca/fr/form/unsubscribe-confirmation.html,OK,Non-Indexable,Se désabonner | EDC
https://www.edc.ca/fr/gated.html,Moved Permanently,Non-Indexable,
https://www.edc.ca/fr/gated/campaign.html,Internal Server Error,Non-Indexable,
https://www.edc.ca/fr/gated/campaign/3-avenues-boost-capital-guide.html,Moved Permanently,Non-Indexable,
https://www.edc.ca/fr/gated/campaign/accelerate-your-international-growth.html,Found,Non-Indexable,
https://www.edc.ca/fr/gated/campaign/cleantech.html,Found,Non-Indexable,
https://www.edc.ca/fr/gated/campaign/coronavirus-covid-19.html,Found,Non-Indexable,
https://www.edc.ca/fr/gated/campaign/growing-global-with-coralus-edc.html,Found,Non-Indexable,
https://www.edc.ca/fr/gated/campaign/mitigate-client-payment-risk-credit-insurance.html,Found,Non-Indexable,
https://www.edc.ca/fr/gated/campaign/opportunities-for-canadian-agri-food.html,Found,Non-Indexable,
https://www.edc.ca/fr/gated/campaign/strategies-building-resilience-in-uncertain-times.html,Found,Non-Indexable,
https://www.edc.ca/fr/gated/campaign/trade-accelerator-program-resources.html,Found,Non-Indexable,
https://www.edc.ca/fr/gated/financial-institutions.html,Internal Server Error,Non-Indexable,
https://www.edc.ca/fr/gated/financial-institutions/our-solutions.html,Internal Server Error,Non-Indexable,
https://www.edc.ca/fr/gated/guide.html,Internal Server Error,Non-Indexable,
https://www.edc.ca/fr/gated/guide/business-resiliency-guide.html,Found,Non-Indexable,
https://www.edc.ca/fr/gated/guide/credit-risk-management-for-exporters.html,Found,Non-Indexable,
https://www.edc.ca/fr/gated/guide/financial-forecasting-101-guide.html,Found,Non-Indexable,
https://www.edc.ca/fr/gated/guide/how-to-make-your-fx-hedging-strategy-work-smarter.html,Found,Non-Indexable,
https://www.edc.ca/fr/gated/guide/managing-business-risk-guide.html,Found,Non-Indexable,
https://www.edc.ca/fr/gated/guide/to-insure-or-not.html,Found,Non-Indexable,
https://www.edc.ca/fr/gated/solutions.html,Found,Non-Indexable,
https://www.edc.ca/fr/gated/solutions/working-capital.html,Internal Server Error,Non-Indexable,
https://www.edc.ca/fr/gated/solutions/working-capital/account-performance-security-guarantee.html,Found,Non-Indexable,
https://www.edc.ca/fr/gated/solutions/working-capital/foreign-exchange-facility-guarantee.html,Found,Non-Indexable,
https://www.edc.ca/fr/get-export-ready.html,OK,Indexable,Soyez prêt à exporter – renseignez-vous | EDC
https://www.edc.ca/fr/global-trade-reviews-best-deals-of-2016.html,OK,Indexable,EDC awarded Global Trade Review’s Best Deals of 2016 | EDC
https://www.edc.ca/fr/guide.html,Moved Permanently,Non-Indexable,
https://www.edc.ca/fr/guide/banking-tips-for-business-financing.html,OK,Indexable,Conseils bancaires pour obtenir un meilleur financement pour son entreprise | EDC
https://www.edc.ca/fr/guide/beyond-exporting-old.html,OK,Indexable,Au-delà de l’exportation: Établir ou acquérir une firme à l’étranger | EDC
https://www.edc.ca/fr/guide/beyond-exporting.html,OK,Indexable,Au-delà de l’exportation: Établir ou acquérir une firme à l’étranger | EDC
https://www.edc.ca/fr/guide/boost-working-capital-export-guarantees-old.html,OK,Indexable,Augmenter son fonds de roulement grâce aux garanties d’exportations | EDC
https://www.edc.ca/fr/guide/boost-working-capital-export-guarantees.html,OK,Indexable,Augmenter son fonds de roulement grâce aux garanties d’exportations | EDC
https://www.edc.ca/fr/guide/building-foreign-exchange-policy-old.html,OK,Indexable,Élaborer une politique de change
https://www.edc.ca/fr/guide/building-foreign-exchange-policy.html,OK,Indexable,Élaborer une politique de change | EDC
https://www.edc.ca/fr/guide/business-ethics-101.html,OK,Indexable,Éthique commerciale 101 | EDC
https://www.edc.ca/fr/guide/business-ethics-checklist.html,OK,Indexable,Liste de vérification sur l'éthique commerciale | EDC
https://www.edc.ca/fr/guide/business-resiliency-guide.html,OK,Indexable,Guide sur la résilience des entreprises | EDC
https://www.edc.ca/fr/guide/canada-advantage-exports.html,OK,Indexable,Suivi des exportations de biens du Canada | EDC
https://www.edc.ca/fr/guide/canada-cultural-exports-potential.html,OK,Indexable,Le potentiel des exportations culturelles du Canada | EDC
https://www.edc.ca/fr/guide/canada-export-opportunities-india.html,OK,Indexable,"L’Inde, terre de débouchés pour nos entreprises | EDC"
https://www.edc.ca/fr/guide/canada-ice-wine-success.html,OK,Indexable,Le vin de glace canadien : mûr pour le succès mondial | EDC
https://www.edc.ca/fr/guide/canada-organic-report.html,OK,Indexable,Le marché canadien des aliments biologiques et son influence mondiale | EDC
https://www.edc.ca/fr/guide/canada-private-sector-edc-outlook.html,OK,Indexable,Suivi des tendances dans le secteur privé canadien jusqu’en 2024 | EDC
https://www.edc.ca/fr/guide/canada-sustainable-agri-food-sector.html,OK,Indexable,"La production agricole durable, vitale pour le Canada | EDC"
https://www.edc.ca/fr/guide/canadian-affiliates-opportunities-old.html,OK,Indexable,Les sociétés affiliées canadiennes à l’étranger : incidences et possibilités
https://www.edc.ca/fr/guide/canadian-affiliates-opportunities.html,OK,Indexable,Les sociétés affiliées canadiennes à l’étranger : incidences et possibilités | EDC
https://www.edc.ca/fr/guide/canadian-cleantech-powering-progress.html,OK,Indexable,Les technologies propres : alimenter le progrès | EDC
https://www.edc.ca/fr/guide/canadian-goods-exports-recovery.html,OK,Indexable,Les exportations canadiennes de biens et la COVID-19 | EDC
https://www.edc.ca/fr/guide/canadian-services-exports-hit-hard.html,OK,Indexable,Le commerce des services durement touché par la pandémie | EDC
https://www.edc.ca/fr/guide/carbon-border-adjustment-impacts.html,OK,Indexable,Mécanisme d’ajustement carbone aux frontières de l’UE | EDC
https://www.edc.ca/fr/guide/cash-conversion-cycles-edc-report.html,OK,Indexable,Des stocks aux liquidités : comprendre le cycle de paiement
https://www.edc.ca/fr/guide/cleantech-report-2025.html,OK,Indexable,Rapport sur les technologies propres du Canada 2025 | EDC
https://www.edc.ca/fr/guide/commercial-contract-terms-old.html,OK,Indexable,Modalités des contrats commerciaux | EDC
https://www.edc.ca/fr/guide/commercial-contract-terms.html,OK,Indexable,Modalités des contrats commerciaux | EDC
https://www.edc.ca/fr/guide/commodity-tracker-old.html,OK,Indexable,Suivi des produits de base | EDC
https://www.edc.ca/fr/guide/commodity-tracker.html,OK,Indexable,Gérer la volatilité avec le Suivi des produits de base | EDC
https://www.edc.ca/fr/guide/competitive-payment-terms.html,OK,Indexable,Gagner en capacité concurrentielle avec des modalité de paiement flexibles | EDC
https://www.edc.ca/fr/guide/covid-19-aerospace-sector.html,OK,Indexable,La COVID-19 cloue au sol le secteur de l’aéronautique | EDC
https://www.edc.ca/fr/guide/covid-19-agriculture-sector.html,OK,Indexable,Le secteur canadien de l’agroalimentaire :  florissant malgré la pandémie | EDC
https://www.edc.ca/fr/guide/covid-19-auto-sector.html,OK,Indexable,La COVID-19 freine le secteur automobile | EDC
https://www.edc.ca/fr/guide/covid-19-canadian-survey-impacts.html,OK,Indexable,COVID-19 : ses effets sur les entreprises d’ici | EDC
https://www.edc.ca/fr/guide/covid-19-cleantech-sector.html,OK,Indexable,COVID-19 : des obstacles inédits pour les technologies propres | EDC
https://www.edc.ca/fr/guide/covid-19-forestry-sector.html,OK,Indexable,Le secteur forestier canadien pénalisé par la COVID-19 | EDC
https://www.edc.ca/fr/guide/covid-19-retail-sector-impact.html,OK,Indexable,La COVID-19 change les règles du commerce de détail | EDC
https://www.edc.ca/fr/guide/covid-19-sector-challenges-in-canada.html,OK,Indexable,Crise de la COVID-19 : les défis se multiplient pour plusieurs secteurs au Canada | EDC
https://www.edc.ca/fr/guide/covid-19-sector-oil-and-gas-crisis.html,OK,Indexable,COVID-19 : bouleversements dans le secteur canadien de l’énergie | EDC
https://www.edc.ca/fr/guide/covid-19-tourism-sector-crisis.html,OK,Indexable,Le secteur du tourisme fortement ébranlé par la COVID-19 | EDC
https://www.edc.ca/fr/guide/covid-literature-review.html,OK,Indexable,Les répercussions macroéconomiques de la pandémie de COVID-19 | EDC
https://www.edc.ca/fr/guide/credit-risk-management-for-exporters.html,OK,Non-Indexable,Gestion du risque de crédit pour les exportateurs | EDC
https://www.edc.ca/fr/guide/dealing-with-country-risk-old.html,OK,Indexable,Gérer le risque pays
https://www.edc.ca/fr/guide/dealing-with-country-risk.html,OK,Indexable,Gérer le risque pays | EDC
https://www.edc.ca/fr/guide/direct-investment-abroad-canada.html,OK,Indexable,Investir à l’étranger favorise la croissance | EDC
https://www.edc.ca/fr/guide/discover-new-markets-old.html,OK,Indexable,Le guide Découvrez de nouveaux marchés | EDC
https://www.edc.ca/fr/guide/discover-new-markets.html,OK,Indexable,Le guide Découvrez de nouveaux marchés | EDC
https://www.edc.ca/fr/guide/diversifying-your-market-old.html,OK,Indexable,"Diversifier son marché, une étape à la fois"
https://www.edc.ca/fr/guide/diversifying-your-market.html,Bad Gateway,Non-Indexable,
https://www.edc.ca/fr/guide/doing-business-in-brazil-old.html,OK,Indexable,Faire affaire au Brésil | EDC
https://www.edc.ca/fr/guide/doing-business-in-brazil.html,OK,Indexable,Faire affaire au Brésil | EDC
https://www.edc.ca/fr/guide/doing-business-in-southeast-asia-old.html,OK,Indexable,Faire affaire en Asie du Sud-Est | EDC
https://www.edc.ca/fr/guide/doing-business-in-southeast-asia.html,OK,Indexable,Faire affaire en Asie du Sud-Est | EDC
https://www.edc.ca/fr/guide/doing-business-with-china-old.html,OK,Indexable,Faire affaire en Chine
https://www.edc.ca/fr/guide/doing-business-with-india-old.html,OK,Indexable,Faire affaire en Inde
https://www.edc.ca/fr/guide/doing-business-with-mexico-old.html,OK,Indexable,Faire affaire au Mexique
https://www.edc.ca/fr/guide/doing-business-with-mexico.html,OK,Indexable,Faire des affaires au Mexique | EDC
https://www.edc.ca/fr/guide/doing-business-with-panama-old.html,OK,Indexable,Faire affaire au Panama
https://www.edc.ca/fr/guide/doing-business-with-panama.html,OK,Indexable,Faire affaire au Panama | EDC
https://www.edc.ca/fr/guide/edc-canada-light-manufacturing-sector.html,OK,Indexable,Coup d’œil sur l’industrie légère au Canada | EDC
https://www.edc.ca/fr/guide/edc-cleantech-report.html,OK,Indexable,Les technologies propres et l’influence de l’IA | EDC
https://www.edc.ca/fr/guide/edc-cultural-etiquette-tips-africa.html,OK,Indexable,Conseils pour faire bonne figure en Afrique | EDC
https://www.edc.ca/fr/guide/edc-cultural-etiquette-tips-australia.html,OK,Indexable,Conseils pour faire bonne figure en Australie | EDC
https://www.edc.ca/fr/guide/edc-cultural-etiquette-tips-china.html,OK,Indexable,Conseils pour faire bonne figure en Chine | EDC
https://www.edc.ca/fr/guide/edc-cultural-etiquette-tips-gcc.html,OK,Indexable,Étiquette des affaires dans le CCG | EDC
https://www.edc.ca/fr/guide/edc-cultural-etiquette-tips-germany.html,OK,Indexable,Conseils pour faire bonne figure en Allemagne | EDC
https://www.edc.ca/fr/guide/edc-cultural-etiquette-tips-india.html,OK,Indexable,Conseils pour faire bonne figure en Inde | EDC
https://www.edc.ca/fr/guide/edc-cultural-etiquette-tips-japan.html,OK,Indexable,Conseils sur la culture des affaires au Japon | EDC
https://www.edc.ca/fr/guide/edc-cultural-etiquette-tips-singapore.html,OK,Indexable,Conseils pour faire bonne figure à Singapour | EDC
https://www.edc.ca/fr/guide/edc-cultural-etiquette-tips-south-korea.html,OK,Indexable,Conseils pour faire bonne figure en Corée du Sud | EDC
https://www.edc.ca/fr/guide/edc-cultural-etiquette-tips-southeast-asia.html,OK,Indexable,Comment faire bonne figure en Asie du Sud-Est | EDC
https://www.edc.ca/fr/guide/edc-cultural-etiquette-tips-turkey.html,OK,Indexable,Conseils pour faire bonne figure en Turquie | EDC
https://www.edc.ca/fr/guide/edc-cultural-etiquette-tips-united-kingdom.html,OK,Indexable,Conseils pour faire bonne figure au Royaume-Uni | EDC
https://www.edc.ca/fr/guide/edc-cultural-etiquette-tips-united-states.html,OK,Indexable,Conseils pour faire bonne figure aux États-Unis | EDC
https://www.edc.ca/fr/guide/edc-global-trade-digital-impact-report.html,OK,Non-Indexable,"Commerce numérique : les technologies, données, et IA au service de l’économie de l’après-pandémie | EDC"
https://www.edc.ca/fr/guide/edc-markets-of-opportunity.html,OK,Indexable,Marchés prometteurs pour les exportateurs canadiens | EDC
https://www.edc.ca/fr/guide/edc-women-in-trade-guide.html,OK,Indexable,Donner aux femmes les moyens de conquérir le monde | EDC
https://www.edc.ca/fr/guide/energy-efficiency-101.html,OK,Indexable,Efficacité énergétique 101 | EDC
https://www.edc.ca/fr/guide/export-to-us-old.html,OK,Indexable,Exporter aux États-Unis
https://www.edc.ca/fr/guide/export-to-us.html,OK,Indexable,Exporter aux États-Unis | EDC
https://www.edc.ca/fr/guide/exporting-beyond-us-into-oecd-old.html,OK,Indexable,L’exportation au-delà des États-Unis: Percer les marchés de l’OCDE | EDC
https://www.edc.ca/fr/guide/exporting-beyond-us-into-oecd.html,OK,Indexable,L’exportation au-delà des États-Unis : Percer les marchés de l’OCDE | EDC
https://www.edc.ca/fr/guide/exporting-to-us-logistics-old.html,OK,Indexable,Percer le marché américain : Logistique et pratiques exemplaires
https://www.edc.ca/fr/guide/exporting-to-us-logistics.html,OK,Indexable,Percer le marché américain : Logistique et pratiques exemplaires | EDC
https://www.edc.ca/fr/guide/financial-crime-international-trade-old.html,OK,Indexable,Le crime financier dans le commerce international
https://www.edc.ca/fr/guide/financial-crime-international-trade.html,OK,Indexable,Le crime financier dans le commerce international | EDC
https://www.edc.ca/fr/guide/financial-forecasting-101-guide.html,OK,Indexable,Prévisions financières 101 | EDC
https://www.edc.ca/fr/guide/finding-keeping-international-customers-old.html,OK,Indexable,Trouver des clients étrangers et les garder
https://www.edc.ca/fr/guide/finding-keeping-international-customers.html,OK,Indexable,Trouver des clients étrangers et les garder | EDC
https://www.edc.ca/fr/guide/finding-training-managing-old.html,OK,Indexable,Recherche et évaluation d’intermédiaires étrangers
https://www.edc.ca/fr/guide/finding-training-managing.html,OK,Indexable,Recherche et évaluation d’intermédiaires étrangers | EDC
https://www.edc.ca/fr/guide/finding-treasures-whitepaper-old.html,OK,Indexable,"Votre bilan, un levier de financement"
https://www.edc.ca/fr/guide/finding-treasures-whitepaper.html,OK,Indexable,"Votre bilan, un levier de financement | EDC"
https://www.edc.ca/fr/guide/fx-hedging-infographic.html,OK,Indexable,Graphique – Gérer sa stratégie de couverture de change| EDC
https://www.edc.ca/fr/guide/global-economic-outlook.html,OK,Indexable,Perspectives économiques mondiales : chocs énergétiques | EDC
https://www.edc.ca/fr/guide/global-export-forecast-old.html,OK,Indexable,Prévisions à l’exportation  Automne 2018 | EDC
https://www.edc.ca/fr/guide/global-export-forecast.html,OK,Indexable,Prévisions à l’exportation – Printemps 2026 | EDC
https://www.edc.ca/fr/guide/global-financial-markets.html,OK,Indexable,Marchés financiers mondiaux | EDC
https://www.edc.ca/fr/guide/guide-business-resiliency.html,OK,Non-Indexable,Guide sur la résilience des entreprises | EDC
https://www.edc.ca/fr/guide/guide-financial-forecasting-101.html,OK,Non-Indexable,Prévisions financières 101 | EDC
https://www.edc.ca/fr/guide/guide-managing-business-risk.html,OK,Non-Indexable,Gérer le risque commercial au pays et à l’étranger | EDC
https://www.edc.ca/fr/guide/health-and-safety-101.html,OK,Indexable,Santé et sécurité 101 | EDC
https://www.edc.ca/fr/guide/health-and-safety-checklist.html,OK,Indexable,Liste de vérification sur la santé et la sécurité | EDC
https://www.edc.ca/fr/guide/how-to-make-your-fx-hedging-strategy-work-smarter-guide.html,OK,Non-Indexable,Gestion de la volatilité des devises et croissance | EDC
https://www.edc.ca/fr/guide/how-to-make-your-fx-hedging-strategy-work-smarter.html,OK,Indexable,Améliorer sa stratégie de couverture de change | EDC
https://www.edc.ca/fr/guide/how-to-qualify-as-a-preferred-vendor-old.html,OK,Indexable,Mode d’emploi pour devenir fournisseur privilégié
https://www.edc.ca/fr/guide/how-to-qualify-as-a-preferred-vendor.html,OK,Indexable,Mode d’emploi pour devenir fournisseur privilégié | EDC
https://www.edc.ca/fr/guide/human-rights-101.html,OK,Indexable,Droits de la personne 101 | EDC
https://www.edc.ca/fr/guide/implications-for-buy-american-policy.html,OK,Indexable,Résumé de la politique Achetez américain de Joe Biden | EDC
https://www.edc.ca/fr/guide/latin-america-business-etiquette-tips.html,OK,Indexable,Conseils pour faire bonne figure en Amérique latine | EDC
https://www.edc.ca/fr/guide/managing-business-and-export-risk-old.html,OK,Indexable,La gestion du risque : guide pour les exportateurs | EDC
https://www.edc.ca/fr/guide/managing-business-and-export-risk.html,Moved Permanently,Non-Indexable,
https://www.edc.ca/fr/guide/managing-business-risk-guide.html,OK,Indexable,Gérer le risque commercial au pays et à l’étranger | EDC
https://www.edc.ca/fr/guide/managing-political-risk-old.html,OK,Indexable,Gestion du risque politique | EDC
https://www.edc.ca/fr/guide/market-diversification.html,OK,Indexable,Diversifier ses marchés d’exportation: Une stratégie clé | EDC
https://www.edc.ca/fr/guide/market-intelligence-europe-eu-uk.html,OK,Indexable,Marché européen 2026 pour les entreprises canadiennes | EDC
https://www.edc.ca/fr/guide/market-intelligence-indo-pacific.html,OK,Indexable,Renseignements sur les marchés de l’Asie-Pacifique | EDC
https://www.edc.ca/fr/guide/market-intelligence-united-states.html,OK,Indexable,Renseignements sur le marché américain | EDC
https://www.edc.ca/fr/guide/medical-cannabis-edc-report.html,OK,Indexable,Optimisme pour le marché du cannabis thérapeutique | EDC
https://www.edc.ca/fr/guide/opportunities-for-canadian-agri-food.html,OK,Non-Indexable,Agroalimentaire : gérer le risque à l’exportation en 2026 | EDC
https://www.edc.ca/fr/guide/path-to-net-zero-canada-companies.html,OK,Indexable,Parcours vers la carboneutralité | EDC
https://www.edc.ca/fr/guide/rcep-trade-deal-implications.html,OK,Indexable,Des nations d’Asie-Pacifique accord commercial | EDC
https://www.edc.ca/fr/guide/responsible-business-conduct-in-brazil.html,OK,Indexable,Conduite durable et responsable des affaires au Brésil | EDC
https://www.edc.ca/fr/guide/risk-and-cash-flow-mgmt-old.html,OK,Indexable,Gestion des risques et des flux de trésorerie
https://www.edc.ca/fr/guide/risk-and-cash-flow-mgmt.html,OK,Indexable,Gestion des risques et des flux de trésorerie | EDC
https://www.edc.ca/fr/guide/seafood-export-diversification.html,OK,Indexable,Produits de la mer : diversifier nos exportations | EDC
https://www.edc.ca/fr/guide/sectors-in-focus-report.html,OK,Indexable,Rapport Secteurs en vedette | EDC
https://www.edc.ca/fr/guide/service-export-sector-opportunities.html,OK,Indexable,Le potentiel de croissance inexploité du secteur canadien des exportations de services commerciaux | EDC
https://www.edc.ca/fr/guide/sustainability-management-101.html,OK,Indexable,Gestion de la durabilité 101 | EDC
https://www.edc.ca/fr/guide/sustainability-management-checklist.html,OK,Indexable,Liste de vérification sur la gestion de la durabilité | EDC
https://www.edc.ca/fr/guide/to-insure-or-not-old.html,OK,Indexable,S’assurer ou pas?
https://www.edc.ca/fr/guide/to-insure-or-not-to-insure.html,OK,Non-Indexable,Assurer ses ventes : calcul coûts-avantages | EDC
https://www.edc.ca/fr/guide/to-insure-or-not.html,OK,Indexable,S’assurer ou pas? | EDC
https://www.edc.ca/fr/guide/tracking-canadian-innovation.html,OK,Indexable,Innovation et entrepreneuriat : portrait du Canada | EDC
https://www.edc.ca/fr/guide/trade-show-investment-old.html,OK,Indexable,Tirer le maximum de vos investissements dans les salons professionnels
https://www.edc.ca/fr/guide/trade-show-investment.html,OK,Indexable,Tirer le maximum de vos investissements dans les salons professionnels | EDC
https://www.edc.ca/fr/guide/understanding-canada-goods-exporters.html,OK,Indexable,Comprendre les exportateurs de biens canadiens | EDC
https://www.edc.ca/fr/guide/understanding-incoterms.html,OK,Indexable,L’ABC des Incoterms : évitez les risques à l’expédition | EDC
https://www.edc.ca/fr/guide/unique-selling-proposition-old.html,OK,Indexable,Élaborer votre argument publicitaire unique pour le marché international | EDC
https://www.edc.ca/fr/guide/unique-selling-proposition.html,OK,Indexable,Élaborer votre argument publicitaire unique pour le marché international | EDC
https://www.edc.ca/fr/guide/us-canada-infrastructure-opportunities.html,OK,Indexable,Débouchés en infrastructure aux États-Unis | EDC
https://www.edc.ca/fr/guide/us-exports-with-ach-ace.html,OK,Indexable,Systèmes ACH et ACE pour le commerce et les paiements | EDC
https://www.edc.ca/fr/guide/waste-management-and-pollution-101.html,OK,Indexable,Gestion des déchets et pollution 101 | EDC
https://www.edc.ca/fr/guide/webinar.html,OK,Indexable,Webinar
https://www.edc.ca/fr/help-me-choose.html,OK,Non-Indexable,Recommandation Assurance crédit | EDC
https://www.edc.ca/fr/help-me-choose/hmc-pci-mmc.html,OK,Non-Indexable,Recommandations pour les exportateurs actifs | EDC
https://www.edc.ca/fr/help-me-choose/hmc-pci-sme.html,OK,Non-Indexable,Assurance crédit pour de petites et moyennes entreprises | EDC
https://www.edc.ca/fr/help-me-choose/hmc-resources-mmc.html,OK,Non-Indexable,Recommandation pour entreprise canadienne de taille moyenne | EDC
https://www.edc.ca/fr/help-me-choose/hmc-resources-sme.html,OK,Non-Indexable,Recommendation for domestic business | EDC
https://www.edc.ca/fr/help-me-choose/hmc-sci-mmc.html,OK,Non-Indexable,Recommandations en matière d’assurance pour les exportateurs occasionnels | EDC
https://www.edc.ca/fr/help-me-choose/hmc-sci-sme.html,OK,Non-Indexable,Assurance recommandée pour exportateurs occasionnels | EDC
https://www.edc.ca/fr/holding.html,OK,Indexable,holding
https://www.edc.ca/fr/homepage.html,OK,Non-Indexable,Exportation et développement Canada (EDC)
https://www.edc.ca/fr/important-notices.html,OK,Non-Indexable,Avis importants - EDC (EDC)
https://www.edc.ca/fr/incoterms-2020-export-rules.html,OK,Indexable,Incoterms 2020: Understanding the Group C rules | EDC
https://www.edc.ca/fr/information-and-advice.html,Found,Non-Indexable,
https://www.edc.ca/fr/information-and-advice/0-2mill-2-10mill.html,OK,Non-Indexable,Renseignements et conseils commerciaux aux PME | EDC
https://www.edc.ca/fr/information-and-advice/over-10mil.html,OK,Non-Indexable,Renseignements et conseils commerciaux aux sociétés | EDC
https://www.edc.ca/fr/insurance-brokers.html,OK,Indexable,Pour les courtiers d'assurance | EDC
https://www.edc.ca/fr/legal-privacy.html,OK,Indexable,Mentions légales | EDC
https://www.edc.ca/fr/legal-privacy/covid-19-disclaimer.html,OK,Indexable,Avis : Ressources aux entreprises en réponse à la COVID-19 | EDC
https://www.edc.ca/fr/legal-privacy/myedc-user-account-agreement.html,OK,Indexable,Convention d’utilisation du compte MonEDC | EDC
https://www.edc.ca/fr/legal-privacy/privacy-notice-job-applicants.html,OK,Non-Indexable,Énoncé de confidentialité Demandeurs d’emploi | EDC
https://www.edc.ca/fr/legal-privacy/website-terms-of-use.html,OK,Indexable,Modalités d’utilisation du site Web | EDC
https://www.edc.ca/fr/navigate-global-trade.html,OK,Indexable,Aborder le commerce mondial en toute confiance | EDC
https://www.edc.ca/fr/official-contest-rules.html,OK,Non-Indexable,Règlement du concours « Gagnez un bon de transport pour étendre vos activités à l’échelle mondiale » | EDC
https://www.edc.ca/fr/official-sial-contest-rules.html,OK,Non-Indexable,Règlement du concours « Gagnez un bon de transport à l’occasion du SIAL 2024 » | EDC
https://www.edc.ca/fr/pci-signup.html,Found,Non-Indexable,
https://www.edc.ca/fr/portfolio-credit-insurance-faq.html,Found,Non-Indexable,
https://www.edc.ca/fr/premium.html,Moved Permanently,Non-Indexable,
https://www.edc.ca/fr/premium/campaign.html,Blocked by robots.txt,Non-Indexable,
https://www.edc.ca/fr/premium/campaign/coronavirus-covid-19.html,Blocked by robots.txt,Non-Indexable,
https://www.edc.ca/fr/premium/campaign/credit-insurance.html,Blocked by robots.txt,Non-Indexable,
https://www.edc.ca/fr/premium/ebook.html,Found,Non-Indexable,
https://www.edc.ca/fr/premium/ebook/build-your-international-network.html,Found,Non-Indexable,
https://www.edc.ca/fr/premium/ebook/build-your-international-network/context.html,OK,Non-Indexable,Les réseaux internationaux en contexte - EDC
https://www.edc.ca/fr/premium/ebook/build-your-international-network/develop-business-network.html,OK,Non-Indexable,Développer un réseau solide - EDC
https://www.edc.ca/fr/premium/ebook/build-your-international-network/resources-canadian-exporters.html,OK,Non-Indexable,Ressources pour les exporteurs canadiens - EDC
https://www.edc.ca/fr/premium/ebook/doing-business-in-the-european-union.html,Found,Non-Indexable,
https://www.edc.ca/fr/premium/ebook/doing-business-in-the-european-union/canada-and-ceta.html,OK,Non-Indexable,Le Canada l’Union européenne et l'AECG - EDC
https://www.edc.ca/fr/premium/ebook/doing-business-in-the-european-union/following-trade-rules.html,OK,Non-Indexable,Respect des règlements - EDC
https://www.edc.ca/fr/premium/ebook/doing-business-in-the-european-union/help-and-information.html,OK,Non-Indexable,Aide et renseignements - EDC
https://www.edc.ca/fr/premium/ebook/doing-business-in-the-european-union/key-opportunity-sectors.html,OK,Non-Indexable,Secteurs prometteurs de l’Union européenne - EDC
https://www.edc.ca/fr/premium/ebook/doing-business-in-the-european-union/market-entry-strategies.html,OK,Non-Indexable,Strategies d’accès aux marchés européens - EDC
https://www.edc.ca/fr/premium/ebook/doing-business-in-the-united-states.html,Found,Non-Indexable,
https://www.edc.ca/fr/premium/ebook/doing-business-in-the-united-states/help-and-information.html,OK,Non-Indexable,Aide et renseignements - EDC
https://www.edc.ca/fr/premium/ebook/doing-business-in-the-united-states/logistics.html,OK,Non-Indexable,Logistique - EDC
https://www.edc.ca/fr/premium/ebook/doing-business-in-the-united-states/market-access.html,OK,Non-Indexable,Le marché des États-Unis - EDC
https://www.edc.ca/fr/premium/ebook/doing-business-in-the-united-states/planning-market-entry.html,OK,Non-Indexable,Entrer sur le marché - EDC
https://www.edc.ca/fr/premium/ebook/doing-business-in-the-united-states/regional-markets.html,OK,Non-Indexable,Marchés regionaux des États-Unis - EDC
https://www.edc.ca/fr/premium/ebook/doing-business-in-the-united-states/trade-compliance.html,OK,Non-Indexable,Conformité commerciale - EDC
https://www.edc.ca/fr/premium/ebook/getting-most-from-free-trade-agreements.html,Found,Non-Indexable,
https://www.edc.ca/fr/premium/ebook/getting-most-from-free-trade-agreements/canada-trade-deals.html,OK,Non-Indexable,Les ALE du Canada - EDC
https://www.edc.ca/fr/premium/ebook/getting-most-from-free-trade-agreements/foreign-investment-agreements-fipa.html,OK,Non-Indexable,Accord sur la promotion et la protection des investissements étrangers - EDC
https://www.edc.ca/fr/premium/ebook/getting-most-from-free-trade-agreements/free-trade-agreements.html,OK,Non-Indexable,Accords de libre-échange - EDC
https://www.edc.ca/fr/premium/ebook/grow-exports-with-credit-insurance.html,Not Found,Non-Indexable,
https://www.edc.ca/fr/premium/ebook/grow-exports-with-credit-insurance/grow-exports-with-credit-insurance.html,Moved Permanently,Non-Indexable,
https://www.edc.ca/fr/premium/ebook/increase-your-innovation.html,Found,Non-Indexable,
https://www.edc.ca/fr/premium/ebook/increase-your-innovation/barriers-to-innovation.html,OK,Non-Indexable,Les barrières à l'innovation - EDC
https://www.edc.ca/fr/premium/ebook/increase-your-innovation/boosting-innovation-in-your-company.html,OK,Non-Indexable,L'innovation de votre entreprise - EDC
https://www.edc.ca/fr/premium/ebook/increase-your-innovation/finding-innovation.html,OK,Non-Indexable,À la recherche de l'innovation - EDC
https://www.edc.ca/fr/premium/ebook/increase-your-innovation/funding-innovation.html,OK,Non-Indexable,Financer l'innovation - EDC
https://www.edc.ca/fr/premium/ebook/increase-your-innovation/innovating-your-way-to-an-edge-in-the-global-economy.html,OK,Non-Indexable,Obtenir un avantage dans l'économie mondiale - EDC
https://www.edc.ca/fr/premium/ebook/increase-your-innovation/innovation-at-work.html,OK,Non-Indexable,L'innovation à l'oeuvre - EDC
https://www.edc.ca/fr/premium/ebook/increase-your-innovation/the-commercialization-conundrum.html,OK,Non-Indexable,L'énigme de la commercialisation - EDC
https://www.edc.ca/fr/premium/ebook/increase-your-international-market-knowledge.html,Found,Non-Indexable,
https://www.edc.ca/fr/premium/ebook/increase-your-international-market-knowledge/choosing-your-strategy.html,OK,Non-Indexable,Choisir une stratégie d’accès aux marchés - EDC
https://www.edc.ca/fr/premium/ebook/increase-your-international-market-knowledge/identifying-screening.html,OK,Non-Indexable,Repérer et filtrer les marchés potentiels - EDC
https://www.edc.ca/fr/premium/ebook/increase-your-international-market-knowledge/tailoring-your-strategy.html,OK,Non-Indexable,Affiner la stratégie de marketing - EDC
https://www.edc.ca/fr/premium/ebook/increase-your-international-market-knowledge/targeting-your-niche.html,OK,Non-Indexable,Cibler votre créneau - EDC
https://www.edc.ca/fr/premium/ebook/increase-your-international-market-knowledge/understanding-key.html,OK,Non-Indexable,Pourquoi la connaissance du marché est importante - EDC
https://www.edc.ca/fr/premium/ebook/joining-electronic-marketplace.html,Not Found,Non-Indexable,
https://www.edc.ca/fr/premium/ebook/joining-electronic-marketplace/basics-ecommerce-success.html,OK,Non-Indexable,Les secrets du succès en commerce électronique - EDC
https://www.edc.ca/fr/premium/ebook/joining-electronic-marketplace/benefits.html,OK,Non-Indexable,Les avantages du commerce electronique - EDC
https://www.edc.ca/fr/premium/ebook/joining-electronic-marketplace/beyond-storefront-template.html,OK,Non-Indexable,L’évolution vers une solution sur mesure - EDC
https://www.edc.ca/fr/premium/ebook/joining-electronic-marketplace/building-success.html,OK,Non-Indexable,Tirer parti du succès en commerce électronique - EDC
https://www.edc.ca/fr/premium/ebook/joining-electronic-marketplace/challenges.html,OK,Non-Indexable,Les défis du commerce électronique international - EDC
https://www.edc.ca/fr/premium/ebook/joining-electronic-marketplace/promise.html,OK,Non-Indexable,Commerce électronique international - EDC
https://www.edc.ca/fr/premium/ebook/joining-electronic-marketplace/understanding-international-customers.html,OK,Non-Indexable,Des plateformes de commerce électronique - EDC
https://www.edc.ca/fr/premium/ebook/managing-business-and-export-risk.html,Found,Non-Indexable,
https://www.edc.ca/fr/premium/ebook/managing-business-and-export-risk/5-stay-secure-cyber-risk.html,OK,Non-Indexable,Veiller à sa sécurité - le cyberrisque - EDC
https://www.edc.ca/fr/premium/ebook/managing-business-and-export-risk/assess.html,OK,Non-Indexable,Êtes-vous à risque - EDC
https://www.edc.ca/fr/premium/ebook/managing-business-and-export-risk/country.html,OK,Non-Indexable,Connaître son marché - le risque pays - EDC
https://www.edc.ca/fr/premium/ebook/managing-business-and-export-risk/export-plan.html,OK,Non-Indexable,Risque à l'exportation - EDC
https://www.edc.ca/fr/premium/ebook/managing-business-and-export-risk/financial.html,OK,Non-Indexable,Bien gérer l'argent - le risque financier - EDC
https://www.edc.ca/fr/premium/ebook/managing-business-and-export-risk/political.html,OK,Non-Indexable,Prévoir le coup - le risque politique - EDC
https://www.edc.ca/fr/premium/ebook/managing-business-and-export-risk/supply-chain.html,OK,Non-Indexable,Risques liés à la chaîne d'approvisionnement - EDC
https://www.edc.ca/fr/premium/ebook/protecting-your-intellectual-property.html,Found,Non-Indexable,
https://www.edc.ca/fr/premium/ebook/protecting-your-intellectual-property/profiting-from-assets.html,OK,Non-Indexable,Profiter de ses actifs de propriété intellectuelle | EDC
https://www.edc.ca/fr/premium/ebook/protecting-your-intellectual-property/what-is-intellectual-property.html,OK,Non-Indexable,Protéger sa propriété intellectuelle | EDC
https://www.edc.ca/fr/premium/ebook/protecting-your-intellectual-property/your-export-plan.html,OK,Non-Indexable,Protéger sa propriété intellectuelle à l’étranger | EDC
https://www.edc.ca/fr/premium/ebook/strengthen-your-skilled-talent.html,Found,Non-Indexable,
https://www.edc.ca/fr/premium/ebook/strengthen-your-skilled-talent/canada-innovative-agile-workforce.html,OK,Non-Indexable,Le Canada a besoin d'une main-d'œuvre innovante - EDC
https://www.edc.ca/fr/premium/ebook/strengthen-your-skilled-talent/finding-skilled-executives.html,OK,Non-Indexable,Recruter des hauts dirigeants - EDC
https://www.edc.ca/fr/premium/ebook/strengthen-your-skilled-talent/skilled-talent-global-competitive-advantage.html,OK,Non-Indexable,Talent qualifié et votre avantage concurrentiel mondial - EDC
https://www.edc.ca/fr/premium/ebook/strengthen-your-skilled-talent/specialized-tech-talent.html,OK,Non-Indexable,La recherche de talents techniques spécialisés - EDC
https://www.edc.ca/fr/premium/ebook/strengthen-your-skilled-talent/talent-management-global-digital-economy.html,OK,Non-Indexable,Gerér le talent dans l'économie numérique mondiale - EDC
https://www.edc.ca/fr/premium/ebook/why-some-companies-buy-credit-insurance-and-some-dont.html,Found,Non-Indexable,
https://www.edc.ca/fr/premium/guide.html,Found,Non-Indexable,
https://www.edc.ca/fr/premium/guide/canada-agriculture-report.html,OK,Non-Indexable,Le secteur agricole canadien : des perspectives florissantes - EDC
https://www.edc.ca/fr/premium/guide/edc-black-exporter-guide.html,OK,Non-Indexable,Guide pour les exportateurs noirs | EDC
https://www.edc.ca/fr/premium/guide/energy-efficiency-checklist.html,OK,Non-Indexable,Liste de vérification de l'efficacité énergétique | EDC
https://www.edc.ca/fr/premium/guide/free-trade-agreements.html,OK,Non-Indexable,Profiter des accords de libre-échange du Canada - EDC
https://www.edc.ca/fr/premium/guide/human-rights-checklist.html,OK,Non-Indexable,Liste de vérification sur les droits de la personne | EDC
https://www.edc.ca/fr/premium/guide/international-trade-expert.html,OK,Non-Indexable,international-trade-expert
https://www.edc.ca/fr/premium/guide/to-insure-or-not.html,OK,Non-Indexable,Assurer ses ventes : calcul coûts-avantages | EDC
https://www.edc.ca/fr/premium/guide/waste-management-and-pollution-checklist.html,OK,Non-Indexable,Liste sur la gestion des déchets et la pollution | EDC
https://www.edc.ca/fr/premium/success-stories.html,Blocked by robots.txt,Non-Indexable,
https://www.edc.ca/fr/premium/success-stories/real-by-fake.html,Blocked by robots.txt,Non-Indexable,
https://www.edc.ca/fr/premium/tool.html,Blocked by robots.txt,Non-Indexable,
https://www.edc.ca/fr/premium/tool/build-your-strategy.html,Blocked by robots.txt,Non-Indexable,
https://www.edc.ca/fr/premium/tool/company-insight.html,Blocked by robots.txt,Non-Indexable,
https://www.edc.ca/fr/premium/tool/company-insight/company-profile.html,Blocked by robots.txt,Non-Indexable,
https://www.edc.ca/fr/premium/tool/company-insight/company.html,Blocked by robots.txt,Non-Indexable,
https://www.edc.ca/fr/premium/tool/company-insight/form.html,Blocked by robots.txt,Non-Indexable,
https://www.edc.ca/fr/premium/tool/company-insight/guide.html,Blocked by robots.txt,Non-Indexable,
https://www.edc.ca/fr/premium/tool/company-insight/guide/company.html,Blocked by robots.txt,Non-Indexable,
https://www.edc.ca/fr/premium/tool/company-insight/guide/resources.html,Blocked by robots.txt,Non-Indexable,
https://www.edc.ca/fr/premium/tool/company-insight/search-results.html,Blocked by robots.txt,Non-Indexable,
https://www.edc.ca/fr/premium/tool/country-risk-quarterly.html,Blocked by robots.txt,Non-Indexable,
https://www.edc.ca/fr/premium/tool/edc-learn.html,Blocked by robots.txt,Non-Indexable,
https://www.edc.ca/fr/premium/tool/edc-learn/adapting-products-and-services.html,Blocked by robots.txt,Non-Indexable,
https://www.edc.ca/fr/premium/tool/edc-learn/analyzing-and-mitigating-commercial-risk.html,Blocked by robots.txt,Non-Indexable,
https://www.edc.ca/fr/premium/tool/edc-learn/analyzing-and-mitigating-currency-foreign-exchange-risk.html,Blocked by robots.txt,Non-Indexable,
https://www.edc.ca/fr/premium/tool/edc-learn/cash-flow-management.html,Blocked by robots.txt,Non-Indexable,
https://www.edc.ca/fr/premium/tool/edc-learn/conducting-cost-and-pricing-analysis.html,Blocked by robots.txt,Non-Indexable,
https://www.edc.ca/fr/premium/tool/edc-learn/crossing-borders-and-managing-customs.html,Blocked by robots.txt,Non-Indexable,
https://www.edc.ca/fr/premium/tool/edc-learn/documents-and-the-international-trade-transaction.html,Blocked by robots.txt,Non-Indexable,
https://www.edc.ca/fr/premium/tool/edc-learn/establishing-sales-channels-to-international-markets.html,Blocked by robots.txt,Non-Indexable,
https://www.edc.ca/fr/premium/tool/edc-learn/intellectual-property-protection.html,Blocked by robots.txt,Non-Indexable,
https://www.edc.ca/fr/premium/tool/edc-learn/international-contracts-and-partnership-agreements.html,Blocked by robots.txt,Non-Indexable,
https://www.edc.ca/fr/premium/tool/edc-learn/marketing-with-digital-technology.html,Blocked by robots.txt,Non-Indexable,
https://www.edc.ca/fr/premium/tool/edc-learn/selecting-a-market-entry-strategy.html,Blocked by robots.txt,Non-Indexable,
https://www.edc.ca/fr/premium/tool/export-help-team.html,Blocked by robots.txt,Non-Indexable,
https://www.edc.ca/fr/premium/tool/inlist.html,Blocked by robots.txt,Non-Indexable,
https://www.edc.ca/fr/premium/tool/inlist/provider.html,Blocked by robots.txt,Non-Indexable,
https://www.edc.ca/fr/privacy-notice.html,OK,Indexable,Énoncé de confidentialité | EDC
https://www.edc.ca/fr/privacy-notice/all-countries-except-canada.html,OK,Indexable,Énoncé de confidentialité – Tous les pays sauf le Canada | EDC
https://www.edc.ca/fr/pro.html,OK,Non-Indexable,Page Premium alternative | EDC
https://www.edc.ca/fr/pro/tool.html,Blocked by robots.txt,Non-Indexable,
https://www.edc.ca/fr/pro/tool/company-insight.html,Blocked by robots.txt,Non-Indexable,
https://www.edc.ca/fr/pro/tool/connections.html,Blocked by robots.txt,Non-Indexable,
https://www.edc.ca/fr/pro/tool/export-help-hub.html,Blocked by robots.txt,Non-Indexable,
https://www.edc.ca/fr/pro/tool/inlist.html,Blocked by robots.txt,Non-Indexable,
https://www.edc.ca/fr/protect-my-sales.html,Found,Non-Indexable,
https://www.edc.ca/fr/protect-my-sales/2-10mil.html,OK,Non-Indexable,Protection des ventes –petites et moyennes entreprises | EDC
https://www.edc.ca/fr/protect-my-sales/not-exporting.html,OK,Non-Indexable,Ressources de protection des ventes pour petites entreprises | EDC
https://www.edc.ca/fr/protect-my-sales/over-10mil.html,OK,Non-Indexable,Protection des ventes pour les exportateurs canadiens | EDC
https://www.edc.ca/fr/protect-your-profits-with-edc-credit-insurance.html,OK,Non-Indexable,Protégez vos profits avec l’assurance crédit d’EDC | EDC
https://www.edc.ca/fr/research-panel-copy.html,OK,Indexable,Devenez membre de notre panel de recherche | EDC
https://www.edc.ca/fr/sci-signup.html,Found,Non-Indexable,
https://www.edc.ca/fr/search-results.html,OK,Indexable,Résultats de recherche | EDC
https://www.edc.ca/fr/sitemap.html,OK,Indexable,Plan du site | EDC
https://www.edc.ca/fr/solutions-finder.html,OK,Non-Indexable,Guide de solutions | EDC
https://www.edc.ca/fr/solutions.html,OK,Indexable,Ce que nous faisons | EDC
https://www.edc.ca/fr/solutions/financing.html,OK,Indexable,Prêts pour les exportateurs et les acheteurs | EDC
https://www.edc.ca/fr/solutions/financing/buyer-financing.html,OK,Indexable,Financement acheteur | EDC
https://www.edc.ca/fr/solutions/financing/direct-lending.html,OK,Indexable,Prêts directs | EDC
https://www.edc.ca/fr/solutions/financing/inclusive-trade-investments-program-card.html,Found,Non-Indexable,
https://www.edc.ca/fr/solutions/financing/inclusive-trade-investments-program.html,OK,Indexable,Programme d’investissement pour le commerce inclusif | EDC
https://www.edc.ca/fr/solutions/financing/investment-matching-program.html,OK,Indexable,Programme d’investissement de contrepartie d'EDC | EDC
https://www.edc.ca/fr/solutions/financing/investments.html,OK,Indexable,Investissements | EDC
https://www.edc.ca/fr/solutions/financing/purchase-order-financing.html,Found,Non-Indexable,
https://www.edc.ca/fr/solutions/financing/structured-project-finance.html,OK,Indexable,Financement structuré et de projets | EDC
https://www.edc.ca/fr/solutions/insurance.html,Found,Non-Indexable,
https://www.edc.ca/fr/solutions/insurance/assurance-credit-d-edc---selective.html,Moved Permanently,Non-Indexable,
https://www.edc.ca/fr/solutions/insurance/assurance-credit-de-portefeuille.html,Moved Permanently,Non-Indexable,
https://www.edc.ca/fr/solutions/insurance/credit-insurance.html,OK,Indexable,Assurance crédit commercial | EDC
https://www.edc.ca/fr/solutions/insurance/credit-insurance/portfolio-credit-insurance.html,OK,Indexable,Assurance crédit de portefeuille | EDC
https://www.edc.ca/fr/solutions/insurance/credit-insurance/select-credit-insurance.html,OK,Indexable,Assurance crédit sélective | EDC
https://www.edc.ca/fr/solutions/knowledge-and-advisory.html,OK,Non-Indexable,Produits du savoir et services consultatifs | EDC
https://www.edc.ca/fr/solutions/knowledge-and-advisory/connect-to-global-opportunities.html,OK,Non-Indexable,Trouvez des débouchés à l’étranger | EDC
https://www.edc.ca/fr/solutions/knowledge-and-advisory/coralus.html,Found,Non-Indexable,
https://www.edc.ca/fr/solutions/knowledge-and-advisory/find-qualified-service-providers.html,OK,Non-Indexable,Trouver des Transitaires Qualifiés | EDC
https://www.edc.ca/fr/solutions/knowledge-and-advisory/get-export-help-and-trade-advice.html,OK,Non-Indexable,Aide à L’Exportation et Conseils sur le Commerce | EDC
https://www.edc.ca/fr/solutions/knowledge-and-advisory/learn-with-edc-x-fitt-lite-learning-series.html,OK,Non-Indexable,Apprentissage d’EDC x FITT | EDC
https://www.edc.ca/fr/solutions/knowledge-and-advisory/myedc.html,OK,Non-Indexable,MonEDC | EDC
https://www.edc.ca/fr/solutions/knowledge-and-advisory/search-international-companies.html,OK,Non-Indexable,Vérification D’Entreprises Internationales | EDC
https://www.edc.ca/fr/solutions/working-capital-guarantees.html,OK,Indexable,Garanties de fonds de roulement | EDC
https://www.edc.ca/fr/solutions/working-capital-guarantees/account-performance-security-guarantee.html,OK,Indexable,Marge pour garanties de cautionnements bancaires | EDC
https://www.edc.ca/fr/solutions/working-capital-guarantees/export-guarantee-program.html,OK,Indexable,Programme de garanties d’exportations | EDC
https://www.edc.ca/fr/solutions/working-capital-guarantees/foreign-exchange-facility-guarantee.html,OK,Indexable,Garantie de facilité de change | EDC
https://www.edc.ca/fr/solutions/working-capital-guarantees/trade-expansion-lending-program.html,OK,Indexable,Stimulez votre croissance internationale | EDC
https://www.edc.ca/fr/solutions/working-capital.html,OK,Indexable,Augmenter le fonds de roulement
https://www.edc.ca/fr/solutions/working-capital/bcap-guarantee.html,OK,Non-Indexable,Garantie – Programme de crédit aux entreprises (PCE) d’EDC | EDC
https://www.edc.ca/fr/solutions/working-capital/foreign-exchange-facility-guarantee-guide.html,OK,Non-Indexable,Risque de change : avez-vous la bonne protection? | EDC
https://www.edc.ca/fr/solutions/working-capital/guide-account-performance-security-guarantee.html,OK,Non-Indexable,Solutions de fonds de roulement pour l’exportation  | EDC
https://www.edc.ca/fr/solutions/working-capital/surety-bond-insurance.html,OK,Indexable,Assurance cautionnement | EDC
https://www.edc.ca/fr/solutions/working-capital/trade-recovery-guarantee.html,OK,Non-Indexable,Garantie de relance du commerce | EDC
https://www.edc.ca/fr/solutions/working-capital/working-capital-guarantees.html,Found,Non-Indexable,
https://www.edc.ca/fr/solutions/working-capital/working-capital-guarantees/account-performance-security-guarantee.html,Found,Non-Indexable,
https://www.edc.ca/fr/solutions/working-capital/working-capital-guarantees/export-guarantee-program.html,Found,Non-Indexable,
https://www.edc.ca/fr/solutions/working-capital/working-capital-guarantees/foreign-exchange-facility-guarantee.html,Found,Non-Indexable,
https://www.edc.ca/fr/solutions/working-capital/working-capital-guarantees/trade-expansion-lending-program.html,Found,Non-Indexable,
https://www.edc.ca/fr/subscribe.html,OK,Indexable,S’abonner | EDC
https://www.edc.ca/fr/success-stories.html,OK,Indexable,Exemples de réussites | EDC
https://www.edc.ca/fr/success-stories/acadian-seaplants.html,OK,Indexable,Les Algues Acadiennes Limitée | EDC
https://www.edc.ca/fr/success-stories/ackroo.html,OK,Indexable,Ackroo | EDC
https://www.edc.ca/fr/success-stories/aka-cleantech-apsg.html,OK,Indexable,AKA: Le récit de sa réussite| EDC
https://www.edc.ca/fr/success-stories/aquatic-life.html,OK,Indexable,Aquatic Life | EDC
https://www.edc.ca/fr/success-stories/aspin-kemp-and-associates.html,OK,Indexable,Aspin Kemp & Associates | EDC
https://www.edc.ca/fr/success-stories/avenex-coating-technologies-inc.html,OK,Indexable,AvenEx Coating Technologies Inc. | EDC
https://www.edc.ca/fr/success-stories/averna-solutions.html,OK,Indexable,Averna | EDC
https://www.edc.ca/fr/success-stories/baanto.html,OK,Indexable,Baanto | EDC
https://www.edc.ca/fr/success-stories/bcap-helps-real-earth-bounty.html,OK,Indexable,COVID-19 : se maintenir à flot avec RBC et EDC | EDC
https://www.edc.ca/fr/success-stories/canadian-coffee-exporter-scales-sustainably.html,OK,Indexable,Exportateur canadien de café se développe de façon durable | EDC
https://www.edc.ca/fr/success-stories/ciele-athletics.html,OK,Indexable,"Ciele Athletics : performance, protection et style épuré | EDC"
https://www.edc.ca/fr/success-stories/clarius-success-story.html,OK,Indexable,Clarius et la recherche de débouchés à l’international | EDC
https://www.edc.ca/fr/success-stories/compass-food-sales-global-trade.html,OK,Indexable,Compass Food Sales et le commerce international | EDC
https://www.edc.ca/fr/success-stories/coulson-aviation-indo-pacific-expansion.html,OK,Indexable,Coulson Aviation prend de l’expansion en Asie-Pacifique | EDC
https://www.edc.ca/fr/success-stories/creos.html,OK,Indexable,Creos | EDC
https://www.edc.ca/fr/success-stories/cubehx.html,OK,Indexable,CubeHX | EDC
https://www.edc.ca/fr/success-stories/deebees-organics.html,OK,Indexable,DeeBee’s Organics Inc. | EDC
https://www.edc.ca/fr/success-stories/dialogue.html,OK,Indexable,Dialogue : des soins de santé en direct de votre téléphone intelligent | EDC
https://www.edc.ca/fr/success-stories/effenco-cleantech.html,Found,Non-Indexable,
https://www.edc.ca/fr/success-stories/effenco-fxg.html,OK,Non-Indexable,Effenco: Solution de change pour un client poids lourd | EDC
https://www.edc.ca/fr/success-stories/energold-drilling.html,OK,Indexable,Energold Drilling Corp. | EDC
https://www.edc.ca/fr/success-stories/escape-manor.html,OK,Indexable,Escape Manor | EDC
https://www.edc.ca/fr/success-stories/expanding-to-mexico-storkcraft-global-diversification-strategy.html,OK,Indexable,Cap sur le Mexique : diversification de Storkcraft | EDC
https://www.edc.ca/fr/success-stories/exporting-sustainable-mining-technology-worldwide.html,OK,Indexable,Exporter des technologies minières durables dans le monde | EDC
https://www.edc.ca/fr/success-stories/fiix.html,OK,Indexable,Fiix | EDC
https://www.edc.ca/fr/success-stories/food-trucks-international.html,OK,Indexable,Food Trucks International | EDC
https://www.edc.ca/fr/success-stories/g2v-cleantech.html,OK,Indexable,G2V Optics : Un soleil pour des secteurs essentiels | EDC
https://www.edc.ca/fr/success-stories/genecis-bioindustries-takes-circular-economy-to-the-next-level.html,OK,Indexable,L’exemple de réussite de Genecis Bioindustries | EDC
https://www.edc.ca/fr/success-stories/gidney-fisheries.html,OK,Indexable,Gidney Fisheries Limited | EDC
https://www.edc.ca/fr/success-stories/gobolt-scaling-sustainable-logistics-across-borders.html,OK,Indexable,GoBolt : Étendre la logistique durable au-delà des frontières | EDC
https://www.edc.ca/fr/success-stories/grace-and-stella.html,OK,Indexable,Grace and Stella Co. | EDC
https://www.edc.ca/fr/success-stories/green-power-labs-inc.html,OK,Indexable,Green Power Labs Inc. | EDC
https://www.edc.ca/fr/success-stories/h2tek-meeting-giants.html,OK,Indexable,H2 Tek : dans la cour des grands | EDC
https://www.edc.ca/fr/success-stories/handling-specialty.html,OK,Indexable,Handling Specialty | EDC
https://www.edc.ca/fr/success-stories/imax.html,OK,Indexable,IMAX: les conteurs cinématographiques canadiens | EDC
https://www.edc.ca/fr/success-stories/indigenous-entrepreneur-reconnects-people-to-land.html,OK,Indexable,Renouer avec la terre grâce à Yukon Soaps Company | EDC
https://www.edc.ca/fr/success-stories/intelcan.html,OK,Indexable,Intelcan Technosystems Inc. | EDC
https://www.edc.ca/fr/success-stories/konrad.html,OK,Indexable,Konrad Group | EDC
https://www.edc.ca/fr/success-stories/kraken-robotics.html,OK,Indexable,Kraken Robotics inc. | EDC
https://www.edc.ca/fr/success-stories/led-roadway-lighting.html,OK,Indexable,LED Roadway Lighting | EDC
https://www.edc.ca/fr/success-stories/maxy-media.html,OK,Indexable,Maxy Media | EDC
https://www.edc.ca/fr/success-stories/mellohawk.html,OK,Indexable,MELLOHAWK Logistics | EDC
https://www.edc.ca/fr/success-stories/metocean-telematics.html,OK,Indexable,MetOcean Telematics | EDC
https://www.edc.ca/fr/success-stories/miovision-sustainability-opportunities-ahead.html,OK,Indexable,Miovision : des solutions pour un avenir durable | EDC
https://www.edc.ca/fr/success-stories/mltc-indigenous-economic-development-corporation.html,OK,Indexable,Nos clients racontent : Conseil tribal de Meadow Lake | EDC
https://www.edc.ca/fr/success-stories/muttluks.html,OK,Indexable,Une entreprise d’accessoires canins à l’international | EDC
https://www.edc.ca/fr/success-stories/nanometrics.html,OK,Indexable,Nanometrics : Découvrez des possibilités même en des lieux incertains | EDC
https://www.edc.ca/fr/success-stories/natursource-export-success-in-indo-pacific-markets.html,OK,Indexable,naturSource : succès des exportations dans l’Indo-Pacifique | EDC
https://www.edc.ca/fr/success-stories/nix-sensor.html,OK,Indexable,Nix Sensor | EDC
https://www.edc.ca/fr/success-stories/nova-craft-canoe.html,OK,Indexable,Nova Craft Canoe : marier commerce et culture | EDC
https://www.edc.ca/fr/success-stories/open-farm.html,OK,Indexable,Open Farm | EDC
https://www.edc.ca/fr/success-stories/perkuto.html,OK,Indexable,Perkuto : percer les marchés étrangers avec des solutions de marketing - EDC
https://www.edc.ca/fr/success-stories/real-by-fake.html,OK,Indexable,Planter son drapeau à Hollywood | EDC
https://www.edc.ca/fr/success-stories/sea-star-seafoods.html,OK,Indexable,Sea Star Seafoods: Le fleuron de l’Atlantique | EDC
https://www.edc.ca/fr/success-stories/simmons-edeco.html,OK,Indexable,"Confiance, relations et capital : la réussite à l’étranger d’une entreprise d'énergie grâce aux services d’EDC | EDC"
https://www.edc.ca/fr/success-stories/smart-sweets.html,OK,Indexable,Smart Sweets | EDC
https://www.edc.ca/fr/success-stories/solace-power.html,OK,Indexable,Solace Power | EDC
https://www.edc.ca/fr/success-stories/targray.html,OK,Indexable,Targray | EDC
https://www.edc.ca/fr/success-stories/three-farmers-indo-pacific-expansion.html,OK,Indexable,Three Farmers Foods explore l’Asie-Pacifique | EDC
https://www.edc.ca/fr/success-stories/tilesinspired.html,OK,Indexable,TilesInspired est ralenti par des questions commerciales mais obtient des réponses d’EDC | EDC
https://www.edc.ca/fr/success-stories/titan-environmental-containment.html,OK,Indexable,Titan Environmental  Containment | EDC
https://www.edc.ca/fr/success-stories/tornado-spectral-systems.html,OK,Indexable,Tornado Spectral Systems : faire la lumière sur les mesures chimiques aux quatre coins du globe | EDC
https://www.edc.ca/fr/success-stories/vive-crop-protection.html,OK,Indexable,Vive Crop Protection | EDC
https://www.edc.ca/fr/success-stories/waterax.html,OK,Indexable,WATERAX Inc. | EDC
https://www.edc.ca/fr/success-stories/wuxly.html,OK,Indexable,Wuxly | EDC
https://www.edc.ca/fr/support.html,Found,Non-Indexable,
https://www.edc.ca/fr/support/topics.html,Found,Non-Indexable,
https://www.edc.ca/fr/support/topics/credit-insurance.html,OK,Indexable,Aide et soutien – assurance crédit | EDC
https://www.edc.ca/fr/support/topics/credit-insurance/contact.html,OK,Indexable,Contactez nous | Assurance crédit | EDC
https://www.edc.ca/fr/support/topics/credit-insurance/enhanced-pci-platform.html,OK,Indexable,Utiliser la plateforme améliorée de l’Assurance crédit de portefeuille – Soutien | EDC
https://www.edc.ca/fr/support/topics/credit-insurance/forms.html,OK,Indexable,Formulaires et ressources | EDC
https://www.edc.ca/fr/support/topics/credit-insurance/managing-your-policy.html,OK,Indexable,Gérer votre police | EDC
https://www.edc.ca/fr/support/topics/credit-insurance/managing-your-policy/benefits.html,OK,Indexable,Avantages de la police | EDC
https://www.edc.ca/fr/support/topics/credit-insurance/managing-your-policy/declaring-sales.html,OK,Indexable,Déclaration des ventes réelles | EDC
https://www.edc.ca/fr/support/topics/credit-insurance/managing-your-policy/documents.html,OK,Indexable,Documents d’assurance | EDC
https://www.edc.ca/fr/support/topics/credit-insurance/managing-your-policy/establishing-credit-limits.html,OK,Indexable,Établir les limites de crédit | EDC
https://www.edc.ca/fr/support/topics/credit-insurance/managing-your-policy/pay-premium-fees.html,OK,Indexable,Paiement de la prime et des frais | EDC
https://www.edc.ca/fr/support/topics/credit-insurance/managing-your-policy/preventing-minimizing-loss.html,OK,Indexable,Prévenir et limiter les pertes | EDC
https://www.edc.ca/fr/support/topics/credit-insurance/managing-your-policy/verifying-sale.html,OK,Indexable,Vérifier que chaque vente est couverte | EDC
https://www.edc.ca/fr/support/topics/credit-insurance/using-credit-insurance-platform.html,OK,Indexable,Utiliser le système | EDC
https://www.edc.ca/fr/support/topics/credit-insurance/using-credit-insurance-platform/declarations.html,OK,Indexable,Déclarations | Assurance crédit | EDC
https://www.edc.ca/fr/support/topics/credit-insurance/using-credit-insurance-platform/declarations/amend-declaration.html,OK,Indexable,Modifier une déclaration | EDC
https://www.edc.ca/fr/support/topics/credit-insurance/using-credit-insurance-platform/declarations/make-declaration.html,OK,Indexable,Remplir une déclaration | EDC
https://www.edc.ca/fr/support/topics/credit-insurance/using-credit-insurance-platform/discretionary-credit-limit.html,OK,Indexable,Limite de crédit discrétionnaire | EDC
https://www.edc.ca/fr/support/topics/credit-insurance/using-credit-insurance-platform/getting-started.html,OK,Indexable,Pour commencer | EDC
https://www.edc.ca/fr/support/topics/credit-insurance/using-credit-insurance-platform/getting-started/add-user.html,OK,Indexable,Comment ajouter un utilisateur | EDC
https://www.edc.ca/fr/support/topics/credit-insurance/using-credit-insurance-platform/getting-started/login.html,OK,Indexable,Ouvrir une session | assurance crédit | EDC
https://www.edc.ca/fr/support/topics/credit-insurance/using-credit-insurance-platform/getting-started/set-user-preferences.html,OK,Indexable,Définir les préférences du profil | EDC
https://www.edc.ca/fr/support/topics/credit-insurance/using-credit-insurance-platform/invoicing-statements.html,OK,Indexable,Factures et relevés de compte | EDC
https://www.edc.ca/fr/support/topics/credit-insurance/using-credit-insurance-platform/invoicing-statements/login.html,OK,Indexable,Ouvrir une session | EDC
https://www.edc.ca/fr/support/topics/credit-insurance/using-credit-insurance-platform/invoicing-statements/register-pre-authorized-debit-payments.html,OK,Indexable,S’inscrire aux prélèvements automatiques | EDC
https://www.edc.ca/fr/support/topics/credit-insurance/using-credit-insurance-platform/invoicing-statements/view-account-balance.html,OK,Indexable,Consulter le solde du compte | EDC
https://www.edc.ca/fr/support/topics/credit-insurance/using-credit-insurance-platform/invoicing-statements/view-invoices.html,OK,Indexable,Accéder à la facture courante et aux factures précédentes | EDC
https://www.edc.ca/fr/support/topics/credit-insurance/using-credit-insurance-platform/invoicing-statements/view-past-due-amounts.html,OK,Indexable,Voir les montants en souffrance | EDC
https://www.edc.ca/fr/support/topics/credit-insurance/using-credit-insurance-platform/invoicing-statements/view-payment-history.html,OK,Indexable,Accéder à l’historique de paiement | EDC
https://www.edc.ca/fr/support/topics/credit-insurance/using-credit-insurance-platform/invoicing-statements/view-statement-of-account.html,OK,Indexable,Accéder aux relevés de compte courants ou précédents | EDC
https://www.edc.ca/fr/support/topics/credit-insurance/using-credit-insurance-platform/manage-buyers.html,OK,Indexable,Gestion des acheteurs | EDC
https://www.edc.ca/fr/support/topics/credit-insurance/using-credit-insurance-platform/manage-buyers/add-bank-request-credit-approval.html,OK,Indexable,Ajouter une banque et demander une approbation de crédit | EDC
https://www.edc.ca/fr/support/topics/credit-insurance/using-credit-insurance-platform/manage-buyers/additional-information-credit-approval.html,OK,Indexable,Comment ajouter un complément d’information à votre demande de crédit | EDC
https://www.edc.ca/fr/support/topics/credit-insurance/using-credit-insurance-platform/manage-buyers/change-credit-limit.html,OK,Indexable,"Comment augmenter, réduire ou annuler la limite de crédit d’un acheteur | EDC"
https://www.edc.ca/fr/support/topics/credit-insurance/using-credit-insurance-platform/manage-buyers/credit-limit-status.html,OK,Indexable,Comment vérifier l’état d’une approbation de crédit | EDC
https://www.edc.ca/fr/support/topics/credit-insurance/using-credit-insurance-platform/manage-buyers/provide-additional-information-for-credit-approval-requests.html,OK,Indexable,Comment fournir des informations supplémentaires pour votre demande de crédit | EDC
https://www.edc.ca/fr/support/topics/credit-insurance/using-credit-insurance-platform/manage-buyers/request-credit-approval.html,OK,Indexable,Comment ajouter un nouvel acheteur et demander l’approbation d’une limite de crédit | EDC
https://www.edc.ca/fr/support/topics/credit-insurance/using-credit-insurance-platform/manage-buyers/view-approve-buyers.html,OK,Indexable,Comment afficher la liste de vos acheteurs approuvés | EDC
https://www.edc.ca/fr/support/topics/credit-insurance/using-credit-insurance-platform/overdues-claims.html,OK,Indexable,Comptes en souffrance et indemnités | EDC
https://www.edc.ca/fr/support/topics/credit-insurance/using-credit-insurance-platform/overdues-claims/report-overdue-buyer.html,OK,Indexable,Signaler un compte en souffrance pour un acheteur | EDC
https://www.edc.ca/fr/support/topics/credit-insurance/using-credit-insurance-platform/overdues-claims/submit-claim.html,OK,Indexable,Comment présenter une demande d’indemnisation | EDC
https://www.edc.ca/fr/support/topics/credit-insurance/using-credit-insurance-platform/policy-details.html,OK,Indexable,Détails de la police | EDC
https://www.edc.ca/fr/support/topics/credit-insurance/using-credit-insurance-platform/policy-details/accept-reject-policy-offer.html,OK,Indexable,Accepter ou refuser une offre de couverture | EDC
https://www.edc.ca/fr/support/topics/credit-insurance/using-credit-insurance-platform/policy-details/change-policy.html,OK,Indexable,Modifier la police | EDC
https://www.edc.ca/fr/support/topics/credit-insurance/using-credit-insurance-platform/policy-details/my-alerts.html,OK,Indexable,Mes Alertes | EDC
https://www.edc.ca/fr/support/topics/credit-insurance/using-credit-insurance-platform/policy-details/renewal.html,OK,Indexable,Remplir le formulaire de renouvellement | EDC
https://www.edc.ca/fr/support/topics/credit-insurance/using-credit-insurance-platform/policy-details/request-direction-to-pay.html,OK,Indexable,Ajouter ou modifier un ordre de paiement | EDC
https://www.edc.ca/fr/support/topics/credit-insurance/using-credit-insurance-platform/policy-details/view-policy-details.html,OK,Indexable,Examiner le détail de votre police | EDC
https://www.edc.ca/fr/support/topics/credit-insurance/using-credit-insurance-platform/register-apply.html,OK,Indexable,S’enregistrer et faire une demande | EDC
https://www.edc.ca/fr/support/topics/credit-insurance/using-credit-insurance-platform/register-apply/application.html,Found,Non-Indexable,
https://www.edc.ca/fr/support/topics/credit-insurance/using-credit-insurance-platform/register-apply/completing-submission.html,OK,Indexable,Remplir la page Présentation d’une proposition | EDC
https://www.edc.ca/fr/support/topics/credit-insurance/using-credit-insurance-platform/register-apply/locating-form-status.html,OK,Indexable,Trouver votre formulaire de proposition et voir son état | EDC
https://www.edc.ca/fr/support/topics/credit-insurance/using-credit-insurance-platform/tracking-reporting.html,OK,Indexable,Suivis et rapports | EDC
https://www.edc.ca/fr/support/topics/credit-insurance/using-credit-insurance-platform/tracking-reporting/access-email-archive.html,OK,Indexable,Accéder aux courriels archivés du système | EDC
https://www.edc.ca/fr/support/topics/credit-insurance/using-credit-insurance-platform/tracking-reporting/view-buyer-reports.html,OK,Indexable,Consulter les rapports sur le portefeuille d’acheteurs | EDC
https://www.edc.ca/fr/support/topics/credit-insurance/whats-new.html,OK,Indexable,Nouveautés | EDC
https://www.edc.ca/fr/tag.html,OK,Indexable,tag
https://www.edc.ca/fr/tag/accessing-capital-rd.html,Blocked by robots.txt,Non-Indexable,
https://www.edc.ca/fr/tag/accessing-more-money.html,Blocked by robots.txt,Non-Indexable,
https://www.edc.ca/fr/tag/account-performance-security-guarantee.html,Blocked by robots.txt,Non-Indexable,
https://www.edc.ca/fr/tag/acquire-new.html,Blocked by robots.txt,Non-Indexable,
https://www.edc.ca/fr/tag/advanced-security.html,Blocked by robots.txt,Non-Indexable,
https://www.edc.ca/fr/tag/aerospace.html,Blocked by robots.txt,Non-Indexable,
https://www.edc.ca/fr/tag/afghanistan.html,Blocked by robots.txt,Non-Indexable,
https://www.edc.ca/fr/tag/africa-middle-east.html,Blocked by robots.txt,Non-Indexable,
https://www.edc.ca/fr/tag/agriculture.html,Blocked by robots.txt,Non-Indexable,
https://www.edc.ca/fr/tag/aland-islands.html,Blocked by robots.txt,Non-Indexable,
https://www.edc.ca/fr/tag/albania.html,Blocked by robots.txt,Non-Indexable,
https://www.edc.ca/fr/tag/alberta.html,Blocked by robots.txt,Non-Indexable,
https://www.edc.ca/fr/tag/algeria.html,Blocked by robots.txt,Non-Indexable,
https://www.edc.ca/fr/tag/american-samoa.html,Blocked by robots.txt,Non-Indexable,
https://www.edc.ca/fr/tag/andean.html,Blocked by robots.txt,Non-Indexable,
https://www.edc.ca/fr/tag/andorra.html,Blocked by robots.txt,Non-Indexable,
https://www.edc.ca/fr/tag/angola.html,Blocked by robots.txt,Non-Indexable,
https://www.edc.ca/fr/tag/anguilla.html,Blocked by robots.txt,Non-Indexable,
https://www.edc.ca/fr/tag/anti-corruption.html,Blocked by robots.txt,Non-Indexable,
https://www.edc.ca/fr/tag/antigua-barbuda.html,Blocked by robots.txt,Non-Indexable,
https://www.edc.ca/fr/tag/argentina.html,Blocked by robots.txt,Non-Indexable,
https://www.edc.ca/fr/tag/armenia.html,Blocked by robots.txt,Non-Indexable,
https://www.edc.ca/fr/tag/aruba.html,Blocked by robots.txt,Non-Indexable,
https://www.edc.ca/fr/tag/asia-pacific.html,Blocked by robots.txt,Non-Indexable,
https://www.edc.ca/fr/tag/australia.html,Blocked by robots.txt,Non-Indexable,
https://www.edc.ca/fr/tag/austria.html,Blocked by robots.txt,Non-Indexable,
https://www.edc.ca/fr/tag/automotive-heavy-truck.html,Blocked by robots.txt,Non-Indexable,
https://www.edc.ca/fr/tag/azerbaijan.html,Blocked by robots.txt,Non-Indexable,
https://www.edc.ca/fr/tag/bahamas.html,Blocked by robots.txt,Non-Indexable,
https://www.edc.ca/fr/tag/bahrain.html,Blocked by robots.txt,Non-Indexable,
https://www.edc.ca/fr/tag/bangladesh.html,Blocked by robots.txt,Non-Indexable,
https://www.edc.ca/fr/tag/barbados.html,Blocked by robots.txt,Non-Indexable,
https://www.edc.ca/fr/tag/bcap-mid-market.html,Blocked by robots.txt,Non-Indexable,
https://www.edc.ca/fr/tag/being-competitive.html,Blocked by robots.txt,Non-Indexable,
https://www.edc.ca/fr/tag/belarus.html,Blocked by robots.txt,Non-Indexable,
https://www.edc.ca/fr/tag/belgium.html,Blocked by robots.txt,Non-Indexable,
https://www.edc.ca/fr/tag/belize.html,Blocked by robots.txt,Non-Indexable,
https://www.edc.ca/fr/tag/benin.html,Blocked by robots.txt,Non-Indexable,
https://www.edc.ca/fr/tag/bermuda.html,Blocked by robots.txt,Non-Indexable,
https://www.edc.ca/fr/tag/bhutan.html,Blocked by robots.txt,Non-Indexable,
https://www.edc.ca/fr/tag/bio-refinery-products.html,Blocked by robots.txt,Non-Indexable,
https://www.edc.ca/fr/tag/bolivia.html,Blocked by robots.txt,Non-Indexable,
https://www.edc.ca/fr/tag/bonaire-sint-eustatius-saba.html,Blocked by robots.txt,Non-Indexable,
https://www.edc.ca/fr/tag/bosnia-herzegovina.html,Blocked by robots.txt,Non-Indexable,
https://www.edc.ca/fr/tag/botswana.html,Blocked by robots.txt,Non-Indexable,
https://www.edc.ca/fr/tag/bouvet-island.html,Blocked by robots.txt,Non-Indexable,
https://www.edc.ca/fr/tag/brazil-southern-cone.html,Blocked by robots.txt,Non-Indexable,
https://www.edc.ca/fr/tag/brazil.html,Blocked by robots.txt,Non-Indexable,
https://www.edc.ca/fr/tag/brexit.html,Blocked by robots.txt,Non-Indexable,
https://www.edc.ca/fr/tag/british-columbia.html,Blocked by robots.txt,Non-Indexable,
https://www.edc.ca/fr/tag/british-indian-ocean-territory.html,Blocked by robots.txt,Non-Indexable,
https://www.edc.ca/fr/tag/brunei-darussalam.html,Blocked by robots.txt,Non-Indexable,
https://www.edc.ca/fr/tag/build-an-export-plan.html,Blocked by robots.txt,Non-Indexable,
https://www.edc.ca/fr/tag/build-business-plan.html,Blocked by robots.txt,Non-Indexable,
https://www.edc.ca/fr/tag/build-networks-in-market.html,Blocked by robots.txt,Non-Indexable,
https://www.edc.ca/fr/tag/building-commercialization-infrastructure.html,Blocked by robots.txt,Non-Indexable,
https://www.edc.ca/fr/tag/bulgaria.html,Blocked by robots.txt,Non-Indexable,
https://www.edc.ca/fr/tag/burkina-faso.html,Blocked by robots.txt,Non-Indexable,
https://www.edc.ca/fr/tag/burundi.html,Blocked by robots.txt,Non-Indexable,
https://www.edc.ca/fr/tag/cabo-verde.html,Blocked by robots.txt,Non-Indexable,
https://www.edc.ca/fr/tag/cambodia.html,Blocked by robots.txt,Non-Indexable,
https://www.edc.ca/fr/tag/cameroon.html,Blocked by robots.txt,Non-Indexable,
https://www.edc.ca/fr/tag/canada.html,Blocked by robots.txt,Non-Indexable,
https://www.edc.ca/fr/tag/caribbean.html,Blocked by robots.txt,Non-Indexable,
https://www.edc.ca/fr/tag/cayman-islands.html,Blocked by robots.txt,Non-Indexable,
https://www.edc.ca/fr/tag/central-african-republic.html,Blocked by robots.txt,Non-Indexable,
https://www.edc.ca/fr/tag/central-america.html,Blocked by robots.txt,Non-Indexable,
https://www.edc.ca/fr/tag/ceta.html,Blocked by robots.txt,Non-Indexable,
https://www.edc.ca/fr/tag/chad.html,Blocked by robots.txt,Non-Indexable,
https://www.edc.ca/fr/tag/chile.html,Blocked by robots.txt,Non-Indexable,
https://www.edc.ca/fr/tag/china.html,Blocked by robots.txt,Non-Indexable,
https://www.edc.ca/fr/tag/christmas-island.html,Blocked by robots.txt,Non-Indexable,
https://www.edc.ca/fr/tag/cleantech.html,Blocked by robots.txt,Non-Indexable,
https://www.edc.ca/fr/tag/cocos-keeling-islands.html,Blocked by robots.txt,Non-Indexable,
https://www.edc.ca/fr/tag/colombia.html,Blocked by robots.txt,Non-Indexable,
https://www.edc.ca/fr/tag/comoros.html,Blocked by robots.txt,Non-Indexable,
https://www.edc.ca/fr/tag/congo-drc.html,Blocked by robots.txt,Non-Indexable,
https://www.edc.ca/fr/tag/congo-republic-of.html,Blocked by robots.txt,Non-Indexable,
https://www.edc.ca/fr/tag/construction-infrastructure.html,Blocked by robots.txt,Non-Indexable,
https://www.edc.ca/fr/tag/consumer-goods.html,Blocked by robots.txt,Non-Indexable,
https://www.edc.ca/fr/tag/cook-islands.html,Blocked by robots.txt,Non-Indexable,
https://www.edc.ca/fr/tag/costa-rica.html,Blocked by robots.txt,Non-Indexable,
https://www.edc.ca/fr/tag/cote-divoire.html,Blocked by robots.txt,Non-Indexable,
https://www.edc.ca/fr/tag/covid-19.html,Blocked by robots.txt,Non-Indexable,
https://www.edc.ca/fr/tag/creating-contracts.html,Blocked by robots.txt,Non-Indexable,
https://www.edc.ca/fr/tag/creating-international-strategy.html,Blocked by robots.txt,Non-Indexable,
https://www.edc.ca/fr/tag/croatia.html,Blocked by robots.txt,Non-Indexable,
https://www.edc.ca/fr/tag/cuba.html,Blocked by robots.txt,Non-Indexable,
https://www.edc.ca/fr/tag/culture-language-differences.html,Blocked by robots.txt,Non-Indexable,
https://www.edc.ca/fr/tag/curacao.html,Blocked by robots.txt,Non-Indexable,
https://www.edc.ca/fr/tag/cusma.html,Blocked by robots.txt,Non-Indexable,
https://www.edc.ca/fr/tag/customs-requirements.html,Blocked by robots.txt,Non-Indexable,
https://www.edc.ca/fr/tag/cyprus.html,Blocked by robots.txt,Non-Indexable,
https://www.edc.ca/fr/tag/czech-republic.html,Blocked by robots.txt,Non-Indexable,
https://www.edc.ca/fr/tag/delivering-your-goods.html,Blocked by robots.txt,Non-Indexable,
https://www.edc.ca/fr/tag/denmark.html,Blocked by robots.txt,Non-Indexable,
https://www.edc.ca/fr/tag/djibouti.html,Blocked by robots.txt,Non-Indexable,
https://www.edc.ca/fr/tag/dominica.html,Blocked by robots.txt,Non-Indexable,
https://www.edc.ca/fr/tag/dominican-republic.html,Blocked by robots.txt,Non-Indexable,
https://www.edc.ca/fr/tag/e-commerce.html,Blocked by robots.txt,Non-Indexable,
https://www.edc.ca/fr/tag/eastern-europe.html,Blocked by robots.txt,Non-Indexable,
https://www.edc.ca/fr/tag/economic-insights.html,Blocked by robots.txt,Non-Indexable,
https://www.edc.ca/fr/tag/ecuador.html,Blocked by robots.txt,Non-Indexable,
https://www.edc.ca/fr/tag/edc-api-capex.html,Blocked by robots.txt,Non-Indexable,
https://www.edc.ca/fr/tag/edc-at-75.html,Blocked by robots.txt,Non-Indexable,
https://www.edc.ca/fr/tag/edc-bcap-guarantee.html,Blocked by robots.txt,Non-Indexable,
https://www.edc.ca/fr/tag/edc-credit-insurance.html,Blocked by robots.txt,Non-Indexable,
https://www.edc.ca/fr/tag/efta.html,Blocked by robots.txt,Non-Indexable,
https://www.edc.ca/fr/tag/egypt.html,Blocked by robots.txt,Non-Indexable,
https://www.edc.ca/fr/tag/el-salvador.html,Blocked by robots.txt,Non-Indexable,
https://www.edc.ca/fr/tag/enhance-expertise.html,Blocked by robots.txt,Non-Indexable,
https://www.edc.ca/fr/tag/ensuring-customers-pay.html,Blocked by robots.txt,Non-Indexable,
https://www.edc.ca/fr/tag/enter-target-markets.html,Blocked by robots.txt,Non-Indexable,
https://www.edc.ca/fr/tag/environmental-social-and-governance.html,Blocked by robots.txt,Non-Indexable,
https://www.edc.ca/fr/tag/equatorial-guinea.html,Blocked by robots.txt,Non-Indexable,
https://www.edc.ca/fr/tag/eritrea.html,Blocked by robots.txt,Non-Indexable,
https://www.edc.ca/fr/tag/estonia.html,Blocked by robots.txt,Non-Indexable,
https://www.edc.ca/fr/tag/ethiopia.html,Blocked by robots.txt,Non-Indexable,
https://www.edc.ca/fr/tag/europe-cis.html,Blocked by robots.txt,Non-Indexable,
https://www.edc.ca/fr/tag/executive-insights.html,Blocked by robots.txt,Non-Indexable,
https://www.edc.ca/fr/tag/export-guarantee-program.html,Blocked by robots.txt,Non-Indexable,
https://www.edc.ca/fr/tag/exporting-101.html,Blocked by robots.txt,Non-Indexable,
https://www.edc.ca/fr/tag/falkl-islands-malvinas.html,Blocked by robots.txt,Non-Indexable,
https://www.edc.ca/fr/tag/faroe-islands.html,Blocked by robots.txt,Non-Indexable,
https://www.edc.ca/fr/tag/fiji.html,Blocked by robots.txt,Non-Indexable,
https://www.edc.ca/fr/tag/financial-institutions.html,Blocked by robots.txt,Non-Indexable,
https://www.edc.ca/fr/tag/finding-customers.html,Blocked by robots.txt,Non-Indexable,
https://www.edc.ca/fr/tag/finding-local-agents-legal-reps.html,Blocked by robots.txt,Non-Indexable,
https://www.edc.ca/fr/tag/finding-skilled-talent.html,Blocked by robots.txt,Non-Indexable,
https://www.edc.ca/fr/tag/finding-suppliers-partners.html,Blocked by robots.txt,Non-Indexable,
https://www.edc.ca/fr/tag/finland.html,Blocked by robots.txt,Non-Indexable,
https://www.edc.ca/fr/tag/fisheries.html,Blocked by robots.txt,Non-Indexable,
https://www.edc.ca/fr/tag/fluctuating-currency.html,Blocked by robots.txt,Non-Indexable,
https://www.edc.ca/fr/tag/food-beverage.html,Blocked by robots.txt,Non-Indexable,
https://www.edc.ca/fr/tag/foreign-exchange-facility-guarantee.html,Blocked by robots.txt,Non-Indexable,
https://www.edc.ca/fr/tag/forestry.html,Blocked by robots.txt,Non-Indexable,
https://www.edc.ca/fr/tag/france.html,Blocked by robots.txt,Non-Indexable,
https://www.edc.ca/fr/tag/french-guiana.html,Blocked by robots.txt,Non-Indexable,
https://www.edc.ca/fr/tag/french-polynesia.html,Blocked by robots.txt,Non-Indexable,
https://www.edc.ca/fr/tag/french-southern-territories.html,Blocked by robots.txt,Non-Indexable,
https://www.edc.ca/fr/tag/gabon.html,Blocked by robots.txt,Non-Indexable,
https://www.edc.ca/fr/tag/gambia.html,Blocked by robots.txt,Non-Indexable,
https://www.edc.ca/fr/tag/georgia.html,Blocked by robots.txt,Non-Indexable,
https://www.edc.ca/fr/tag/germany.html,Blocked by robots.txt,Non-Indexable,
https://www.edc.ca/fr/tag/ghana.html,Blocked by robots.txt,Non-Indexable,
https://www.edc.ca/fr/tag/gibraltar.html,Blocked by robots.txt,Non-Indexable,
https://www.edc.ca/fr/tag/greece.html,Blocked by robots.txt,Non-Indexable,
https://www.edc.ca/fr/tag/greenland.html,Blocked by robots.txt,Non-Indexable,
https://www.edc.ca/fr/tag/grenada.html,Blocked by robots.txt,Non-Indexable,
https://www.edc.ca/fr/tag/grow-export-sales.html,Blocked by robots.txt,Non-Indexable,
https://www.edc.ca/fr/tag/grow-volume.html,Blocked by robots.txt,Non-Indexable,
https://www.edc.ca/fr/tag/guadeloupe.html,Blocked by robots.txt,Non-Indexable,
https://www.edc.ca/fr/tag/guam.html,Blocked by robots.txt,Non-Indexable,
https://www.edc.ca/fr/tag/guatemala.html,Blocked by robots.txt,Non-Indexable,
https://www.edc.ca/fr/tag/guernsey.html,Blocked by robots.txt,Non-Indexable,
https://www.edc.ca/fr/tag/guinea-bissau.html,Blocked by robots.txt,Non-Indexable,
https://www.edc.ca/fr/tag/guinea.html,Blocked by robots.txt,Non-Indexable,
https://www.edc.ca/fr/tag/guyana.html,Blocked by robots.txt,Non-Indexable,
https://www.edc.ca/fr/tag/haiti.html,Blocked by robots.txt,Non-Indexable,
https://www.edc.ca/fr/tag/heard-island-mcdonald-islands.html,Blocked by robots.txt,Non-Indexable,
https://www.edc.ca/fr/tag/holy-see.html,Blocked by robots.txt,Non-Indexable,
https://www.edc.ca/fr/tag/honduras.html,Blocked by robots.txt,Non-Indexable,
https://www.edc.ca/fr/tag/hong-kong.html,Blocked by robots.txt,Non-Indexable,
https://www.edc.ca/fr/tag/hungary.html,Blocked by robots.txt,Non-Indexable,
https://www.edc.ca/fr/tag/iceland.html,Blocked by robots.txt,Non-Indexable,
https://www.edc.ca/fr/tag/identify-target-markets.html,Blocked by robots.txt,Non-Indexable,
https://www.edc.ca/fr/tag/india.html,Blocked by robots.txt,Non-Indexable,
https://www.edc.ca/fr/tag/indonesia.html,Blocked by robots.txt,Non-Indexable,
https://www.edc.ca/fr/tag/innovation.html,Blocked by robots.txt,Non-Indexable,
https://www.edc.ca/fr/tag/iran.html,Blocked by robots.txt,Non-Indexable,
https://www.edc.ca/fr/tag/iraq.html,Blocked by robots.txt,Non-Indexable,
https://www.edc.ca/fr/tag/ireland.html,Blocked by robots.txt,Non-Indexable,
https://www.edc.ca/fr/tag/isle-of-man.html,Blocked by robots.txt,Non-Indexable,
https://www.edc.ca/fr/tag/israel.html,Blocked by robots.txt,Non-Indexable,
https://www.edc.ca/fr/tag/italy.html,Blocked by robots.txt,Non-Indexable,
https://www.edc.ca/fr/tag/jamaica.html,Blocked by robots.txt,Non-Indexable,
https://www.edc.ca/fr/tag/japan.html,Blocked by robots.txt,Non-Indexable,
https://www.edc.ca/fr/tag/jersey.html,Blocked by robots.txt,Non-Indexable,
https://www.edc.ca/fr/tag/jordan.html,Blocked by robots.txt,Non-Indexable,
https://www.edc.ca/fr/tag/kazakhstan.html,Blocked by robots.txt,Non-Indexable,
https://www.edc.ca/fr/tag/kenya.html,Blocked by robots.txt,Non-Indexable,
https://www.edc.ca/fr/tag/kiribati.html,Blocked by robots.txt,Non-Indexable,
https://www.edc.ca/fr/tag/knowledge-about-markets.html,Blocked by robots.txt,Non-Indexable,
https://www.edc.ca/fr/tag/knowledge-based-industries.html,Blocked by robots.txt,Non-Indexable,
https://www.edc.ca/fr/tag/knowledge-financing-requirements.html,Blocked by robots.txt,Non-Indexable,
https://www.edc.ca/fr/tag/kosovo.html,Blocked by robots.txt,Non-Indexable,
https://www.edc.ca/fr/tag/kuwait.html,Blocked by robots.txt,Non-Indexable,
https://www.edc.ca/fr/tag/kyrgyz-republic.html,Blocked by robots.txt,Non-Indexable,
https://www.edc.ca/fr/tag/laos.html,Blocked by robots.txt,Non-Indexable,
https://www.edc.ca/fr/tag/latvia.html,Blocked by robots.txt,Non-Indexable,
https://www.edc.ca/fr/tag/lebanon.html,Blocked by robots.txt,Non-Indexable,
https://www.edc.ca/fr/tag/lesotho.html,Blocked by robots.txt,Non-Indexable,
https://www.edc.ca/fr/tag/liberia.html,Blocked by robots.txt,Non-Indexable,
https://www.edc.ca/fr/tag/libya.html,Blocked by robots.txt,Non-Indexable,
https://www.edc.ca/fr/tag/liechtenstein.html,Blocked by robots.txt,Non-Indexable,
https://www.edc.ca/fr/tag/lithuania.html,Blocked by robots.txt,Non-Indexable,
https://www.edc.ca/fr/tag/luxembourg.html,Blocked by robots.txt,Non-Indexable,
https://www.edc.ca/fr/tag/macao.html,Blocked by robots.txt,Non-Indexable,
https://www.edc.ca/fr/tag/macedonia.html,Blocked by robots.txt,Non-Indexable,
https://www.edc.ca/fr/tag/madagascar.html,Blocked by robots.txt,Non-Indexable,
https://www.edc.ca/fr/tag/maintaining-cash-flow.html,Blocked by robots.txt,Non-Indexable,
https://www.edc.ca/fr/tag/malawi.html,Blocked by robots.txt,Non-Indexable,
https://www.edc.ca/fr/tag/malaysia.html,Blocked by robots.txt,Non-Indexable,
https://www.edc.ca/fr/tag/maldives.html,Blocked by robots.txt,Non-Indexable,
https://www.edc.ca/fr/tag/mali.html,Blocked by robots.txt,Non-Indexable,
https://www.edc.ca/fr/tag/malta.html,Blocked by robots.txt,Non-Indexable,
https://www.edc.ca/fr/tag/manage-risk.html,Blocked by robots.txt,Non-Indexable,
https://www.edc.ca/fr/tag/managing-debt.html,Blocked by robots.txt,Non-Indexable,
https://www.edc.ca/fr/tag/managing-market-risks.html,Blocked by robots.txt,Non-Indexable,
https://www.edc.ca/fr/tag/managing-rising-business-costs.html,Blocked by robots.txt,Non-Indexable,
https://www.edc.ca/fr/tag/managing-supply-chains.html,Blocked by robots.txt,Non-Indexable,
https://www.edc.ca/fr/tag/manitoba.html,Blocked by robots.txt,Non-Indexable,
https://www.edc.ca/fr/tag/market-diversification.html,Blocked by robots.txt,Non-Indexable,
https://www.edc.ca/fr/tag/marshall-islands.html,Blocked by robots.txt,Non-Indexable,
https://www.edc.ca/fr/tag/martinique.html,Blocked by robots.txt,Non-Indexable,
https://www.edc.ca/fr/tag/mauritania.html,Blocked by robots.txt,Non-Indexable,
https://www.edc.ca/fr/tag/mauritius.html,Blocked by robots.txt,Non-Indexable,
https://www.edc.ca/fr/tag/mayotte.html,Blocked by robots.txt,Non-Indexable,
https://www.edc.ca/fr/tag/media-entertainment.html,Blocked by robots.txt,Non-Indexable,
https://www.edc.ca/fr/tag/mexico.html,Blocked by robots.txt,Non-Indexable,
https://www.edc.ca/fr/tag/micronesia.html,Blocked by robots.txt,Non-Indexable,
https://www.edc.ca/fr/tag/middle-east.html,Blocked by robots.txt,Non-Indexable,
https://www.edc.ca/fr/tag/mining-metals.html,Blocked by robots.txt,Non-Indexable,
https://www.edc.ca/fr/tag/moldova.html,Blocked by robots.txt,Non-Indexable,
https://www.edc.ca/fr/tag/monaco.html,Blocked by robots.txt,Non-Indexable,
https://www.edc.ca/fr/tag/mongolia.html,Blocked by robots.txt,Non-Indexable,
https://www.edc.ca/fr/tag/montenegro.html,Blocked by robots.txt,Non-Indexable,
https://www.edc.ca/fr/tag/montserrat.html,Blocked by robots.txt,Non-Indexable,
https://www.edc.ca/fr/tag/morocco.html,Blocked by robots.txt,Non-Indexable,
https://www.edc.ca/fr/tag/mozambique.html,Blocked by robots.txt,Non-Indexable,
https://www.edc.ca/fr/tag/myanmar.html,Blocked by robots.txt,Non-Indexable,
https://www.edc.ca/fr/tag/nafta.html,Blocked by robots.txt,Non-Indexable,
https://www.edc.ca/fr/tag/namibia.html,Blocked by robots.txt,Non-Indexable,
https://www.edc.ca/fr/tag/nauru.html,Blocked by robots.txt,Non-Indexable,
https://www.edc.ca/fr/tag/nepal.html,Blocked by robots.txt,Non-Indexable,
https://www.edc.ca/fr/tag/netherlands.html,Blocked by robots.txt,Non-Indexable,
https://www.edc.ca/fr/tag/new-brunswick.html,Blocked by robots.txt,Non-Indexable,
https://www.edc.ca/fr/tag/new-caledonia.html,Blocked by robots.txt,Non-Indexable,
https://www.edc.ca/fr/tag/new-zealand.html,Blocked by robots.txt,Non-Indexable,
https://www.edc.ca/fr/tag/newfoundl-labrador.html,Blocked by robots.txt,Non-Indexable,
https://www.edc.ca/fr/tag/nicaragua.html,Blocked by robots.txt,Non-Indexable,
https://www.edc.ca/fr/tag/niger.html,Blocked by robots.txt,Non-Indexable,
https://www.edc.ca/fr/tag/nigeria.html,Blocked by robots.txt,Non-Indexable,
https://www.edc.ca/fr/tag/niue.html,Blocked by robots.txt,Non-Indexable,
https://www.edc.ca/fr/tag/non-industrial-services.html,Blocked by robots.txt,Non-Indexable,
https://www.edc.ca/fr/tag/norfolk-island.html,Blocked by robots.txt,Non-Indexable,
https://www.edc.ca/fr/tag/north-africa.html,Blocked by robots.txt,Non-Indexable,
https://www.edc.ca/fr/tag/north-america.html,Blocked by robots.txt,Non-Indexable,
https://www.edc.ca/fr/tag/north-east-asia.html,Blocked by robots.txt,Non-Indexable,
https://www.edc.ca/fr/tag/north-korea.html,Blocked by robots.txt,Non-Indexable,
https://www.edc.ca/fr/tag/northern-mariana-islands.html,Blocked by robots.txt,Non-Indexable,
https://www.edc.ca/fr/tag/northwest-territories.html,Blocked by robots.txt,Non-Indexable,
https://www.edc.ca/fr/tag/norway.html,Blocked by robots.txt,Non-Indexable,
https://www.edc.ca/fr/tag/nova-scotia.html,Blocked by robots.txt,Non-Indexable,
https://www.edc.ca/fr/tag/nunavut.html,Blocked by robots.txt,Non-Indexable,
https://www.edc.ca/fr/tag/oceania.html,Blocked by robots.txt,Non-Indexable,
https://www.edc.ca/fr/tag/oil-gas.html,Blocked by robots.txt,Non-Indexable,
https://www.edc.ca/fr/tag/oman.html,Blocked by robots.txt,Non-Indexable,
https://www.edc.ca/fr/tag/ontario.html,Blocked by robots.txt,Non-Indexable,
https://www.edc.ca/fr/tag/pakistan.html,Blocked by robots.txt,Non-Indexable,
https://www.edc.ca/fr/tag/palau.html,Blocked by robots.txt,Non-Indexable,
https://www.edc.ca/fr/tag/panama.html,Blocked by robots.txt,Non-Indexable,
https://www.edc.ca/fr/tag/papua-new-guinea.html,Blocked by robots.txt,Non-Indexable,
https://www.edc.ca/fr/tag/paraguay.html,Blocked by robots.txt,Non-Indexable,
https://www.edc.ca/fr/tag/paying-taxes.html,Blocked by robots.txt,Non-Indexable,
https://www.edc.ca/fr/tag/peru.html,Blocked by robots.txt,Non-Indexable,
https://www.edc.ca/fr/tag/philippines.html,Blocked by robots.txt,Non-Indexable,
https://www.edc.ca/fr/tag/pitcairn.html,Blocked by robots.txt,Non-Indexable,
https://www.edc.ca/fr/tag/podcasts.html,Blocked by robots.txt,Non-Indexable,
https://www.edc.ca/fr/tag/poland.html,Blocked by robots.txt,Non-Indexable,
https://www.edc.ca/fr/tag/portugal.html,Blocked by robots.txt,Non-Indexable,
https://www.edc.ca/fr/tag/power.html,Blocked by robots.txt,Non-Indexable,
https://www.edc.ca/fr/tag/prince-edward-island.html,Blocked by robots.txt,Non-Indexable,
https://www.edc.ca/fr/tag/protecting-my-ip.html,Blocked by robots.txt,Non-Indexable,
https://www.edc.ca/fr/tag/puerto-rico.html,Blocked by robots.txt,Non-Indexable,
https://www.edc.ca/fr/tag/qatar.html,Blocked by robots.txt,Non-Indexable,
https://www.edc.ca/fr/tag/quebec.html,Blocked by robots.txt,Non-Indexable,
https://www.edc.ca/fr/tag/reunion.html,Blocked by robots.txt,Non-Indexable,
https://www.edc.ca/fr/tag/romania.html,Blocked by robots.txt,Non-Indexable,
https://www.edc.ca/fr/tag/russia-cis.html,Blocked by robots.txt,Non-Indexable,
https://www.edc.ca/fr/tag/russia.html,Blocked by robots.txt,Non-Indexable,
https://www.edc.ca/fr/tag/rwanda.html,Blocked by robots.txt,Non-Indexable,
https://www.edc.ca/fr/tag/saint-barthelemy.html,Blocked by robots.txt,Non-Indexable,
https://www.edc.ca/fr/tag/saint-kitts-nevis.html,Blocked by robots.txt,Non-Indexable,
https://www.edc.ca/fr/tag/saint-lucia.html,Blocked by robots.txt,Non-Indexable,
https://www.edc.ca/fr/tag/saint-martin-french.html,Blocked by robots.txt,Non-Indexable,
https://www.edc.ca/fr/tag/saint-pierre-miquelon.html,Blocked by robots.txt,Non-Indexable,
https://www.edc.ca/fr/tag/saint-vincent-grenadines.html,Blocked by robots.txt,Non-Indexable,
https://www.edc.ca/fr/tag/samoa.html,Blocked by robots.txt,Non-Indexable,
https://www.edc.ca/fr/tag/san-marino.html,Blocked by robots.txt,Non-Indexable,
https://www.edc.ca/fr/tag/sao-tome-principe.html,Blocked by robots.txt,Non-Indexable,
https://www.edc.ca/fr/tag/saskatchewan.html,Blocked by robots.txt,Non-Indexable,
https://www.edc.ca/fr/tag/saudi-arabia.html,Blocked by robots.txt,Non-Indexable,
https://www.edc.ca/fr/tag/senegal.html,Blocked by robots.txt,Non-Indexable,
https://www.edc.ca/fr/tag/serbia.html,Blocked by robots.txt,Non-Indexable,
https://www.edc.ca/fr/tag/setting-up-intl-operations.html,Blocked by robots.txt,Non-Indexable,
https://www.edc.ca/fr/tag/seychelles.html,Blocked by robots.txt,Non-Indexable,
https://www.edc.ca/fr/tag/sierra-leone.html,Blocked by robots.txt,Non-Indexable,
https://www.edc.ca/fr/tag/singapore.html,Blocked by robots.txt,Non-Indexable,
https://www.edc.ca/fr/tag/sint-maarten-dutch.html,Blocked by robots.txt,Non-Indexable,
https://www.edc.ca/fr/tag/slovakia.html,Blocked by robots.txt,Non-Indexable,
https://www.edc.ca/fr/tag/slovenia.html,Blocked by robots.txt,Non-Indexable,
https://www.edc.ca/fr/tag/small-business.html,Blocked by robots.txt,Non-Indexable,
https://www.edc.ca/fr/tag/solomon-islands.html,Blocked by robots.txt,Non-Indexable,
https://www.edc.ca/fr/tag/somalia.html,Blocked by robots.txt,Non-Indexable,
https://www.edc.ca/fr/tag/south-africa.html,Blocked by robots.txt,Non-Indexable,
https://www.edc.ca/fr/tag/south-asia.html,Blocked by robots.txt,Non-Indexable,
https://www.edc.ca/fr/tag/south-central-america-the-caribbean.html,Blocked by robots.txt,Non-Indexable,
https://www.edc.ca/fr/tag/south-east-asia.html,Blocked by robots.txt,Non-Indexable,
https://www.edc.ca/fr/tag/south-georgia-s-sandwich-is.html,Blocked by robots.txt,Non-Indexable,
https://www.edc.ca/fr/tag/south-korea.html,Blocked by robots.txt,Non-Indexable,
https://www.edc.ca/fr/tag/south-sudan.html,Blocked by robots.txt,Non-Indexable,
https://www.edc.ca/fr/tag/spain.html,Blocked by robots.txt,Non-Indexable,
https://www.edc.ca/fr/tag/sri-lanka.html,Blocked by robots.txt,Non-Indexable,
https://www.edc.ca/fr/tag/st-helena-ascension-tristan.html,Blocked by robots.txt,Non-Indexable,
https://www.edc.ca/fr/tag/sub-saharan-africa.html,Blocked by robots.txt,Non-Indexable,
https://www.edc.ca/fr/tag/success-story.html,Blocked by robots.txt,Non-Indexable,
https://www.edc.ca/fr/tag/sudan.html,Blocked by robots.txt,Non-Indexable,
https://www.edc.ca/fr/tag/suriname.html,Blocked by robots.txt,Non-Indexable,
https://www.edc.ca/fr/tag/svalbard-jan-mayen.html,Blocked by robots.txt,Non-Indexable,
https://www.edc.ca/fr/tag/swaziland.html,Blocked by robots.txt,Non-Indexable,
https://www.edc.ca/fr/tag/sweden.html,Blocked by robots.txt,Non-Indexable,
https://www.edc.ca/fr/tag/switzerland.html,Blocked by robots.txt,Non-Indexable,
https://www.edc.ca/fr/tag/syria.html,Blocked by robots.txt,Non-Indexable,
https://www.edc.ca/fr/tag/taiwan.html,Blocked by robots.txt,Non-Indexable,
https://www.edc.ca/fr/tag/tajikistan.html,Blocked by robots.txt,Non-Indexable,
https://www.edc.ca/fr/tag/tanzania.html,Blocked by robots.txt,Non-Indexable,
https://www.edc.ca/fr/tag/tariffs.html,Blocked by robots.txt,Non-Indexable,
https://www.edc.ca/fr/tag/tech.html,Blocked by robots.txt,Non-Indexable,
https://www.edc.ca/fr/tag/telecommunications.html,Blocked by robots.txt,Non-Indexable,
https://www.edc.ca/fr/tag/thailand.html,Blocked by robots.txt,Non-Indexable,
https://www.edc.ca/fr/tag/timor-leste.html,Blocked by robots.txt,Non-Indexable,
https://www.edc.ca/fr/tag/togo.html,Blocked by robots.txt,Non-Indexable,
https://www.edc.ca/fr/tag/tokelau.html,Blocked by robots.txt,Non-Indexable,
https://www.edc.ca/fr/tag/tonga.html,Blocked by robots.txt,Non-Indexable,
https://www.edc.ca/fr/tag/trade-matters.html,Blocked by robots.txt,Non-Indexable,
https://www.edc.ca/fr/tag/trade-regulations.html,Blocked by robots.txt,Non-Indexable,
https://www.edc.ca/fr/tag/trinidad-tobago.html,Blocked by robots.txt,Non-Indexable,
https://www.edc.ca/fr/tag/tunisia.html,Blocked by robots.txt,Non-Indexable,
https://www.edc.ca/fr/tag/turkey.html,Blocked by robots.txt,Non-Indexable,
https://www.edc.ca/fr/tag/turkmenistan.html,Blocked by robots.txt,Non-Indexable,
https://www.edc.ca/fr/tag/turks-caicos-islands.html,Blocked by robots.txt,Non-Indexable,
https://www.edc.ca/fr/tag/tuvalu.html,Blocked by robots.txt,Non-Indexable,
https://www.edc.ca/fr/tag/uganda.html,Blocked by robots.txt,Non-Indexable,
https://www.edc.ca/fr/tag/ukraine.html,Blocked by robots.txt,Non-Indexable,
https://www.edc.ca/fr/tag/understanding-domestic-growth.html,Blocked by robots.txt,Non-Indexable,
https://www.edc.ca/fr/tag/united-arab-emirates.html,Blocked by robots.txt,Non-Indexable,
https://www.edc.ca/fr/tag/united-kingdom.html,Blocked by robots.txt,Non-Indexable,
https://www.edc.ca/fr/tag/united-states.html,Blocked by robots.txt,Non-Indexable,
https://www.edc.ca/fr/tag/uruguay.html,Blocked by robots.txt,Non-Indexable,
https://www.edc.ca/fr/tag/us-minor-outlying-islands.html,Blocked by robots.txt,Non-Indexable,
https://www.edc.ca/fr/tag/uzbekistan.html,Blocked by robots.txt,Non-Indexable,
https://www.edc.ca/fr/tag/vanuatu.html,Blocked by robots.txt,Non-Indexable,
https://www.edc.ca/fr/tag/venezuela.html,Blocked by robots.txt,Non-Indexable,
https://www.edc.ca/fr/tag/vietnam.html,Blocked by robots.txt,Non-Indexable,
https://www.edc.ca/fr/tag/virgin-islands-british.html,Blocked by robots.txt,Non-Indexable,
https://www.edc.ca/fr/tag/virgin-isls-us.html,Blocked by robots.txt,Non-Indexable,
https://www.edc.ca/fr/tag/wallis-futuna.html,Blocked by robots.txt,Non-Indexable,
https://www.edc.ca/fr/tag/water-waste-water.html,Blocked by robots.txt,Non-Indexable,
https://www.edc.ca/fr/tag/weekly-commentary.html,Blocked by robots.txt,Non-Indexable,
https://www.edc.ca/fr/tag/western-europe.html,Blocked by robots.txt,Non-Indexable,
https://www.edc.ca/fr/tag/western-sahara.html,Blocked by robots.txt,Non-Indexable,
https://www.edc.ca/fr/tag/women-in-trade.html,Blocked by robots.txt,Non-Indexable,
https://www.edc.ca/fr/tag/yemen.html,Blocked by robots.txt,Non-Indexable,
https://www.edc.ca/fr/tag/yukon.html,Blocked by robots.txt,Non-Indexable,
https://www.edc.ca/fr/tag/zambia.html,Blocked by robots.txt,Non-Indexable,
https://www.edc.ca/fr/tag/zimbabwe.html,Blocked by robots.txt,Non-Indexable,
https://www.edc.ca/fr/tool.html,Found,Non-Indexable,
https://www.edc.ca/fr/tool/build-your-strategy-card.html,Found,Non-Indexable,
https://www.edc.ca/fr/tool/build-your-strategy.html,OK,Indexable,Référentiel d’adaptation des activités | EDC
https://www.edc.ca/fr/tool/company-insight-card.html,Found,Non-Indexable,
https://www.edc.ca/fr/tool/connections.html,OK,Indexable,Établir des relations avec des entreprises à l'étranger | EDC
https://www.edc.ca/fr/tool/connections/activating-ecommerce-asia.html,OK,Indexable,Événement virtuel – Activation du commerce en ligne en Asie pour les entreprises canadiennes | EDC
https://www.edc.ca/fr/tool/connections/agri-food-edition.html,OK,Indexable,L'argumentaire parfait : L'édition des marques agroalimentaires | EDC
https://www.edc.ca/fr/tool/connections/breaking-into-korea-b2c-market.html,OK,Indexable,Pénétrer le marché B2C coréen : comment profiter du téléachat pour exporter des produits agroalimentaires | EDC
https://www.edc.ca/fr/tool/connections/business-in-peru.html,OK,Indexable,Faire des affaires au Pérou | EDC
https://www.edc.ca/fr/tool/connections/central-america-energy.html,OK,Indexable,Le domaine de l’énergie et les occasions en Amérique centrale | EDC
https://www.edc.ca/fr/tool/connections/doing-business-in-australia.html,OK,Indexable,Événement virtuel – Faire des affaires en Australie – série virtuelle | EDC
https://www.edc.ca/fr/tool/connections/doing-business-in-colombia.html,OK,Indexable,Faire des affaires en Colombie – série virtuelle | EDC
https://www.edc.ca/fr/tool/connections/doing-business-india.html,OK,Indexable,Événement virtuel – Faire des affaires en Inde | EDC
https://www.edc.ca/fr/tool/connections/doing-business-mexico.html,OK,Indexable,Faire des affaires au Mexique – série virtuelle | EDC
https://www.edc.ca/fr/tool/connections/edc-trends-in-trade.html,OK,Indexable,Tendances du commerce international d’EDC. Découvrez quels sont les secteurs d’avenir sur les marchés mondiaux. | EDC
https://www.edc.ca/fr/tool/connections/energy-and-mines-2023.html,OK,Indexable,Rencontrez un expert du secteur de EDC durant Energy and Mines 2023 | EDC
https://www.edc.ca/fr/tool/connections/exploring-business-opportunities-vietnam.html,OK,Indexable,Explorer les possibilités d'affaires au Vietnam | EDC
https://www.edc.ca/fr/tool/connections/global-economic-outlook-event.html,OK,Indexable,Perspectives économiques mondiales | EDC
https://www.edc.ca/fr/tool/connections/going-global-indo-pacific.html,OK,Indexable,Mettre le cap sur l’Indo-Pacifique | EDC
https://www.edc.ca/fr/tool/connections/harvesting-success-brazil.html,OK,Indexable,Récolter le succès : survivre au contexte de l’agroentreprise du Brésil | EDC
https://www.edc.ca/fr/tool/connections/international-companies-financing.html,OK,Indexable,Entreprises bénéficiant d'un financement d'EDC | EDC
https://www.edc.ca/fr/tool/connections/market-diversification-seafood.html,OK,Indexable,Nouveaux horizons: diversifier les exportations de produits de la mer vers les marchés mondiaux à forte croissance | EDC
https://www.edc.ca/fr/tool/connections/mining-peru.html,OK,Indexable,Exploitation minière au Pérou – Événement virtuel | EDC
https://www.edc.ca/fr/tool/connections/nearshowingshowcase-mexico.html,OK,Indexable,Le Carrefour de Croissance d’exportations d'EDC : Vitrine de la délocalisation de proximité - Mexique | EDC
https://www.edc.ca/fr/tool/connections/perfect-your-pitch-to-international-buyers.html,OK,Indexable,Événement virtuel – Apprenez comment parfaire votre présentation aux acheteurs étrangers | EDC
https://www.edc.ca/fr/tool/connections/perfect-your-pitch.html,OK,Indexable,L’art de convaincre | EDC
https://www.edc.ca/fr/tool/connections/sustainable-transformations-mining-chile.html,OK,Indexable,Événement virtuel : Ayez l’heure juste sur les projets de transformation durable des producteurs miniers de premier ordre du Chili | EDC
https://www.edc.ca/fr/tool/connections/transport-logistics-event.html,OK,Indexable,Evénement Transport et Logistique | EDC
https://www.edc.ca/fr/tool/connections/u-s-tradeshow-ready.html,OK,Indexable,Vous développez vos activités aux États-Unis? Préparez votre participation aux salons professionnels! | EDC
https://www.edc.ca/fr/tool/country-risk-quarterly.html,OK,Indexable,L’Analyse des risques pays 2026 : risques à l’export | EDC
https://www.edc.ca/fr/tool/edc-learn-card.html,OK,Indexable,Apprendre | EDC
https://www.edc.ca/fr/tool/edc-learn.html,OK,Indexable,La série d’apprentissage allégée FITT | EDC
https://www.edc.ca/fr/tool/export-help-hub-card.html,Found,Non-Indexable,
https://www.edc.ca/fr/tool/export-help-hub.html,OK,Indexable,Centre aide-export | EDC
https://www.edc.ca/fr/tool/inlist-card.html,Found,Non-Indexable,
https://www.edc.ca/fr/tool/inlist.html,OK,Indexable,EnListe d’EDC | EDC
https://www.edc.ca/fr/tool/myedc.html,OK,Indexable,Faites croître votre entreprise avec MonEDC | EDC
https://www.edc.ca/fr/trade-matters.html,Found,Non-Indexable,
https://www.edc.ca/fr/trade-matters/all-eyes-on-Indonesia.html,OK,Non-Indexable,Pleins feux sur l’Indonésie | EDC
https://www.edc.ca/fr/trade-matters/american-economy-exceptionalism-2025.html,OK,Indexable,L’exceptionnalisme américain sculpte les perspectives mondiales | EDC
https://www.edc.ca/fr/trade-matters/biggest-electoral-year-in-history.html,OK,Indexable,2024 : année d’élections à l’international | EDC
https://www.edc.ca/fr/trade-matters/brazil-outlook-2026-risks-opportunities.html,OK,Indexable,Brésil : les risques et les débouchés en 2026 | EDC
https://www.edc.ca/fr/trade-matters/brighter-days-ahead-economy.html,OK,Indexable,Enfin arrivés à destination? | EDC
https://www.edc.ca/fr/trade-matters/canada-ai-digital-services-exports.html,OK,Indexable,L’exportation de services numériques à l’ère de l’IA | EDC
https://www.edc.ca/fr/trade-matters/canada-auto-sector-faces-bumpy-road.html,OK,Indexable,Secteur automobile canadien : trajet difficile en vue | EDC
https://www.edc.ca/fr/trade-matters/canada-cleantech-export-edge.html,OK,Indexable,Technos propres du Canada : en essor et profitables | EDC
https://www.edc.ca/fr/trade-matters/canada-cleantech-export-growth.html,OK,Indexable,Accélérer l’innovation propre au Canada | EDC
https://www.edc.ca/fr/trade-matters/canada-eu-critical-minerals.html,OK,Indexable,Alliance Canada-UE sur les minéraux critiques | EDC
https://www.edc.ca/fr/trade-matters/canada-export-opportunities-philippines.html,OK,Indexable,Exportateurs canadiens : les débouchés aux Philippines | EDC
https://www.edc.ca/fr/trade-matters/canada-france-trade-strategic-partnership.html,OK,Indexable,Commerce Canada-France : un partenariat en évolution | EDC
https://www.edc.ca/fr/trade-matters/canada-mexico-agrifood.html,OK,Indexable,Agroalimentaire : portrait du commerce canado-mexicain | EDC
https://www.edc.ca/fr/trade-matters/canada-mexico-trade.html,OK,Indexable,Forts ensemble: dynamiser le commerce Canada-Mexique | EDC
https://www.edc.ca/fr/trade-matters/canada-services-export-potential.html,OK,Indexable,Direction la stratosphère pour les services du Canada | EDC
https://www.edc.ca/fr/trade-matters/canada-south-korea-trade.html,OK,Indexable,10 ans de libre-échange avec la Corée du Sud | EDC
https://www.edc.ca/fr/trade-matters/canada-why-global-trade-matters.html,OK,Indexable,Zone commerce : votre source d’expertise commerciale | EDC
https://www.edc.ca/fr/trade-matters/canadian-expertise-west-africa-infrastructure-gap.html,OK,Indexable,Afrique du l’Ouest : notre expertise en infrastructure | EDC
https://www.edc.ca/fr/trade-matters/canadian-exporters-should-consider-growth-opportunities.html,OK,Indexable,Exportateurs canadiens : gérer l’incertitude et croître | EDC
https://www.edc.ca/fr/trade-matters/canadian-seafood-exports-opportunities.html,OK,Indexable,Produits de la mer : de belles prises   le Canada | EDC
https://www.edc.ca/fr/trade-matters/ceta-canada-eu-opportunities.html,OK,Indexable,Relation Canada-UE : propulsée par l’AECG | EDC
https://www.edc.ca/fr/trade-matters/challenging-outlook-for-us-oil-producers.html,OK,Indexable,Perspectives difficiles pour les pétrolières américaines | EDC
https://www.edc.ca/fr/trade-matters/chile-economic-outlook-2026.html,OK,Indexable,"Le Chili en 2026 : croissance, risques et réformes | EDC"
https://www.edc.ca/fr/trade-matters/china-economic-transition-exporters.html,OK,Indexable,Transition économique chinoise et enjeux pour les exportateurs | EDC
https://www.edc.ca/fr/trade-matters/cleantech-sector-artificial-intelligence-innovation.html,OK,Indexable,Technologies propres : l’IA redessine l’innovation | EDC
https://www.edc.ca/fr/trade-matters/colombia-business-opportunities.html,OK,Indexable,La Colombie rime avec croissance pour nos exportateurs | EDC
https://www.edc.ca/fr/trade-matters/critical-minerals-canada-germany.html,OK,Indexable,Minéraux critiques canadiens et transition allemande | EDC
https://www.edc.ca/fr/trade-matters/currency-rate-fluctuations-exports.html,OK,Indexable,Exportateurs : faire face à la volatilité des devises | EDC
https://www.edc.ca/fr/trade-matters/economic-nationalism-returns.html,OK,Indexable,Perspective : recentrage de la politique commerciale | EDC
https://www.edc.ca/fr/trade-matters/economy-impacting-exporter-confidence.html,OK,Indexable,La conjuncture ébranle la confiance des exportateurs | EDC
https://www.edc.ca/fr/trade-matters/edc-risks-we-face-2024.html,OK,Indexable,Ce que nous réserve 2024 | EDC
https://www.edc.ca/fr/trade-matters/eu-carbon-policy-opportunities-canadian-exporters.html,OK,Indexable,L’UE met le cap sur la décarbonation | EDC
https://www.edc.ca/fr/trade-matters/exporter-productivity-diversification.html,OK,Indexable,Productivité et diversification : cartes maîtresses | EDC
https://www.edc.ca/fr/trade-matters/exporter-trade-confidence-2025-drops.html,OK,Indexable,Les tarifs minent la confiance de nos exportateurs | EDC
https://www.edc.ca/fr/trade-matters/exporter-trade-confidence-resilience.html,OK,Indexable,Ère postpandémie : les exportateurs tournent la page | EDC
https://www.edc.ca/fr/trade-matters/exporters-cdia-foreign-affiliates.html,OK,Indexable,Secteur négligé du commerce du Canada | EDC
https://www.edc.ca/fr/trade-matters/geopolitical-risk-energy-shocks.html,OK,Indexable,Perspectives économiques mondiales : risques commerciaux | EDC
https://www.edc.ca/fr/trade-matters/geopolitical-risk-exporters.html,OK,Indexable,Le risque géopolitique assombrit-il votre bilan financier? | EDC
https://www.edc.ca/fr/trade-matters/global-economic-outlook-stabilizes.html,OK,Indexable,Rapport des Perspectives économiques mondiales | EDC
https://www.edc.ca/fr/trade-matters/global-economy-fragile.html,OK,Indexable,"Tarifs, taux d’intérêt et devises : les tendances de 2025 | EDC"
https://www.edc.ca/fr/trade-matters/global-economy-trade-tensions-2026.html,OK,Indexable,Virevolte politique et tensions commerciales en 2026 | EDC
https://www.edc.ca/fr/trade-matters/global-economy-underwhelms.html,OK,Indexable,Perspectives en demi-teinte : ni trop tonique ou atone | EDC
https://www.edc.ca/fr/trade-matters/global-trade-resilience.html,OK,Indexable,Commerce mondial et résilience des chaînes logistiques | EDC
https://www.edc.ca/fr/trade-matters/high-growth-markets-for-canadian-exporters.html,OK,Indexable,Des marchés à forte croissance pour nos exportateurs | EDC
https://www.edc.ca/fr/trade-matters/india-export-opportunities-canadian-businesses.html,OK,Indexable,"Inde : son essor, source de débouchés d’exportation | EDC"
https://www.edc.ca/fr/trade-matters/japan-opportunities-for-canadian-business.html,OK,Indexable,Débouchés pour les entreprises canadiennes au Japon | EDC
https://www.edc.ca/fr/trade-matters/measuring-geopolitical-risk.html,OK,Indexable,Évaluer le risque géopolitique | EDC
https://www.edc.ca/fr/trade-matters/modest-global-economic-outlook.html,OK,Indexable,Amorcer la descente | EDC
https://www.edc.ca/fr/trade-matters/navigating-trade-uncertainty.html,OK,Indexable,Naviguer dans l’incertitude commerciale et économique | EDC
https://www.edc.ca/fr/trade-matters/net-zero-pathfinder.html,OK,Indexable,Cap sur la carboneutralité | EDC
https://www.edc.ca/fr/trade-matters/oil-market-pressures.html,OK,Indexable,Un réveil brut-al | EDC
https://www.edc.ca/fr/trade-matters/r-d-investment-canadian-exporters.html,OK,Indexable,Investir en R-D : capital pour nos exportateurs | EDC
https://www.edc.ca/fr/trade-matters/rising-government-debt-and-global-economic-impact.html,OK,Indexable,Gonflement de la dette publique et économie mondiale | EDC
https://www.edc.ca/fr/trade-matters/risks-challenge-canada-businesses.html,OK,Indexable,La résilience : vitale dans une conjoncture incertaine | EDC
https://www.edc.ca/fr/trade-matters/slow-global-economic-growth-2024.html,OK,Indexable,Perspectives d’EDC : lent retour vers plus de croissance | EDC
https://www.edc.ca/fr/trade-matters/south-korea-canada-export-trade.html,OK,Indexable,La Corée du Sud garde le cap sur la croissance | EDC
https://www.edc.ca/fr/trade-matters/supply-chain-challenges-red-sea.html,OK,Indexable,"Nouvelle année, même combat | EDC"
https://www.edc.ca/fr/trade-matters/surge-in-gold-prices.html,OK,Indexable,L’incertitude géopolitique propulse le cours de l’or | EDC
https://www.edc.ca/fr/trade-matters/thailand-market-export-potential.html,OK,Indexable,Le marché d'exportation de la Thaïlande : Opportunités économiques | EDC
https://www.edc.ca/fr/trade-matters/top-10-global-risks-2026.html,OK,Indexable,Les 10 risques mondiaux pour les exportateurs canadiens | EDC
https://www.edc.ca/fr/trade-matters/trade-confidence-edges-up.html,OK,Indexable,La confiance s’accroît malgré l’incertitude | EDC
https://www.edc.ca/fr/trade-matters/trade-enabling-infrastructure-upgrades.html,OK,Indexable,"L’infrastructure commerciale, dynamo de la croissance | EDC"
https://www.edc.ca/fr/trade-matters/us-dollar-dominance-under-threat.html,OK,Indexable,Fin du règne de l’USD :  des annonces très exagérées | EDC
https://www.edc.ca/fr/trade-matters/us-tariffs-geopolitics.html,OK,Indexable,Rapport Perspectives économiques mondiales 2025 | EDC
https://www.edc.ca/fr/trade-matters/vietnam-canada-export-opportunities.html,OK,Indexable,Le Vietnam : un marché porteur pour nos exportateurs | EDC
https://www.edc.ca/fr/tradeinsights.html,OK,Indexable,ExportActions | EDC
https://www.edc.ca/fr/triage-inquiry.html,OK,Non-Indexable,Options de financement pour les petites entreprises | EDC
https://www.edc.ca/fr/weekly-commentary.html,Found,Non-Indexable,
https://www.edc.ca/fr/weekly-commentary/10-country-risks-2018.html,OK,Indexable,Les 10 principaux risques pays à surveiller en 2018 | EDC
https://www.edc.ca/fr/weekly-commentary/10-risks-canadian-exporters-face-2019.html,OK,Indexable,Dix risques pour les exportateurs canadiens : l’analyse d’EDC | EDC
https://www.edc.ca/fr/weekly-commentary/2022-review-year-ahead.html,OK,Indexable,2022 : toute une année! | EDC
https://www.edc.ca/fr/weekly-commentary/a-new-deal-for-north-america.html,OK,Indexable,Nouvel accord pour l’Amérique du Nord | EDC
https://www.edc.ca/fr/weekly-commentary/agriculture-ban-brings-opportunities-for-canadians.html,OK,Indexable,Guerres commerciales et perspectives agricoles | EDC
https://www.edc.ca/fr/weekly-commentary/all-systems-go.html,OK,Indexable,Tous les voyants au vert? | EDC
https://www.edc.ca/fr/weekly-commentary/americas-auto-sector.html,OK,Indexable,L’industrie automobile américaine tourne à plein régime | EDC
https://www.edc.ca/fr/weekly-commentary/amlo-mexico-election-review.html,OK,Indexable,Analyse du résultat des élections mexicaines : l’élément populiste | EDC
https://www.edc.ca/fr/weekly-commentary/and-you-thought-2018-was-fun.html,OK,Indexable,Et vous avez cru que 2018 était palpitante! | EDC
https://www.edc.ca/fr/weekly-commentary/are-global-exports-faltering.html,OK,Indexable,Repli des exportations mondiales? | EDC
https://www.edc.ca/fr/weekly-commentary/as-the-world-diversifies.html,OK,Indexable,Le monde est à l’heure de la diversification. Et le Canada? | EDC
https://www.edc.ca/fr/weekly-commentary/australia-small-mighty-trade-nation.html,OK,Indexable,"Australie: une petite nation, mais une puissante nation commerçante"
https://www.edc.ca/fr/weekly-commentary/auto-sector-and-vehicle-sales.html,OK,Indexable,Les ventes de véhicules : en mode pilote automatique? | EDC
https://www.edc.ca/fr/weekly-commentary/better-than-feared.html,OK,Indexable,"Mieux que ce qui était redouté, mais la reprise sera longue et inégale | EDC"
https://www.edc.ca/fr/weekly-commentary/brazil-opportunity-comes-with-risk.html,OK,Indexable,"Brésil, marché en perpétuelle émergence | EDC"
https://www.edc.ca/fr/weekly-commentary/breakthrough-needed-to-end-global-tension.html,OK,Indexable,Ce qu’il nous faut : une avancée majeure (ou deux!) | EDC
https://www.edc.ca/fr/weekly-commentary/business-finances-going-all-in.html,OK,Indexable,Les entreprises  qui risquent tout
https://www.edc.ca/fr/weekly-commentary/canada-asean-opportunities.html,OK,Indexable,ANASE : les débouchés pour le Canada | EDC
https://www.edc.ca/fr/weekly-commentary/canada-asian-bonanza.html,OK,Indexable,L’Asie : un riche filon pour le Canada | EDC
https://www.edc.ca/fr/weekly-commentary/canada-cleantech-potential.html,OK,Indexable,Potentiel du secteur canadien des technologies propres | EDC
https://www.edc.ca/fr/weekly-commentary/canada-climb-out-covid-chasm.html,OK,Indexable,Le Canada émerge de la pandémie | EDC
https://www.edc.ca/fr/weekly-commentary/canada-competitive-business-environment.html,OK,Indexable,Compétitivité : le Canada est attractif et en tête? | EDC
https://www.edc.ca/fr/weekly-commentary/canada-cultural-sector-export-potential.html,OK,Indexable,"Lumière, caméra, on exporte! | EDC"
https://www.edc.ca/fr/weekly-commentary/canada-diversification-in-asia.html,OK,Indexable,La diversification du Canada en Asie | EDC
https://www.edc.ca/fr/weekly-commentary/canada-economic-confidence-soaring.html,OK,Indexable,L’élan de la confiance défie la morosité | EDC
https://www.edc.ca/fr/weekly-commentary/canada-europe-energy-supply-options.html,OK,Indexable,L’échiquier énergétique | EDC
https://www.edc.ca/fr/weekly-commentary/canada-export-prospects-2022.html,OK,Indexable,Exportations canadiennes : les perspectives pour 2022 | EDC
https://www.edc.ca/fr/weekly-commentary/canada-exporter-confidence-improving.html,OK,Indexable,La confiance émerge des creux de l’an dernier | EDC
https://www.edc.ca/fr/weekly-commentary/canada-exporters-be-bold-informed.html,OK,Indexable,"Soyez braves, audacieux, avertis | EDC"
https://www.edc.ca/fr/weekly-commentary/canada-exports-growth.html,OK,Indexable,Progression des exportations canadiennes? | EDC
https://www.edc.ca/fr/weekly-commentary/canada-in-world-agri-food-game.html,OK,Indexable,Le Canada figure-t-il parmi les meneurs du secteur agroalimentaire ?
https://www.edc.ca/fr/weekly-commentary/canada-indo-pacific-strategy.html,OK,Indexable,Le potentiel de l’Indo-Pacifique | EDC
https://www.edc.ca/fr/weekly-commentary/canada-long-term-trade-outlook.html,OK,Indexable,Commerce : les grands enjeux à long terme pour le Canada | EDC
https://www.edc.ca/fr/weekly-commentary/canada-peru-connection.html,OK,Indexable,Les liens entre le Canada et le Pérou | Exportation et développement Canada
https://www.edc.ca/fr/weekly-commentary/canada-provincial-industrial-export-outlook.html,OK,Indexable,Prévisions à l’exportation par provinces et secteurs | EDC
https://www.edc.ca/fr/weekly-commentary/canada-s-growth-zone.html,OK,Indexable,Une zone de croissance pour le Canada | EDC
https://www.edc.ca/fr/weekly-commentary/canada-trades-with-fast-growing-countries.html,OK,Indexable,"Le commerce extérieur du Canada croît rapidement, et avec plusieurs pays"
https://www.edc.ca/fr/weekly-commentary/canadas-next-fish-crisis.html,OK,Indexable,Secteur canadien des pêches : la prochaine crise | EDC
https://www.edc.ca/fr/weekly-commentary/canadian-agri-food-feeds-china.html,OK,Indexable,L'industrie agroalimentaire canadienne nourrit la Chine
https://www.edc.ca/fr/weekly-commentary/canadian-export-outlook.html,OK,Indexable,Perspectives d’exportation – Prévisions provinciales | EDC
https://www.edc.ca/fr/weekly-commentary/canadian-exporters-brace-for-chill.html,OK,Indexable,Hiver frisquet pour les exportateurs canadiens | EDC
https://www.edc.ca/fr/weekly-commentary/canadian-exporters-share-concerns.html,OK,Indexable,Qu’est-ce qui tient les exportateurs éveillés la nuit? | EDC
https://www.edc.ca/fr/weekly-commentary/canadian-exporters-trade-policy-perspectives.html,OK,Indexable,Les politiques commerciales vues par les exportateurs canadiens
https://www.edc.ca/fr/weekly-commentary/canadian-exports-grow-as-economy-rebounds.html,OK,Indexable,Sursaut économique rime avec croissance des exportations | EDC
https://www.edc.ca/fr/weekly-commentary/canadian-provinces-nafta-negotiations.html,OK,Indexable,Les provinces canadiennes dans les négociations de l'ALENA
https://www.edc.ca/fr/weekly-commentary/canadian-trade-confidence-record-rebound.html,OK,Indexable,Rebond record de la confiance commerciale au Canada | EDC
https://www.edc.ca/fr/weekly-commentary/canadian-trade-confidence-slides-in-2020.html,OK,Indexable,La confiance commerciale continue de s’effriter au Canada | EDC
https://www.edc.ca/fr/weekly-commentary/charting-the-course-through-chaos.html,OK,Indexable,Fixer le cap et maîtriser le chaos | EDC
https://www.edc.ca/fr/weekly-commentary/chicago-bound.html,OK,Indexable,Cap sur Chicago! | EDC
https://www.edc.ca/fr/weekly-commentary/china-2020-trade-outlook.html,OK,Indexable,Les perspectives de 2020 pour la Chine | EDC
https://www.edc.ca/fr/weekly-commentary/china-at-the-crossroads.html,OK,Indexable,La Chine à la croisée des chemins | EDC
https://www.edc.ca/fr/weekly-commentary/china-canada-trade.html,OK,Indexable,Le commerce entre la Chine et le Canada en panne? | EDC
https://www.edc.ca/fr/weekly-commentary/commodity-consumer-inflation-prices.html,OK,Indexable,"Produits de base, consommateur et AE : Pourquoi les prix sont-ils si modérés?"
https://www.edc.ca/fr/weekly-commentary/confidence-bucks-trade-turmoil.html,OK,Indexable,La confiance défie les turbulences commerciales | EDC
https://www.edc.ca/fr/weekly-commentary/confidence-checkup.html,OK,Indexable,Bilan de santé de la confiance | EDC
https://www.edc.ca/fr/weekly-commentary/consumer-data-is-strong.html,OK,Indexable,Un Noël frisquet pour les consommateurs? | EDC
https://www.edc.ca/fr/weekly-commentary/coronavirus-business-investment.html,OK,Indexable,La coronavirus et l’investissement des entreprises | EDC
https://www.edc.ca/fr/weekly-commentary/coronavirus-consumer.html,OK,Indexable,Le coronavirus et le consommateur | EDC
https://www.edc.ca/fr/weekly-commentary/coronavirus-crunch.html,OK,Indexable,La crise du coronavirus | EDC
https://www.edc.ca/fr/weekly-commentary/coronavirus-policy-response.html,OK,Indexable,Plans d’action publics face au coronavirus | EDC
https://www.edc.ca/fr/weekly-commentary/country-risk-on-the-mend.html,OK,Indexable,Risques pays : enfin le retour à stabilité? | EDC
https://www.edc.ca/fr/weekly-commentary/country-risk-whats-on-our-radar.html,OK,Indexable,Quels risques pays sont dans notre mire? - EDC
https://www.edc.ca/fr/weekly-commentary/country-risks-for-canadian-companies.html,OK,Indexable,Les risques pour les compagnies canadiennes dans divers pays
https://www.edc.ca/fr/weekly-commentary/covid-19-and-country-risk-ratings.html,OK,Indexable,La COVID-19 et la notation des risques pays | EDC
https://www.edc.ca/fr/weekly-commentary/covid-19-and-the-auto-sector.html,OK,Indexable,La COVID-19 et le secteur automobile | EDC
https://www.edc.ca/fr/weekly-commentary/covid-19-car-craze.html,OK,Indexable,Pandémie et fièvre automobile | EDC
https://www.edc.ca/fr/weekly-commentary/covid-19-ceta-anniversary.html,OK,Indexable,La COVID-19 et les trois ans de l’AECG | EDC
https://www.edc.ca/fr/weekly-commentary/covid-19-country-risk.html,OK,Indexable,COVID-19 : ses retombées sur l'économie amplifient les risques pays | EDC
https://www.edc.ca/fr/weekly-commentary/covid-19-debt-drama.html,OK,Indexable,La COVID-19 et le drame de la dette | EDC
https://www.edc.ca/fr/weekly-commentary/covid-19-demands-economy.html,OK,Indexable,La COVID-19 et ses demandes sur l'économie | EDC
https://www.edc.ca/fr/weekly-commentary/covid-19-disrupts-our-lives.html,OK,Indexable,COVID-19 : La surprise de l’année | EDC
https://www.edc.ca/fr/weekly-commentary/covid-19-economic-recovery-challenging.html,OK,Indexable,Pénurie de capacités | EDC
https://www.edc.ca/fr/weekly-commentary/covid-19-fast-last.html,OK,Indexable,COVID-19 : L’embellie sera passagère | EDC
https://www.edc.ca/fr/weekly-commentary/covid-19-growth-outlook.html,OK,Indexable,Comment évoluera la croissance dans l’après-COVID-19? | EDC
https://www.edc.ca/fr/weekly-commentary/covid-19-impact.html,OK,Indexable,COVID-19 : des répercussions inégales | EDC
https://www.edc.ca/fr/weekly-commentary/covid-19-industry-impact.html,OK,Indexable,COVID-19: Les impacts sectoriels | EDC
https://www.edc.ca/fr/weekly-commentary/covid-19-job-back.html,OK,Indexable,La COVID-19 : à quand mon retour au travail? | EDC
https://www.edc.ca/fr/weekly-commentary/covid-19-june-data.html,OK,Indexable,COVID-19 : une lueur d’espoir? | EDC
https://www.edc.ca/fr/weekly-commentary/covid-19-mechanization.html,OK,Indexable,La COVID-19 et la mécanisation | EDC
https://www.edc.ca/fr/weekly-commentary/covid-19-recovery-inflation.html,OK,Indexable,"La COVID-19, la relance et l’inflation | EDC"
https://www.edc.ca/fr/weekly-commentary/covid-19-recovery-top-concern.html,OK,Indexable,La relance : la première préoccupation en temps de pandémie | EDC
https://www.edc.ca/fr/weekly-commentary/covid-19-retail-sector.html,OK,Indexable,COVID-19 : l’épreuve la plus difficile pour le secteur du détail? | EDC
https://www.edc.ca/fr/weekly-commentary/covid-19-second-wave.html,OK,Indexable,COVID-19: contenir la deuxième vague | EDC
https://www.edc.ca/fr/weekly-commentary/covid-19-surveying-the-damage.html,OK,Indexable,COVID-19 : évaluer les dommages | EDC
https://www.edc.ca/fr/weekly-commentary/covid-food-demand.html,OK,Indexable,La COVID-19 et le secteur alimentaire | EDC
https://www.edc.ca/fr/weekly-commentary/covid-gold-rally.html,OK,Indexable,La COVID-19 et l’envolée de l’or | EDC
https://www.edc.ca/fr/weekly-commentary/covid-impacts-vary-across-countries.html,OK,Indexable,Effets de la pandémie : un panorama mondial | EDC
https://www.edc.ca/fr/weekly-commentary/covid-pent-up-demand.html,OK,Indexable,La COVID-19 et la demande comprimée | EDC
https://www.edc.ca/fr/weekly-commentary/cptpp-trade.html,OK,Indexable,PTPGP : le commerce a toujours la cote! | EDC
https://www.edc.ca/fr/weekly-commentary/critical-mineral-supply-chains.html,OK,Indexable,Le chemin critique des minéraux critiques | EDC
https://www.edc.ca/fr/weekly-commentary/critical-need-for-investment.html,OK,Indexable,Investir : un besoin pressant | EDC
https://www.edc.ca/fr/weekly-commentary/currencies-tumble.html,OK,Indexable,Réévaluation des risques par les marchés : des monnaies écopent | EDC
https://www.edc.ca/fr/weekly-commentary/data-interpretation-for-business-growth.html,OK,Indexable,"L’interprétation des données, clé de la planification | EDC"
https://www.edc.ca/fr/weekly-commentary/demand-for-vehicles-red-hot.html,OK,Indexable,Automobile : la demande s’emballe | EDC
https://www.edc.ca/fr/weekly-commentary/developing-markets-sovereign-debt-risks.html,OK,Indexable,Des finances sous tension | EDC
https://www.edc.ca/fr/weekly-commentary/economic-benefits-of-mechanization.html,OK,Indexable,Les avantages économiques de la mécanisation | EDC
https://www.edc.ca/fr/weekly-commentary/economic-downturns-much-shorter.html,OK,Indexable,Une perspective à long terme | EDC
https://www.edc.ca/fr/weekly-commentary/economic-fallout-ukraine.html,OK,Indexable,Guerre en Ukraine : ses effets sur l’économie | EDC
https://www.edc.ca/fr/weekly-commentary/economic-growth-surges-pandemic-lingers.html,OK,Indexable,La croisée des chemins | EDC
https://www.edc.ca/fr/weekly-commentary/economic-recovery-hard.html,OK,Indexable,Redémarrage de l’économie : rien de plus facile? | EDC
https://www.edc.ca/fr/weekly-commentary/economic-risk-in-export-markets.html,OK,Indexable,"Des risques aujourd'hui, et encore plus demain | EDC"
https://www.edc.ca/fr/weekly-commentary/edc-canadian-trade-confidence-rebounds.html,OK,Indexable,La confiance commerciale reprend du mieux | EDC
https://www.edc.ca/fr/weekly-commentary/edc-country-risk-ratings.html,OK,Indexable,Est-ce que le monde était plus risqué en 2021? | EDC
https://www.edc.ca/fr/weekly-commentary/edc-global-trade-booming.html,OK,Indexable,"Les accrocs dans l’approvisionnement, un frein au commerce? | EDC"
https://www.edc.ca/fr/weekly-commentary/edc-industry-forecasting-tool.html,OK,Indexable,Nouvel outil de prévision industrielle pour EDC
https://www.edc.ca/fr/weekly-commentary/edc-it-takes-a-team.html,OK,Indexable,Ça prend une équipe  | EDC
https://www.edc.ca/fr/weekly-commentary/edc-monitoring-country-risks.html,OK,Indexable,Risques commerciaux : à l’affût des menaces mondiales | EDC
https://www.edc.ca/fr/weekly-commentary/edc-optimistic-economic-forecast.html,OK,Indexable,"Vers l’immunité, et au-delà! | EDC"
https://www.edc.ca/fr/weekly-commentary/edc-survey-covid-19.html,OK,Indexable,Le sondage d’EDC sur la COVID-19 | EDC
https://www.edc.ca/fr/weekly-commentary/edc-top-10-risks-commentary.html,OK,Indexable,Sur un air de Summertime and the living' isn't all that easy | EDC
https://www.edc.ca/fr/weekly-commentary/edc-top-global-risks-commentary.html,OK,Indexable,Les 10 plus gros risques selon les Services économiques | EDC
https://www.edc.ca/fr/weekly-commentary/edc-trends-watch.html,OK,Indexable,Gare à la myopie des marchés  | EDC
https://www.edc.ca/fr/weekly-commentary/edc-valuable-global-economic-insights.html,OK,Indexable,Perspectives mondiales : vers une croissance robuste mais inégale | EDC
https://www.edc.ca/fr/weekly-commentary/elections-in-latin-america.html,OK,Indexable,Élections en Amérique latine : l’inquiétude s’accroît | EDC
https://www.edc.ca/fr/weekly-commentary/emerging-market-growth.html,OK,Indexable,Marchés émergents : qui gagne la course à la croissance? | EDC
https://www.edc.ca/fr/weekly-commentary/emerging-markets-fiscal-stress.html,OK,Indexable,É.-U. & Europe : l’éclaircie contrarie d’autres marchés| EDC
https://www.edc.ca/fr/weekly-commentary/end-of-capitalism.html,OK,Indexable,Le capitalisme : à la croisée des chemins
https://www.edc.ca/fr/weekly-commentary/energy-crisis-threat-europe-climate-goals.html,OK,Indexable,Décoder les signaux au milieu des turbulences | EDC
https://www.edc.ca/fr/weekly-commentary/energy-transition-challenges-create-opportunities.html,OK,Indexable,Technologies propres : des occasions en or | EDC
https://www.edc.ca/fr/weekly-commentary/europe-business-challenges.html,OK,Indexable,L'Europe et ses grands défis
https://www.edc.ca/fr/weekly-commentary/europe-economic-growth.html,OK,Indexable,L'Europe s'enflamme pour la croissance économique
https://www.edc.ca/fr/weekly-commentary/expanding-coronavirus-covid-19-threat.html,OK,Indexable,Coronavirus (COVID-19) : une menace grandissante | EDC
https://www.edc.ca/fr/weekly-commentary/export-insights-for-canadian-companies.html,OK,Indexable,Aperçu sur les exportations vers les É.-U. par les entreprises canadiennes
https://www.edc.ca/fr/weekly-commentary/export-opportunities-in-africa.html,OK,Indexable,Résilience : l’Afrique est à un tournant | EDC
https://www.edc.ca/fr/weekly-commentary/export-outlook-by-industry.html,OK,Indexable,Exportations : les perspectives sectorielles | EDC
https://www.edc.ca/fr/weekly-commentary/export-outlook-canadian-sectors.html,OK,Indexable,Perspectives à l'exportation pour les divers secteurs canadiens
https://www.edc.ca/fr/weekly-commentary/export-related-terms.html,OK,Indexable,Exportation : le terme « diversification » refait surface | EDC
https://www.edc.ca/fr/weekly-commentary/export-trade-increase-global-shipping-industry.html,OK,Indexable,Croissance des exportations et du commerce dans l'industrie du transport
https://www.edc.ca/fr/weekly-commentary/exporter-trade-confidence-gloomy.html,OK,Indexable,La confiance commerciale chute des pics de 2021 | EDC
https://www.edc.ca/fr/weekly-commentary/exporters-worry-about-parity-plus.html,OK,Indexable,Les exportateurs inquiets du retour possible de la parité des monnaies
https://www.edc.ca/fr/weekly-commentary/exports-global-recovery-gauge.html,OK,Indexable,"Les exportations, indicateur de la relance | EDC"
https://www.edc.ca/fr/weekly-commentary/exports-in-emerging-markets.html,OK,Indexable,Exporter dans les marchés émergents
https://www.edc.ca/fr/weekly-commentary/feeling-groovy.html,OK,Indexable,De belle humeur | EDC
https://www.edc.ca/fr/weekly-commentary/fragile-global-economy.html,OK,Indexable,PEM : une récession induite par la croissance | EDC
https://www.edc.ca/fr/weekly-commentary/gdp-data-covid-19.html,OK,Indexable,COVID-19 : décrypter les données du PIP | EDC
https://www.edc.ca/fr/weekly-commentary/georgia-on-my-mind.html,OK,Indexable,"Géorgie, tu ne me quittes jamais | EDC"
https://www.edc.ca/fr/weekly-commentary/global-debt-is-going-up.html,OK,Indexable,Au dette-triment du développement? - EDC
https://www.edc.ca/fr/weekly-commentary/global-economic-outlook-covid-19.html,OK,Indexable,Relance imminente après la COVID-19? | EDC
https://www.edc.ca/fr/weekly-commentary/global-economy-hard-road-ahead.html,OK,Indexable,Conditions difficiles en vue pour l’économie mondiale | EDC
https://www.edc.ca/fr/weekly-commentary/global-economy-stuck-in-doldrums.html,OK,Indexable,Plongée dans le marasme | EDC
https://www.edc.ca/fr/weekly-commentary/global-export-forecast-trade-slowdown.html,OK,Indexable,Prévisions à l’exportation : net repli de la croissance | EDC
https://www.edc.ca/fr/weekly-commentary/global-export-forecast-uneven.html,OK,Indexable,Prévisions à l’exportation – Jours meilleurs à venir | EDC
https://www.edc.ca/fr/weekly-commentary/global-forecast-improves.html,OK,Indexable,La tempête économique se calme | EDC
https://www.edc.ca/fr/weekly-commentary/global-growth-surprise.html,OK,Indexable,"Surprenante, la croissance mondiale | EDC"
https://www.edc.ca/fr/weekly-commentary/global-need-for-new-investment.html,OK,Indexable,Investir : une nécessité mondiale | EDC
https://www.edc.ca/fr/weekly-commentary/global-outlook-covid-19.html,OK,Indexable,Nous ne sommes toujours pas sortis du bois | EDC
https://www.edc.ca/fr/weekly-commentary/global-outlook-hope-deferred.html,OK,Indexable,Perspectives mondiales : un espoir qui tarde | EDC
https://www.edc.ca/fr/weekly-commentary/global-recovery-uneven.html,OK,Indexable,Nette tendance à l’amélioration | EDC
https://www.edc.ca/fr/weekly-commentary/global-shipping-gridlock.html,OK,Indexable,Transport maritime mondial : des écueils temporaires? | EDC
https://www.edc.ca/fr/weekly-commentary/global-shipping-stays-upright.html,OK,Indexable,Le transport maritime mondial tient le cap | Exportation et développement Canada
https://www.edc.ca/fr/weekly-commentary/global-slowdown-high-stakes-game.html,OK,Indexable,Le ralentissement : un enjeu de taille | EDC
https://www.edc.ca/fr/weekly-commentary/global-tourism-covid-19.html,OK,Indexable,Le tourisme mondial secoué par la COVID-19 | EDC
https://www.edc.ca/fr/weekly-commentary/global-trade-covid-19.html,OK,Indexable,Remontée du commerce malgré la COVID-19? | EDC
https://www.edc.ca/fr/weekly-commentary/global-trade-policy-2020.html,OK,Indexable,2020 : la fin de la pause dans la sphère des politiques commerciales? | EDC
https://www.edc.ca/fr/weekly-commentary/globalization-economic-benefits.html,OK,Indexable,La mondialisation est-elle à un tournant décisif? | EDC
https://www.edc.ca/fr/weekly-commentary/go-for-the-growth.html,OK,Indexable,Croissance : en avant toute! | EDC
https://www.edc.ca/fr/weekly-commentary/growing-trade-in-services-sector.html,OK,Indexable,Croissance des exportations et du commerce dans l'industrie des services
https://www.edc.ca/fr/weekly-commentary/impact-of-rising-interest-rates.html,OK,Indexable,"L'impact de la hausse des taux d'intérêt sur la croissance, la dette et les monnaies"
https://www.edc.ca/fr/weekly-commentary/india-economic-growth.html,OK,Indexable,L’Inde court-elle un risque? | EDC
https://www.edc.ca/fr/weekly-commentary/industry-impact-covid-19.html,OK,Indexable,Pandémie : certains secteurs restent submergés | EDC
https://www.edc.ca/fr/weekly-commentary/inflation-fall-2021.html,OK,Indexable,L’automne refroidira-t-il l’inflation de l’été? | EDC
https://www.edc.ca/fr/weekly-commentary/inflation-fears-risk-to-growth.html,OK,Indexable,"Les craintes inflationnistes, un risque pour la croissance? | EDC"
https://www.edc.ca/fr/weekly-commentary/inflation-prices-rising.html,OK,Indexable,"Inflation : forte, faible ou préoccupante ?"
https://www.edc.ca/fr/weekly-commentary/inflation-spike.html,OK,Indexable,Prudence… l’inflation est de retour? | Exportation et développement Canada
https://www.edc.ca/fr/weekly-commentary/instability-triggers-in-plain-sight.html,OK,Indexable,Les séquelles du millénaire | EDC
https://www.edc.ca/fr/weekly-commentary/interest-rate-reversal.html,OK,Indexable,Un renversement des taux d’intérêt? | EDC
https://www.edc.ca/fr/weekly-commentary/interest-rates-on-hold.html,OK,Indexable,Les taux d’intérêt mis en veilleuse | EDC
https://www.edc.ca/fr/weekly-commentary/international-trade-comeback.html,OK,Indexable,Retour en force du commerce international ?
https://www.edc.ca/fr/weekly-commentary/investment-steps-up.html,OK,Indexable,Regain de l’investissement commercial | EDC
https://www.edc.ca/fr/weekly-commentary/investments-opportunities-from-global-recovery.html,OK,Indexable,"Reprise mondiale : nouveaux investissements, nouvelles opportunités"
https://www.edc.ca/fr/weekly-commentary/is-trade-diversification-worth-it.html,OK,Indexable,La diversification du commerce : le jeu en vaut-il la chandelle? | EDC
https://www.edc.ca/fr/weekly-commentary/job-market-heats-up.html,OK,Indexable,Le marché de l’emploi gagne en vigueur | EDC
https://www.edc.ca/fr/weekly-commentary/labour-shortage-impacts-competitiveness.html,OK,Indexable,Que la main-d’œuvre soit avec vous | EDC
https://www.edc.ca/fr/weekly-commentary/latin-america-shifting-politics.html,OK,Indexable,Nouvelle « marée rose » en Amérique latine | EDC
https://www.edc.ca/fr/weekly-commentary/less-visible-victims-of-war.html,OK,Indexable,Les victimes moins apparentes de la guerre | EDC
https://www.edc.ca/fr/weekly-commentary/making-sense-of-trade-uncertainty.html,OK,Indexable,Donner un sens à l'incertitude | EDC
https://www.edc.ca/fr/weekly-commentary/managing-the-mayhem.html,OK,Indexable,Composer avec la tourmente | EDC
https://www.edc.ca/fr/weekly-commentary/may-the-votes-be-with-you.html,OK,Indexable,Que la « force électorale » soit avec vous | EDC
https://www.edc.ca/fr/weekly-commentary/metal-prices-in-upswing.html,OK,Indexable,Le prix des métaux enfin en hausse
https://www.edc.ca/fr/weekly-commentary/mexican-moment.html,OK,Indexable,Ma visite au Mexique | Exportation et développement Canada
https://www.edc.ca/fr/weekly-commentary/mexico-next-move.html,OK,Indexable,La prochaine décision du Mexique | EDC
https://www.edc.ca/fr/weekly-commentary/monetary-policy-tightrope.html,OK,Indexable,Politique monétaire : un exercice délicat  | EDC
https://www.edc.ca/fr/weekly-commentary/navigating-oil-market.html,OK,Indexable,Soubresauts du marché pétrolier : la combinaison anti-g toujours de mise? | EDC
https://www.edc.ca/fr/weekly-commentary/next-wave-of-jobs.html,OK,Indexable,La prochaine vague d’emplois | EDC
https://www.edc.ca/fr/weekly-commentary/no-jet-setting-right-now.html,OK,Indexable,"Des transports limités, pour le moment | EDC"
https://www.edc.ca/fr/weekly-commentary/oil-gas-covid-19.html,OK,Indexable,Le secteur pétrolier face à la COVID-19 | EDC
https://www.edc.ca/fr/weekly-commentary/organic-food-sector.html,OK,Indexable,Aliments bio : un secteur florissant en pleine expansion | EDC
https://www.edc.ca/fr/weekly-commentary/paradox-of-shift.html,OK,Indexable,Le paradoxe du changement | EDC
https://www.edc.ca/fr/weekly-commentary/peter-hall-retires-from-edc.html,OK,Indexable,J’en ai vu des choses ! | EDC
https://www.edc.ca/fr/weekly-commentary/plunging-infections-success-another-wave.html,OK,Indexable,Recul des cas de COVID-19 : amélioration ou nouvelle vague? | EDC
https://www.edc.ca/fr/weekly-commentary/populism.html,OK,Indexable,Le populisme en perte de vitesse? | EDC
https://www.edc.ca/fr/weekly-commentary/post-pandemic-spending-splurge.html,OK,Indexable,Frénésie d’achats postpandémie | EDC
https://www.edc.ca/fr/weekly-commentary/preconditions-trends-for-global-investment.html,OK,Indexable,Investissements mondiaux : conditions préalables et tendances
https://www.edc.ca/fr/weekly-commentary/price-pressures-accelerating-canada.html,OK,Indexable,Tensions sur les prix dans le monde postpandémie | EDC
https://www.edc.ca/fr/weekly-commentary/rate-hikes-concern.html,OK,Indexable,La remontée des taux : une autre préoccupation | EDC
https://www.edc.ca/fr/weekly-commentary/rcep-trade-deal-significance.html,OK,Indexable,PERG : un accord majeur en Asie-Pacifique | EDC
https://www.edc.ca/fr/weekly-commentary/reshoring-revitalization-american-manufacturing.html,OK,Indexable,La crise est mère de la transformation | EDC
https://www.edc.ca/fr/weekly-commentary/rising-geopolitical-risks.html,OK,Indexable,L’incontournable risque géopolitique | EDC
https://www.edc.ca/fr/weekly-commentary/rising-uncertainty-tale-of-divergence.html,OK,Indexable,Risques mondiaux : un portrait contrasté | EDC
https://www.edc.ca/fr/weekly-commentary/risk-friend-or-foe.html,OK,Indexable,Le risque : allié ou ennemi? | EDC
https://www.edc.ca/fr/weekly-commentary/rocky-global-economic-outlook.html,OK,Indexable,Perspectives mondiales : Une relance semée d’embûches | EDC
https://www.edc.ca/fr/weekly-commentary/running-hot.html,OK,Indexable,En effervescence | EDC
https://www.edc.ca/fr/weekly-commentary/sectors-in-focus-commentary.html,OK,Indexable,Les agriculteurs (canadiens) en renfort | EDC
https://www.edc.ca/fr/weekly-commentary/shipping-bustling-again.html,OK,Indexable,Le transport maritime de nouveau très actif | EDC
https://www.edc.ca/fr/weekly-commentary/shortage-shipping-containers-critical-concern.html,OK,Indexable,La pénurie de conteneurs soulève une vive inquiétude | EDC
https://www.edc.ca/fr/weekly-commentary/soaring-lumber-prices-pandemic.html,OK,Indexable,Prix du bois : une flambée déconcertante | EDC
https://www.edc.ca/fr/weekly-commentary/spiking-covid-19-cases.html,OK,Indexable,La résurgence des cas de COVID-19 menace la relance économique canadienne | EDC
https://www.edc.ca/fr/weekly-commentary/strong-economic-growth-ahead.html,OK,Indexable,Les perspectives économiques : plus forte que l’on pense! | EDC
https://www.edc.ca/fr/weekly-commentary/supply-chain-disruption.html,OK,Indexable,La fin de la mondialisation (encore)? | EDC
https://www.edc.ca/fr/weekly-commentary/supply-chain-vulnerabilities.html,OK,Indexable,Un autre article sur les chaînes d’approvisionnement!?  | EDC
https://www.edc.ca/fr/weekly-commentary/surge-in-trade-confidence-short-lived.html,OK,Indexable,Confiance commerciale : un regain de courte durée | EDC
https://www.edc.ca/fr/weekly-commentary/surprise-of-the-decade.html,OK,Indexable,La surprise de la décennie | EDC
https://www.edc.ca/fr/weekly-commentary/surprise-of-the-year-2018.html,OK,Indexable,La surprise de l’année | Exportation et développement Canada
https://www.edc.ca/fr/weekly-commentary/surprise-of-the-year.html,OK,Indexable,Surprise de l’année : un pacte renforcé | EDC
https://www.edc.ca/fr/weekly-commentary/tame-inflation-numbers.html,OK,Indexable,Pourquoi les prix sont-ils si modérés? | EDC
https://www.edc.ca/fr/weekly-commentary/technology-growth-post-pandemic.html,OK,Indexable,La main-d’œuvre et la technologie dans l’après-pandémie | EDC
https://www.edc.ca/fr/weekly-commentary/the-canada-australia-connection.html,OK,Indexable,Le lien Canada-Australie | EDC
https://www.edc.ca/fr/weekly-commentary/the-cusma-clock-is-ticking.html,OK,Indexable,Le temps presse pour l’ACEUM | EDC
https://www.edc.ca/fr/weekly-commentary/the-disease-of-dis-ease.html,OK,Indexable,Un mal né d’un malaise? | EDC
https://www.edc.ca/fr/weekly-commentary/the-end-of-easy-money.html,OK,Indexable,La fin de l’argent facile | EDC
https://www.edc.ca/fr/weekly-commentary/the-heart-of-the-matter.html,OK,Indexable,Le cœur du problème? | EDC
https://www.edc.ca/fr/weekly-commentary/the-luddite-revival.html,OK,Indexable,Méfions-nous de la relance aux allures luddites | EDC
https://www.edc.ca/fr/weekly-commentary/the-us-consumer-boom.html,OK,Indexable,Explosion de la consommation aux É.-U. | EDC
https://www.edc.ca/fr/weekly-commentary/tight-job-market-worsens.html,OK,Indexable,Emploi : le marché serré contrarie les employeurs | EDC
https://www.edc.ca/fr/weekly-commentary/tight-labour-conditions.html,OK,Indexable,Où sont donc passés les travailleurs? | EDC
https://www.edc.ca/fr/weekly-commentary/tight-labour-market.html,OK,Indexable,Pandémie et pénurie de main-d’œuvre | EDC
https://www.edc.ca/fr/weekly-commentary/tighter-times-global-economic-outlook.html,OK,Indexable,Perspectives économiques mondiales d’EDC : L’heure du resserrement | EDC
https://www.edc.ca/fr/weekly-commentary/time-to-expand-into-emerging-markets.html,OK,Indexable,Moment de mettre le cap sur le monde émergent | EDC
https://www.edc.ca/fr/weekly-commentary/todays-data-agency-is-you.html,OK,Indexable,"Aujourd’hui, le fournisseur de données, c’est vous! | EDC"
https://www.edc.ca/fr/weekly-commentary/top-10-risks-covid-19.html,OK,Indexable,Les Dix risques mondiaux à l’ère de la COVID-19 | EDC
https://www.edc.ca/fr/weekly-commentary/top-economic-issues-for-fall.html,OK,Indexable,Sujets de l’heure de l’automne 2021 | EDC
https://www.edc.ca/fr/weekly-commentary/tourism-trade-war-victim.html,OK,Indexable,"Le tourisme, victime de la guerre commerciale? | EDC"
https://www.edc.ca/fr/weekly-commentary/tracking-covid-19-economy.html,OK,Indexable,Suivre l’évolution de l’économie à l’ère de la COVID-19 | EDC
https://www.edc.ca/fr/weekly-commentary/trade-confidence-holding-ground.html,OK,Indexable,La confiance commerciale au beau fixe au Canada
https://www.edc.ca/fr/weekly-commentary/trade-confidence-index-2020.html,OK,Indexable,La confiance des exportateurs canadiens recule à un creux historique | EDC
https://www.edc.ca/fr/weekly-commentary/trade-confidence-powers-on.html,OK,Indexable,La confiance commerciale au vert | EDC
https://www.edc.ca/fr/weekly-commentary/trade-consumer-confidence-paradox.html,OK,Indexable,Le paradoxe de la confiance - EDC
https://www.edc.ca/fr/weekly-commentary/trade-diversification-importance.html,OK,Indexable,Canada : la croissance passe par la diversification | EDC
https://www.edc.ca/fr/weekly-commentary/trade-spats-one-sided.html,OK,Indexable,Les désaccords commerciaux de l’heure : un débat à sens unique? | EDC
https://www.edc.ca/fr/weekly-commentary/turning-the-page-to-2021.html,OK,Indexable,2021 : une nouvelle page s'ouvre | EDC
https://www.edc.ca/fr/weekly-commentary/two-speed-growth-global-economy.html,OK,Indexable,Une économie mondiale à deux vitesses | EDC
https://www.edc.ca/fr/weekly-commentary/ukraine-conflict-increases-country-risk.html,OK,Indexable,Conflit en Ukraine : un retentissement mondial | EDC
https://www.edc.ca/fr/weekly-commentary/uncertainty-at-all-time-high.html,OK,Indexable,L’incertitude a atteint un pic historique? | EDC
https://www.edc.ca/fr/weekly-commentary/upsurge-of-investment.html,OK,Indexable,Poussée de l’investissement | EDC
https://www.edc.ca/fr/weekly-commentary/us-covid-stimulus-plan-surge.html,OK,Indexable,Plan de relance américain et vague de la croissance | EDC
https://www.edc.ca/fr/weekly-commentary/us-economic-outlook-strong.html,OK,Indexable,É.-U. : des perspectives exceptionnelles en 2021 | EDC
https://www.edc.ca/fr/weekly-commentary/us-housing-sign-global-revival.html,OK,Indexable,Marché américain du logement : le signe d'un regain mondial? | EDC
https://www.edc.ca/fr/weekly-commentary/us-labour-return-of-the-lost.html,OK,Indexable,Marché du travail américain : des emplois retrouvés | EDC
https://www.edc.ca/fr/weekly-commentary/value-of-business-economics.html,OK,Indexable,Une renaissance de l’économie d’entreprise? | EDC
https://www.edc.ca/fr/weekly-commentary/weak-demographics-slower-growth.html,OK,Indexable,Démographie chancelante rime-t-elle avec croissance plus lente? | EDC
https://www.edc.ca/fr/weekly-commentary/weak-global-economic-growth.html,OK,Indexable,Accrochez-vous : le parcours sera difficile | EDC
https://www.edc.ca/fr/weekly-commentary/weak-global-export-forecast.html,OK,Indexable,Vol à basse altitude | EDC
https://www.edc.ca/fr/weekly-commentary/what-happened-in-2018-and-what-can-we-learn-for-2019.html,OK,Indexable,Quel bilan tiré de 2018 et quelles leçons nous serviront en 2019? | EDC
https://www.edc.ca/fr/weekly-commentary/what-s-the-new-model-edc.html,OK,Indexable,Quel est le nouveau modèle? | EDC
https://www.edc.ca/fr/weekly-commentary/whats-logic-got-to-do-with-it.html,OK,Indexable,Et la logique dans tout ça? | EDC
https://www.edc.ca/fr/weekly-commentary/whats-up-with-global-shipping.html,OK,Indexable,Que nous disent les expéditions mondiales? | EDC
https://www.edc.ca/fr/weekly-commentary/whos-my-neighbour.html,OK,Indexable,Qui sont mes voisins? | EDC
https://www.edc.ca/fr/weekly-commentary/will-robots-rule-the-roost.html,OK,Indexable,Les robots régneront-ils en maîtres? | EDC
https://www.edc.ca/fr/weekly-commentary/will-the-us-china-trade-tiff-end-well.html,OK,Indexable,Une fin heureuse à la dispute É.-U.-Chine? | EDC
https://www.edc.ca/fr/weekly-commentary/yearning-return-to-normal.html,OK,Indexable,Retour à la normalité | EDC
https://www.edc.ca/fr/weekly-commentary/yield-curve-inversion.html,OK,Indexable,Yield curve | EDC
https://www.edc.ca/fr/who-we-support.html,OK,Indexable,Qui nous soutenons | EDC
https://www.edc.ca/fr/who-we-support/sectors.html,Found,Non-Indexable,
https://www.edc.ca/fr/who-we-support/sectors/agri-food.html,OK,Indexable,Soutien aux exportateurs agroalimentaires canadiens | EDC
https://www.edc.ca/fr/who-we-support/sectors/cleantech.html,OK,Indexable,Soutien aux exportateurs canadiens de technologies propres | EDC
https://www.edc.ca/fr/who-we-support/sectors/defence-and-security.html,OK,Indexable,Soutien au secteur de la défense et de la sécurité | EDC
https://www.edc.ca/fr/who-we-support/sectors/energy.html,OK,Indexable,Soutien au secteur énergétique canadien | EDC